date,bdi,bci,bpi,bsi,bhsi
1985-01-04,1000,3525,2793,2193,1693
1985-01-05,1000,3493,2794,2197,1689
1985-01-06,1000,3532,2894,2240,1725
1985-01-07,998,3569,2832,2198,1696
1985-01-08,996,3474,2752,2178,1661
1985-01-09,994,3467,2787,2204,1694
1985-01-10,980,3509,2731,2188,1669
1985-01-11,980,3468,2739,2165,1657
1985-01-12,980,3407,2695,2177,1671
1985-01-13,980,3457,2728,2152,1665
1985-01-14,974,3386,2800,2140,1668
1985-01-15,973,3382,2748,2144,1666
1985-01-16,979,3439,2642,2131,1672
1985-01-17,984,3348,2804,2148,1647
1985-01-18,984,3358,2799,2206,1715
1985-01-19,984,3416,2741,2225,1642
1985-01-20,984,3393,2784,2213,1670
1985-01-21,976,3432,2698,2108,1637
1985-01-22,976,3371,2714,2105,1667
1985-01-23,977,3349,2796,2114,1664
1985-01-24,975,3486,2719,2149,1654
1985-01-25,972,3391,2647,2054,1683
1985-01-26,972,3405,2719,2121,1675
1985-01-27,972,3331,2718,2181,1646
1985-01-28,970,3368,2764,2163,1665
1985-01-29,972,3408,2722,2123,1684
1985-01-30,973,3348,2708,2128,1676
1985-01-31,972,3421,2763,2155,1650
1985-02-01,974,3379,2732,2171,1624
1985-02-02,974,3394,2697,2127,1662
1985-02-03,974,3379,2773,2136,1669
1985-02-04,974,3502,2735,2126,1640
1985-02-05,972,3401,2722,2098,1653
1985-02-06,970,3342,2723,2127,1647
1985-02-07,969,3433,2670,2123,1675
1985-02-08,966,3320,2684,2087,1679
1985-02-09,966,3391,2705,2145,1666
1985-02-10,966,3283,2697,2140,1640
1985-02-11,967,3318,2758,2148,1667
1985-02-12,966,3391,2713,2102,1655
1985-02-13,966,3418,2739,2066,1641
1985-02-14,966,3390,2705,2139,1684
1985-02-15,974,3403,2769,2123,1641
1985-02-16,974,3394,2743,2116,1668
1985-02-17,974,3335,2728,2105,1673
1985-02-18,973,3370,2724,2132,1648
1985-02-19,972,3379,2683,2186,1664
1985-02-20,974,3462,2747,2128,1675
1985-02-21,976,3433,2731,2115,1664
1985-02-22,984,3356,2735,2184,1682
1985-02-23,984,3460,2799,2170,1675
1985-02-24,984,3425,2705,2101,1689
1985-02-25,985,3414,2741,2187,1670
1985-02-26,986,3482,2802,2233,1670
1985-02-27,986,3503,2773,2091,1677
1985-02-28,984,3491,2753,2128,1696
1985-03-01,984,3402,2765,2079,1638
1985-03-02,984,3429,2762,2163,1655
1985-03-03,984,3461,2695,2195,1718
1985-03-04,982,3486,2736,2164,1675
1985-03-05,980,3406,2809,2198,1658
1985-03-06,987,3445,2737,2196,1694
1985-03-07,990,3410,2759,2229,1667
1985-03-08,988,3398,2745,2208,1638
1985-03-09,988,3499,2763,2162,1687
1985-03-10,988,3526,2743,2176,1665
1985-03-11,992,3468,2797,2156,1688
1985-03-12,990,3515,2780,2171,1690
1985-03-13,992,3490,2809,2184,1689
1985-03-14,990,3433,2730,2175,1649
1985-03-15,994,3497,2770,2227,1690
1985-03-16,994,3556,2774,2177,1699
1985-03-17,994,3477,2801,2159,1662
1985-03-18,1000,3578,2768,2174,1670
1985-03-19,1002,3376,2842,2224,1682
1985-03-20,1000,3541,2847,2158,1715
1985-03-21,1000,3504,2760,2194,1660
1985-03-22,998,3478,2775,2235,1713
1985-03-23,998,3498,2773,2204,1704
1985-03-24,998,3394,2900,2193,1691
1985-03-25,996,3475,2772,2190,1664
1985-03-26,998,3511,2862,2165,1681
1985-03-27,997,3563,2741,2168,1711
1985-03-28,1008,3502,2783,2212,1739
1985-03-29,1016,3516,2817,2243,1707
1985-03-30,1016,3531,2811,2264,1750
1985-03-31,1016,3602,2834,2238,1741
1985-04-01,1018,3579,2822,2280,1730
1985-04-02,1020,3544,2823,2292,1719
1985-04-03,1026,3617,2919,2281,1733
1985-04-04,1026,3596,2922,2294,1781
1985-04-05,1026,3639,2911,2227,1748
1985-04-06,1026,3556,2894,2223,1771
1985-04-07,1026,3575,2877,2273,1749
1985-04-08,1026,3571,2853,2217,1735
1985-04-09,1022,3504,2823,2240,1749
1985-04-10,1022,3592,2876,2272,1781
1985-04-11,1024,3597,2820,2295,1728
1985-04-12,1028,3598,2839,2254,1766
1985-04-13,1028,3586,2925,2242,1751
1985-04-14,1028,3527,2954,2271,1719
1985-04-15,1064,3703,2995,2309,1779
1985-04-16,1064,3707,3023,2336,1800
1985-04-17,1058,3663,2953,2327,1806
1985-04-18,1056,3688,2903,2322,1813
1985-04-19,1059,3727,2990,2332,1769
1985-04-20,1059,3801,2988,2305,1813
1985-04-21,1059,3715,2968,2308,1798
1985-04-22,1062,3730,2964,2314,1805
1985-04-23,1062,3713,3012,2288,1817
1985-04-24,1058,3607,2923,2338,1834
1985-04-25,1058,3702,2931,2354,1805
1985-04-26,1057,3703,2919,2349,1770
1985-04-27,1057,3823,2963,2318,1793
1985-04-28,1057,3690,2916,2301,1814
1985-04-29,1059,3722,2938,2352,1818
1985-04-30,1063,3719,2948,2358,1820
1985-05-01,1062,3659,2963,2343,1795
1985-05-02,1058,3760,2903,2380,1771
1985-05-03,1058,3741,2966,2327,1810
1985-05-04,1058,3743,3012,2320,1774
1985-05-05,1058,3658,2968,2316,1812
1985-05-06,1058,3773,3024,2281,1812
1985-05-07,1056,3626,3010,2343,1786
1985-05-08,1056,3725,2988,2320,1793
1985-05-09,1053,3795,2951,2332,1794
1985-05-10,1032,3562,2891,2326,1742
1985-05-11,1032,3584,2920,2259,1727
1985-05-12,1032,3617,2874,2200,1754
1985-05-13,1024,3559,2792,2267,1742
1985-05-14,1018,3485,2870,2245,1758
1985-05-15,1010,3538,2783,2200,1701
1985-05-16,1000,3447,2762,2212,1721
1985-05-17,990,3489,2772,2202,1660
1985-05-18,990,3419,2768,2150,1656
1985-05-19,990,3542,2716,2169,1677
1985-05-20,990,3426,2779,2222,1664
1985-05-21,984,3428,2794,2143,1646
1985-05-22,979,3467,2696,2156,1703
1985-05-23,974,3347,2778,2064,1647
1985-05-24,968,3399,2648,2085,1692
1985-05-25,968,3453,2795,2134,1626
1985-05-26,968,3308,2694,2166,1611
1985-05-27,968,3397,2716,2089,1671
1985-05-28,954,3352,2596,2101,1607
1985-05-29,950,3364,2658,2079,1618
1985-05-30,942,3235,2647,2101,1574
1985-05-31,932,3196,2606,2014,1584
1985-06-01,932,3288,2587,2063,1557
1985-06-02,932,3277,2572,2031,1583
1985-06-03,931,3271,2652,2055,1573
1985-06-04,930,3272,2605,2048,1586
1985-06-05,931,3224,2668,2041,1595
1985-06-06,932,3274,2589,2065,1589
1985-06-07,930,3270,2587,2047,1590
1985-06-08,930,3219,2637,2042,1579
1985-06-09,930,3348,2539,2035,1572
1985-06-10,926,3265,2544,2040,1584
1985-06-11,922,3167,2625,2035,1565
1985-06-12,919,3249,2526,1992,1561
1985-06-13,917,3161,2495,2007,1567
1985-06-14,926,3280,2668,2006,1554
1985-06-15,926,3299,2537,2036,1603
1985-06-16,926,3200,2600,2019,1569
1985-06-17,928,3296,2601,2065,1580
1985-06-18,925,3258,2478,2055,1572
1985-06-19,918,3254,2560,1992,1574
1985-06-20,911,3283,2569,2004,1555
1985-06-21,896,3124,2523,1990,1522
1985-06-22,896,3098,2545,1966,1552
1985-06-23,896,3092,2493,1949,1459
1985-06-24,892,3081,2526,1930,1541
1985-06-25,891,3115,2467,1986,1533
1985-06-26,890,3132,2436,1985,1476
1985-06-27,884,3108,2423,1939,1521
1985-06-28,872,3093,2383,1941,1504
1985-06-29,872,3053,2482,1829,1494
1985-06-30,872,3125,2381,1958,1451
1985-07-01,864,3011,2430,1896,1482
1985-07-02,854,3125,2381,1883,1472
1985-07-03,838,2964,2342,1834,1413
1985-07-04,818,2820,2345,1841,1399
1985-07-05,807,2771,2242,1744,1365
1985-07-06,807,2849,2284,1820,1390
1985-07-07,807,2813,2261,1787,1366
1985-07-08,803,2846,2242,1785,1353
1985-07-09,801,2827,2335,1752,1361
1985-07-10,792,2768,2160,1703,1320
1985-07-11,792,2730,2269,1770,1344
1985-07-12,784,2668,2221,1734,1340
1985-07-13,784,2722,2176,1766,1350
1985-07-14,784,2787,2260,1719,1338
1985-07-15,776,2727,2099,1695,1291
1985-07-16,773,2643,2144,1742,1341
1985-07-17,770,2704,2108,1751,1338
1985-07-18,764,2693,2156,1681,1301
1985-07-19,764,2630,2095,1658,1284
1985-07-20,764,2682,2157,1705,1288
1985-07-21,764,2677,2132,1673,1295
1985-07-22,760,2603,2109,1690,1298
1985-07-23,760,2678,2144,1664,1286
1985-07-24,754,2667,2100,1706,1265
1985-07-25,748,2672,2051,1625,1292
1985-07-26,746,2664,2201,1656,1273
1985-07-27,746,2542,2069,1627,1247
1985-07-28,746,2564,2000,1633,1274
1985-07-29,732,2588,2016,1598,1248
1985-07-30,728,2574,1988,1624,1223
1985-07-31,726,2567,2066,1625,1258
1985-08-01,718,2706,2023,1596,1223
1985-08-02,716,2535,2021,1572,1213
1985-08-03,716,2563,1990,1579,1216
1985-08-04,716,2554,1994,1602,1226
1985-08-05,716,2539,1990,1603,1216
1985-08-06,714,2483,1996,1490,1212
1985-08-07,712,2530,2027,1558,1232
1985-08-08,713,2457,2010,1562,1184
1985-08-09,716,2494,2025,1595,1192
1985-08-10,716,2482,2025,1573,1233
1985-08-11,716,2510,2040,1597,1266
1985-08-12,717,2625,2019,1545,1236
1985-08-13,718,2420,2025,1587,1258
1985-08-14,718,2547,2058,1607,1212
1985-08-15,724,2453,2001,1549,1218
1985-08-16,726,2517,1999,1673,1243
1985-08-17,726,2595,1985,1633,1253
1985-08-18,726,2544,2040,1597,1208
1985-08-19,726,2487,1959,1572,1230
1985-08-20,730,2519,2062,1601,1240
1985-08-21,732,2596,2045,1613,1231
1985-08-22,736,2539,2106,1632,1240
1985-08-23,740,2601,2045,1673,1275
1985-08-24,740,2592,2064,1614,1267
1985-08-25,740,2557,2117,1645,1274
1985-08-26,740,2697,2127,1589,1265
1985-08-27,742,2629,2050,1620,1244
1985-08-28,740,2489,2079,1639,1266
1985-08-29,739,2596,2081,1647,1237
1985-08-30,738,2550,2081,1601,1248
1985-08-31,738,2626,2056,1610,1234
1985-09-01,738,2543,2118,1667,1242
1985-09-02,738,2577,1991,1658,1256
1985-09-03,740,2615,2055,1634,1249
1985-09-04,740,2633,2090,1561,1240
1985-09-05,737,2519,2082,1697,1276
1985-09-06,735,2556,2112,1616,1247
1985-09-07,735,2549,2106,1608,1239
1985-09-08,735,2540,2047,1601,1228
1985-09-09,736,2664,2113,1630,1214
1985-09-10,740,2610,2043,1640,1254
1985-09-11,747,2551,2129,1672,1242
1985-09-12,755,2688,2186,1633,1298
1985-09-13,760,2766,2177,1663,1293
1985-09-14,760,2712,2132,1733,1323
1985-09-15,760,2584,2115,1679,1296
1985-09-16,760,2636,2067,1667,1277
1985-09-17,760,2723,2140,1644,1254
1985-09-18,765,2642,2097,1698,1317
1985-09-19,779,2749,2149,1745,1298
1985-09-20,806,2860,2209,1799,1362
1985-09-21,806,2775,2238,1765,1404
1985-09-22,806,2818,2256,1784,1382
1985-09-23,820,2708,2307,1854,1402
1985-09-24,826,2840,2289,1849,1423
1985-09-25,840,2927,2395,1824,1446
1985-09-26,866,2969,2416,1829,1504
1985-09-27,883,3172,2441,1952,1489
1985-09-28,883,3019,2481,1967,1494
1985-09-29,883,3068,2551,1910,1483
1985-09-30,894,3136,2517,1967,1519
1985-10-01,906,3243,2522,1985,1538
1985-10-02,906,3099,2476,1996,1505
1985-10-03,903,3219,2520,1970,1522
1985-10-04,886,3102,2490,1988,1535
1985-10-05,886,3052,2465,1954,1511
1985-10-06,886,3124,2414,1923,1521
1985-10-07,884,3104,2441,1972,1500
1985-10-08,883,3060,2531,1905,1463
1985-10-09,868,3041,2488,1948,1473
1985-10-10,869,3022,2398,1942,1498
1985-10-11,872,3058,2469,1960,1459
1985-10-12,872,3085,2394,1914,1497
1985-10-13,872,3131,2498,1904,1448
1985-10-14,884,3032,2485,1947,1503
1985-10-15,888,3215,2524,1951,1520
1985-10-16,888,3010,2418,1934,1503
1985-10-17,891,3111,2522,1944,1564
1985-10-18,896,3165,2508,1960,1513
1985-10-19,896,3150,2543,1936,1512
1985-10-20,896,3105,2545,1992,1527
1985-10-21,897,3129,2514,1972,1510
1985-10-22,898,3118,2490,1966,1498
1985-10-23,898,3114,2546,1942,1505
1985-10-24,903,3203,2526,1952,1550
1985-10-25,902,3175,2491,2042,1527
1985-10-26,902,3122,2489,1966,1567
1985-10-27,902,3202,2467,2003,1525
1985-10-28,902,3172,2505,1989,1548
1985-10-29,902,3198,2570,1901,1544
1985-10-30,904,3195,2538,2043,1528
1985-10-31,905,3126,2513,2012,1521
1985-11-01,906,3143,2569,1970,1506
1985-11-02,906,3208,2504,1992,1551
1985-11-03,906,3202,2541,1959,1564
1985-11-04,910,3184,2541,2057,1515
1985-11-05,914,3205,2590,1984,1546
1985-11-06,914,3263,2496,1995,1540
1985-11-07,911,3159,2517,1982,1560
1985-11-08,910,3212,2482,2004,1540
1985-11-09,910,3175,2538,2043,1573
1985-11-10,910,3174,2596,2056,1539
1985-11-11,898,3198,2494,1964,1502
1985-11-12,894,3170,2483,1978,1510
1985-11-13,892,3163,2532,1965,1509
1985-11-14,891,3184,2538,1931,1525
1985-11-15,890,3116,2488,2031,1506
1985-11-16,890,3149,2519,1999,1522
1985-11-17,890,3099,2449,1964,1497
1985-11-18,892,3138,2553,2010,1511
1985-11-19,895,3126,2592,2005,1506
1985-11-20,904,3169,2552,1991,1520
1985-11-21,903,3190,2445,1996,1561
1985-11-22,902,3116,2503,2030,1519
1985-11-23,902,3262,2550,1956,1526
1985-11-24,902,3107,2509,2035,1554
1985-11-25,902,3096,2576,1978,1548
1985-11-26,901,3211,2546,2028,1565
1985-11-27,900,3190,2492,1980,1540
1985-11-28,912,3223,2555,2017,1538
1985-11-29,915,3234,2526,2012,1597
1985-11-30,915,3202,2555,1997,1567
1985-12-01,915,3158,2540,2005,1552
1985-12-02,916,3210,2612,2057,1558
1985-12-03,920,3186,2661,1955,1568
1985-12-04,920,3269,2519,1987,1559
1985-12-05,922,3220,2505,2007,1540
1985-12-06,920,3179,2566,1992,1597
1985-12-07,920,3204,2515,2069,1564
1985-12-08,920,3241,2578,2062,1568
1985-12-09,918,3185,2600,2037,1602
1985-12-10,918,3172,2630,2000,1547
1985-12-11,916,3218,2573,2055,1570
1985-12-12,910,3197,2540,1954,1531
1985-12-13,907,3149,2460,2060,1548
1985-12-14,907,3151,2541,1975,1546
1985-12-15,907,3186,2542,1988,1558
1985-12-16,902,3085,2551,1972,1558
1985-12-17,900,3080,2492,1948,1518
1985-12-18,897,3104,2494,2031,1553
1985-12-19,895,3122,2447,1993,1551
1985-12-20,894,3145,2412,2003,1515
1985-12-21,894,3203,2459,1930,1520
1985-12-22,894,3172,2440,1972,1510
1985-12-23,894,3121,2517,1982,1514
1985-12-24,894,3128,2482,1975,1496
1985-12-25,894,3079,2482,1932,1535
1985-12-26,894,3128,2464,1999,1479
1985-12-27,894,3115,2374,1970,1506
1985-12-28,894,3145,2564,1938,1519
1985-12-29,894,3088,2463,1911,1546
1985-12-30,896,3162,2492,1989,1512
1985-12-31,898,3220,2456,2049,1535
1986-01-01,898,3138,2553,1945,1525
1986-01-02,898,3163,2520,1981,1546
1986-01-03,898,3178,2481,2009,1534
1986-01-04,898,3123,2499,1938,1543
1986-01-05,898,3154,2582,1961,1516
1986-01-06,904,3165,2528,1963,1517
1986-01-07,902,3162,2518,2014,1541
1986-01-08,906,3132,2499,2033,1530
1986-01-09,914,3200,2483,2016,1554
1986-01-10,920,3245,2570,1999,1570
1986-01-11,920,3293,2589,2011,1589
1986-01-12,920,3268,2620,2005,1580
1986-01-13,918,3321,2480,1990,1547
1986-01-14,917,3171,2523,2014,1536
1986-01-15,912,3236,2530,2024,1585
1986-01-16,909,3191,2545,2015,1514
1986-01-17,906,3280,2531,1993,1531
1986-01-18,906,3131,2532,1995,1553
1986-01-19,906,3129,2553,1991,1573
1986-01-20,908,3148,2506,1959,1540
1986-01-21,904,3058,2569,1994,1537
1986-01-22,894,3103,2521,1949,1502
1986-01-23,892,3084,2485,1922,1519
1986-01-24,887,3112,2548,1963,1485
1986-01-25,887,3122,2546,1933,1493
1986-01-26,887,3198,2521,1958,1523
1986-01-27,883,3138,2352,1968,1492
1986-01-28,869,3013,2496,1883,1496
1986-01-29,846,2916,2401,1864,1435
1986-01-30,836,2951,2421,1785,1394
1986-01-31,831,2842,2376,1874,1436
1986-02-01,831,3000,2390,1787,1386
1986-02-02,831,2967,2362,1813,1401
1986-02-03,828,2875,2372,1862,1404
1986-02-04,821,2788,2379,1799,1416
1986-02-05,812,2910,2282,1750,1370
1986-02-06,799,2791,2174,1779,1340
1986-02-07,796,2848,2217,1772,1356
1986-02-08,796,2706,2244,1732,1349
1986-02-09,796,2756,2232,1735,1344
1986-02-10,796,2786,2179,1738,1358
1986-02-11,789,2764,2144,1730,1317
1986-02-12,786,2728,2171,1672,1302
1986-02-13,784,2775,2228,1719,1376
1986-02-14,780,2677,2247,1770,1328
1986-02-15,780,2723,2221,1689,1329
1986-02-16,780,2736,2226,1698,1310
1986-02-17,770,2721,2153,1658,1327
1986-02-18,768,2724,2081,1708,1295
1986-02-19,761,2607,2113,1710,1238
1986-02-20,753,2559,2098,1692,1269
1986-02-21,749,2685,2077,1610,1268
1986-02-22,749,2638,2099,1663,1270
1986-02-23,749,2584,2115,1691,1269
1986-02-24,742,2675,2112,1648,1249
1986-02-25,739,2592,2058,1640,1241
1986-02-26,738,2642,1990,1609,1249
1986-02-27,737,2583,2044,1628,1220
1986-02-28,737,2683,2065,1658,1214
1986-03-01,737,2667,2113,1631,1255
1986-03-02,737,2567,2041,1584,1255
1986-03-03,734,2618,2076,1601,1265
1986-03-04,733,2598,2064,1649,1241
1986-03-05,736,2644,2063,1629,1227
1986-03-06,739,2538,2106,1629,1218
1986-03-07,739,2621,2043,1609,1238
1986-03-08,739,2639,2046,1661,1265
1986-03-09,739,2499,2069,1676,1285
1986-03-10,741,2534,2049,1668,1261
1986-03-11,742,2495,2098,1676,1237
1986-03-12,742,2584,2049,1622,1244
1986-03-13,746,2647,2098,1626,1251
1986-03-14,744,2679,2079,1632,1257
1986-03-15,744,2608,2092,1638,1287
1986-03-16,744,2685,2065,1680,1289
1986-03-17,744,2535,2070,1672,1261
1986-03-18,746,2526,2093,1657,1272
1986-03-19,748,2615,2102,1603,1256
1986-03-20,746,2630,2089,1591,1234
1986-03-21,744,2602,2151,1644,1301
1986-03-22,744,2501,2044,1663,1218
1986-03-23,744,2600,2081,1634,1228
1986-03-24,742,2532,2015,1690,1297
1986-03-25,740,2623,2087,1596,1258
1986-03-26,736,2594,2016,1583,1229
1986-03-27,734,2522,2044,1595,1261
1986-03-28,734,2543,2040,1594,1263
1986-03-29,734,2516,2066,1631,1221
1986-03-30,734,2566,2033,1602,1237
1986-03-31,734,2617,2031,1568,1265
1986-04-01,732,2513,2107,1637,1228
1986-04-02,732,2587,2061,1558,1250
1986-04-03,731,2532,2024,1576,1271
1986-04-04,728,2508,2028,1553,1190
1986-04-05,728,2543,2104,1608,1231
1986-04-06,728,2496,2029,1607,1243
1986-04-07,723,2503,1997,1648,1193
1986-04-08,714,2439,1972,1598,1203
1986-04-09,705,2566,1952,1594,1219
1986-04-10,702,2459,1942,1553,1179
1986-04-11,696,2401,1898,1502,1154
1986-04-12,696,2447,1904,1535,1206
1986-04-13,696,2430,1916,1549,1192
1986-04-14,689,2400,1953,1537,1170
1986-04-15,684,2425,1900,1491,1161
1986-04-16,681,2421,1899,1513,1178
1986-04-17,682,2360,1960,1472,1165
1986-04-18,685,2369,1970,1476,1177
1986-04-19,685,2384,1907,1474,1151
1986-04-20,685,2282,1893,1508,1126
1986-04-21,686,2325,1886,1474,1179
1986-04-22,680,2448,1932,1483,1178
1986-04-23,676,2448,1885,1514,1145
1986-04-24,674,2347,1872,1452,1164
1986-04-25,667,2363,1835,1452,1127
1986-04-26,667,2350,1837,1470,1132
1986-04-27,667,2488,1880,1475,1169
1986-04-28,664,2380,1807,1446,1123
1986-04-29,659,2300,1885,1473,1113
1986-04-30,658,2255,1821,1465,1081
1986-05-01,658,2223,1836,1482,1132
1986-05-02,654,2299,1778,1436,1098
1986-05-03,654,2251,1831,1423,1115
1986-05-04,654,2218,1818,1418,1105
1986-05-05,654,2257,1829,1448,1103
1986-05-06,654,2235,1890,1427,1109
1986-05-07,654,2373,1838,1422,1111
1986-05-08,654,2333,1799,1425,1135
1986-05-09,656,2296,1808,1423,1146
1986-05-10,656,2370,1861,1449,1128
1986-05-11,656,2300,1889,1401,1141
1986-05-12,659,2263,1856,1459,1137
1986-05-13,658,2379,1870,1468,1128
1986-05-14,661,2340,1875,1437,1153
1986-05-15,669,2290,1930,1529,1111
1986-05-16,668,2328,1792,1470,1122
1986-05-17,668,2294,1897,1423,1119
1986-05-18,668,2269,1910,1461,1130
1986-05-19,664,2370,1806,1463,1143
1986-05-20,664,2419,1824,1474,1106
1986-05-21,665,2258,1828,1455,1141
1986-05-22,664,2352,1830,1430,1117
1986-05-23,664,2291,1840,1428,1122
1986-05-24,664,2300,1869,1441,1133
1986-05-25,664,2294,1894,1444,1162
1986-05-26,664,2281,1902,1427,1115
1986-05-27,662,2319,1820,1434,1124
1986-05-28,664,2282,1825,1481,1107
1986-05-29,665,2341,1915,1512,1116
1986-05-30,665,2325,1888,1486,1109
1986-05-31,665,2316,1865,1502,1135
1986-06-01,665,2282,1881,1492,1139
1986-06-02,663,2292,1855,1484,1141
1986-06-03,662,2355,1875,1446,1110
1986-06-04,662,2342,1840,1461,1136
1986-06-05,661,2265,1862,1442,1126
1986-06-06,664,2329,1799,1454,1128
1986-06-07,664,2362,1832,1463,1104
1986-06-08,664,2241,1832,1482,1132
1986-06-09,665,2355,1847,1476,1134
1986-06-10,664,2291,1822,1456,1131
1986-06-11,660,2339,1827,1454,1130
1986-06-12,658,2265,1782,1461,1132
1986-06-13,654,2199,1853,1459,1090
1986-06-14,654,2208,1828,1393,1107
1986-06-15,654,2291,1763,1406,1122
1986-06-16,650,2288,1787,1463,1100
1986-06-17,650,2230,1833,1428,1124
1986-06-18,648,2300,1793,1413,1103
1986-06-19,646,2178,1781,1413,1059
1986-06-20,639,2233,1786,1398,1103
1986-06-21,639,2176,1803,1423,1084
1986-06-22,639,2204,1732,1373,1051
1986-06-23,637,2232,1806,1402,1078
1986-06-24,636,2183,1749,1407,1056
1986-06-25,620,2151,1735,1376,1069
1986-06-26,592,2122,1656,1309,1006
1986-06-27,586,2022,1620,1305,978
1986-06-28,586,2093,1600,1272,1012
1986-06-29,586,1995,1629,1261,1005
1986-06-30,586,2077,1706,1363,991
1986-07-01,584,2116,1581,1276,968
1986-07-02,585,1924,1706,1281,978
1986-07-03,582,1997,1619,1301,972
1986-07-04,582,2066,1631,1328,1004
1986-07-05,582,2027,1586,1264,956
1986-07-06,582,2056,1599,1250,988
1986-07-07,581,2003,1607,1241,983
1986-07-08,581,2038,1585,1326,1008
1986-07-09,579,2019,1613,1243,989
1986-07-10,576,2074,1597,1266,990
1986-07-11,572,2015,1676,1229,962
1986-07-12,572,2019,1555,1215,948
1986-07-13,572,1981,1606,1250,966
1986-07-14,572,1978,1612,1230,988
1986-07-15,570,1973,1553,1233,984
1986-07-16,572,2022,1629,1319,964
1986-07-17,574,1988,1591,1276,959
1986-07-18,574,2023,1508,1291,955
1986-07-19,574,2113,1634,1288,973
1986-07-20,574,2053,1563,1260,979
1986-07-21,572,1986,1560,1245,1002
1986-07-22,570,2055,1624,1261,971
1986-07-23,569,1971,1579,1257,980
1986-07-24,568,1886,1627,1233,950
1986-07-25,566,1931,1633,1249,963
1986-07-26,566,1887,1559,1224,965
1986-07-27,566,1963,1617,1240,959
1986-07-28,567,1985,1557,1237,963
1986-07-29,559,2040,1655,1192,953
1986-07-30,556,1962,1529,1153,955
1986-07-31,554,1928,1592,1191,965
1986-08-01,556,1987,1591,1277,900
1986-08-02,556,1835,1569,1214,967
1986-08-03,556,1958,1530,1246,911
1986-08-04,554,1978,1545,1155,948
1986-08-05,554,1865,1465,1189,989
1986-08-06,554,1996,1560,1178,941
1986-08-07,555,1959,1568,1215,947
1986-08-08,556,1925,1562,1296,939
1986-08-09,556,1978,1438,1237,959
1986-08-10,556,2060,1506,1274,952
1986-08-11,558,1962,1532,1220,935
1986-08-12,562,1979,1585,1277,953
1986-08-13,568,1965,1602,1312,943
1986-08-14,570,1953,1589,1251,967
1986-08-15,572,2044,1627,1242,964
1986-08-16,572,1959,1561,1219,975
1986-08-17,572,2006,1626,1249,958
1986-08-18,574,1985,1626,1265,972
1986-08-19,576,2040,1628,1328,979
1986-08-20,589,2078,1642,1257,1003
1986-08-21,608,2180,1776,1339,1039
1986-08-22,628,2172,1778,1327,1064
1986-08-23,628,2185,1720,1369,1052
1986-08-24,628,2149,1768,1391,1069
1986-08-25,628,2176,1788,1397,1064
1986-08-26,636,2245,1757,1417,1102
1986-08-27,644,2292,1847,1429,1118
1986-08-28,658,2257,1858,1465,1091
1986-08-29,664,2367,1766,1462,1141
1986-08-30,664,2392,1871,1429,1145
1986-08-31,664,2345,1843,1405,1102
1986-09-01,672,2446,1903,1462,1154
1986-09-02,678,2334,1936,1488,1171
1986-09-03,700,2388,1968,1578,1171
1986-09-04,714,2410,2066,1568,1209
1986-09-05,718,2588,2003,1574,1224
1986-09-06,718,2546,2035,1591,1232
1986-09-07,718,2510,2043,1571,1201
1986-09-08,728,2562,2035,1626,1261
1986-09-09,734,2513,2086,1674,1207
1986-09-10,736,2698,2037,1685,1278
1986-09-11,743,2607,2063,1638,1274
1986-09-12,750,2630,2048,1660,1263
1986-09-13,750,2661,2110,1697,1292
1986-09-14,750,2649,2113,1646,1254
1986-09-15,752,2643,2153,1675,1281
1986-09-16,753,2596,2140,1623,1285
1986-09-17,756,2670,2105,1654,1290
1986-09-18,764,2768,2092,1715,1282
1986-09-19,770,2762,2173,1672,1299
1986-09-20,770,2775,2200,1690,1312
1986-09-21,770,2669,2186,1647,1294
1986-09-22,774,2660,2211,1763,1321
1986-09-23,770,2689,2148,1732,1297
1986-09-24,771,2701,2140,1702,1331
1986-09-25,790,2820,2183,1753,1374
1986-09-26,792,2687,2215,1754,1340
1986-09-27,792,2848,2214,1784,1365
1986-09-28,792,2764,2226,1727,1342
1986-09-29,800,2779,2235,1782,1341
1986-09-30,800,2749,2235,1792,1351
1986-10-01,794,2696,2192,1783,1352
1986-10-02,796,2827,2266,1683,1317
1986-10-03,795,2786,2229,1731,1364
1986-10-04,795,2718,2219,1718,1353
1986-10-05,795,2718,2196,1753,1372
1986-10-06,794,2762,2170,1686,1362
1986-10-07,794,2862,2276,1685,1352
1986-10-08,795,2770,2248,1814,1344
1986-10-09,792,2697,2153,1761,1377
1986-10-10,792,2760,2248,1746,1390
1986-10-11,792,2758,2254,1753,1340
1986-10-12,792,2637,2223,1747,1367
1986-10-13,788,2755,2270,1764,1325
1986-10-14,788,2746,2215,1715,1328
1986-10-15,786,2786,2144,1735,1328
1986-10-16,794,2871,2238,1754,1363
1986-10-17,794,2835,2233,1715,1328
1986-10-18,794,2766,2199,1785,1381
1986-10-19,794,2724,2246,1733,1369
1986-10-20,789,2890,2142,1766,1355
1986-10-21,784,2747,2235,1728,1327
1986-10-22,786,2752,2166,1778,1353
1986-10-23,786,2750,2161,1698,1278
1986-10-24,784,2754,2191,1692,1342
1986-10-25,784,2737,2213,1698,1336
1986-10-26,784,2715,2202,1729,1295
1986-10-27,786,2724,2171,1775,1344
1986-10-28,786,2749,2181,1777,1348
1986-10-29,786,2724,2155,1660,1299
1986-10-30,786,2715,2192,1737,1312
1986-10-31,786,2756,2244,1633,1377
1986-11-01,786,2738,2201,1753,1332
1986-11-02,786,2826,2235,1763,1356
1986-11-03,784,2611,2253,1724,1355
1986-11-04,782,2792,2166,1723,1337
1986-11-05,779,2789,2174,1716,1345
1986-11-06,777,2616,2262,1686,1279
1986-11-07,780,2713,2242,1729,1321
1986-11-08,780,2711,2117,1709,1264
1986-11-09,780,2660,2199,1744,1291
1986-11-10,787,2716,2204,1728,1327
1986-11-11,786,2695,2234,1703,1323
1986-11-12,781,2821,2157,1672,1329
1986-11-13,780,2777,2150,1660,1326
1986-11-14,779,2790,2154,1753,1327
1986-11-15,779,2763,2158,1700,1328
1986-11-16,779,2670,2214,1724,1331
1986-11-17,778,2697,2131,1765,1303
1986-11-18,778,2747,2153,1695,1308
1986-11-19,774,2648,2096,1684,1315
1986-11-20,770,2731,2196,1690,1309
1986-11-21,766,2669,2196,1686,1281
1986-11-22,766,2662,2132,1742,1324
1986-11-23,766,2717,2133,1732,1317
1986-11-24,762,2689,2152,1695,1278
1986-11-25,758,2635,2181,1711,1284
1986-11-26,750,2683,2116,1645,1315
1986-11-27,747,2560,2064,1652,1273
1986-11-28,738,2614,2002,1615,1263
1986-11-29,738,2613,2022,1585,1242
1986-11-30,738,2568,2069,1660,1248
1986-12-01,736,2592,2035,1635,1281
1986-12-02,730,2492,2052,1607,1243
1986-12-03,722,2573,1999,1588,1226
1986-12-04,718,2504,1968,1534,1221
1986-12-05,713,2469,1949,1539,1263
1986-12-06,713,2548,2059,1579,1213
1986-12-07,713,2460,2032,1553,1195
1986-12-08,710,2415,2057,1555,1194
1986-12-09,709,2404,2007,1557,1221
1986-12-10,708,2508,1965,1537,1175
1986-12-11,706,2407,2030,1524,1209
1986-12-12,706,2559,1975,1505,1186
1986-12-13,706,2367,1986,1549,1163
1986-12-14,706,2556,1975,1572,1181
1986-12-15,706,2482,1859,1504,1201
1986-12-16,705,2463,2038,1550,1226
1986-12-17,700,2423,1980,1548,1208
1986-12-18,699,2466,1970,1508,1182
1986-12-19,696,2434,1946,1574,1203
1986-12-20,696,2491,1955,1520,1176
1986-12-21,696,2442,1925,1528,1154
1986-12-22,694,2437,1968,1522,1180
1986-12-23,694,2411,1891,1474,1150
1986-12-24,694,2426,1951,1557,1196
1986-12-25,694,2444,1966,1498,1196
1986-12-26,694,2343,1935,1520,1162
1986-12-27,694,2362,1958,1545,1183
1986-12-28,694,2466,1904,1571,1183
1986-12-29,696,2445,1910,1499,1201
1986-12-30,697,2430,1961,1520,1160
1986-12-31,699,2447,1984,1579,1200
1987-01-01,699,2464,1882,1552,1162
1987-01-02,699,2420,1978,1558,1204
1987-01-03,699,2408,1935,1506,1210
1987-01-04,699,2456,1949,1526,1175
1987-01-05,703,2412,1915,1542,1219
1987-01-06,710,2505,1954,1536,1176
1987-01-07,720,2435,2055,1534,1246
1987-01-08,740,2641,2073,1613,1287
1987-01-09,766,2705,2129,1726,1309
1987-01-10,766,2694,2140,1687,1298
1987-01-11,766,2730,2164,1726,1308
1987-01-12,788,2841,2224,1739,1328
1987-01-13,789,2812,2206,1713,1394
1987-01-14,803,2718,2292,1805,1353
1987-01-15,814,2785,2318,1797,1410
1987-01-16,827,2863,2332,1848,1391
1987-01-17,827,2896,2318,1787,1438
1987-01-18,827,2920,2342,1851,1446
1987-01-19,852,2946,2398,1906,1456
1987-01-20,858,3012,2445,1896,1464
1987-01-21,854,2951,2427,1855,1433
1987-01-22,853,2955,2348,1875,1429
1987-01-23,863,2950,2373,1917,1473
1987-01-24,863,2974,2388,1906,1496
1987-01-25,863,2953,2455,1917,1456
1987-01-26,864,2975,2356,1931,1513
1987-01-27,863,3073,2432,1879,1455
1987-01-28,864,2977,2434,1866,1473
1987-01-29,866,3163,2471,1904,1477
1987-01-30,866,3056,2432,1895,1470
1987-01-31,866,3040,2371,1929,1431
1987-02-01,866,2988,2386,1873,1460
1987-02-02,862,3052,2366,1927,1469
1987-02-03,858,2974,2381,1928,1457
1987-02-04,856,3002,2389,1883,1468
1987-02-05,856,3124,2350,1885,1470
1987-02-06,855,2988,2453,1858,1449
1987-02-07,855,3050,2341,1865,1434
1987-02-08,855,2957,2448,1869,1484
1987-02-09,856,2994,2444,1926,1428
1987-02-10,855,3081,2430,1879,1442
1987-02-11,854,2958,2363,1839,1435
1987-02-12,856,3087,2410,1891,1470
1987-02-13,855,3028,2343,1906,1480
1987-02-14,855,2964,2430,1880,1450
1987-02-15,855,3024,2391,1925,1458
1987-02-16,855,3041,2378,1904,1462
1987-02-17,854,3020,2342,1847,1488
1987-02-18,856,2917,2298,1867,1420
1987-02-19,851,2942,2341,1879,1462
1987-02-20,850,2963,2425,1820,1453
1987-02-21,850,2971,2364,1880,1438
1987-02-22,850,3006,2373,1817,1452
1987-02-23,852,2991,2412,1905,1463
1987-02-24,848,2901,2447,1893,1453
1987-02-25,848,2987,2427,1881,1485
1987-02-26,851,3009,2344,1852,1449
1987-02-27,852,3010,2308,1880,1449
1987-02-28,852,3036,2480,1859,1445
1987-03-01,852,3024,2476,1843,1459
1987-03-02,856,3019,2404,1873,1455
1987-03-03,859,3003,2354,1911,1461
1987-03-04,860,2927,2447,1893,1462
1987-03-05,862,3038,2409,1940,1463
1987-03-06,866,3041,2420,1928,1460
1987-03-07,866,3045,2461,1925,1481
1987-03-08,866,2967,2438,1857,1466
1987-03-09,868,2984,2383,1901,1488
1987-03-10,872,3105,2429,1886,1485
1987-03-11,873,3054,2471,1915,1476
1987-03-12,884,3128,2496,1924,1534
1987-03-13,890,3116,2502,1947,1511
1987-03-14,890,3116,2529,1990,1525
1987-03-15,890,3162,2478,1972,1499
1987-03-16,904,3138,2538,2019,1496
1987-03-17,907,3179,2405,1947,1531
1987-03-18,909,3158,2527,2002,1503
1987-03-19,924,3212,2618,2062,1566
1987-03-20,946,3296,2633,2126,1638
1987-03-21,946,3322,2630,2035,1590
1987-03-22,946,3287,2607,2071,1566
1987-03-23,954,3402,2711,2130,1652
1987-03-24,959,3312,2707,2104,1621
1987-03-25,980,3421,2777,2129,1666
1987-03-26,988,3436,2697,2127,1695
1987-03-27,992,3544,2771,2154,1697
1987-03-28,992,3482,2766,2132,1701
1987-03-29,992,3524,2766,2184,1704
1987-03-30,991,3394,2750,2207,1650
1987-03-31,992,3485,2764,2145,1658
1987-04-01,998,3537,2828,2203,1720
1987-04-02,1014,3553,2763,2256,1708
1987-04-03,1025,3641,2941,2255,1729
1987-04-04,1025,3562,2889,2207,1717
1987-04-05,1025,3658,2868,2267,1734
1987-04-06,1033,3730,2929,2271,1749
1987-04-07,1030,3587,2826,2261,1732
1987-04-08,1024,3562,2841,2236,1720
1987-04-09,1023,3653,2860,2253,1745
1987-04-10,1018,3642,2905,2255,1714
1987-04-11,1018,3537,2849,2311,1718
1987-04-12,1018,3542,2868,2243,1687
1987-04-13,1010,3521,2804,2267,1756
1987-04-14,1008,3461,2842,2228,1732
1987-04-15,1001,3458,2870,2199,1692
1987-04-16,1000,3450,2840,2204,1682
1987-04-17,1000,3462,2797,2163,1700
1987-04-18,1000,3498,2827,2209,1700
1987-04-19,1000,3512,2823,2140,1674
1987-04-20,1000,3578,2820,2174,1649
1987-04-21,1000,3450,2844,2203,1689
1987-04-22,1002,3556,2850,2240,1672
1987-04-23,1003,3500,2803,2250,1709
1987-04-24,1006,3519,2842,2206,1714
1987-04-25,1006,3555,2801,2218,1691
1987-04-26,1006,3465,2780,2243,1700
1987-04-27,1014,3568,2828,2191,1759
1987-04-28,1016,3564,2842,2247,1743
1987-04-29,1019,3591,2787,2217,1723
1987-04-30,1020,3584,2890,2239,1780
1987-05-01,1025,3710,2759,2241,1719
1987-05-02,1025,3556,2979,2268,1726
1987-05-03,1025,3561,2930,2272,1740
1987-05-04,1025,3556,2860,2282,1712
1987-05-05,1027,3567,2876,2270,1782
1987-05-06,1034,3587,2907,2280,1761
1987-05-07,1052,3741,2922,2370,1773
1987-05-08,1066,3802,2993,2299,1821
1987-05-09,1066,3702,2979,2396,1815
1987-05-10,1066,3689,2981,2337,1806
1987-05-11,1078,3797,3026,2389,1808
1987-05-12,1084,3766,2983,2375,1814
1987-05-13,1088,3840,3048,2373,1893
1987-05-14,1102,3867,3092,2439,1846
1987-05-15,1101,3778,3088,2453,1906
1987-05-16,1101,3931,3074,2436,1855
1987-05-17,1101,3943,3128,2406,1888
1987-05-18,1100,3819,3066,2528,1879
1987-05-19,1094,3810,3072,2443,1873
1987-05-20,1088,3822,3098,2422,1864
1987-05-21,1084,3811,3032,2374,1811
1987-05-22,1084,3827,3044,2366,1829
1987-05-23,1084,3895,3031,2376,1815
1987-05-24,1084,3785,3085,2417,1847
1987-05-25,1084,3754,3025,2355,1816
1987-05-26,1079,3708,3073,2342,1795
1987-05-27,1075,3726,3006,2381,1823
1987-05-28,1076,3764,2978,2377,1785
1987-05-29,1070,3835,3023,2331,1824
1987-05-30,1070,3719,2984,2321,1794
1987-05-31,1070,3756,3021,2397,1802
1987-06-01,1070,3744,2887,2365,1773
1987-06-02,1047,3724,2932,2262,1813
1987-06-03,1024,3710,2849,2214,1712
1987-06-04,1015,3526,2799,2222,1718
1987-06-05,990,3441,2750,2200,1647
1987-06-06,990,3517,2749,2196,1666
1987-06-07,990,3499,2770,2212,1718
1987-06-08,986,3543,2706,2124,1682
1987-06-09,986,3480,2773,2176,1662
1987-06-10,980,3412,2799,2199,1665
1987-06-11,977,3449,2747,2189,1650
1987-06-12,977,3475,2768,2160,1659
1987-06-13,977,3461,2779,2220,1676
1987-06-14,977,3445,2785,2168,1654
1987-06-15,974,3462,2802,2174,1660
1987-06-16,966,3439,2685,2127,1647
1987-06-17,960,3429,2659,2089,1625
1987-06-18,948,3350,2686,2059,1597
1987-06-19,938,3275,2655,2069,1584
1987-06-20,938,3290,2657,2057,1609
1987-06-21,938,3343,2702,2011,1610
1987-06-22,929,3211,2602,2013,1557
1987-06-23,925,3256,2607,2025,1567
1987-06-24,917,3190,2528,2039,1544
1987-06-25,901,3155,2608,1982,1548
1987-06-26,892,3186,2484,1960,1507
1987-06-27,892,3132,2485,1933,1560
1987-06-28,892,3124,2484,1963,1521
1987-06-29,886,3033,2455,1989,1530
1987-06-30,880,3117,2435,1941,1476
1987-07-01,874,3091,2426,1878,1486
1987-07-02,874,3167,2393,1885,1498
1987-07-03,884,3079,2444,1962,1482
1987-07-04,884,3105,2553,1938,1503
1987-07-05,884,3106,2505,1943,1524
1987-07-06,893,3204,2537,1946,1512
1987-07-07,911,3184,2598,2019,1532
1987-07-08,920,3234,2649,2015,1600
1987-07-09,923,3261,2514,2025,1546
1987-07-10,924,3243,2538,2007,1574
1987-07-11,924,3212,2555,2060,1557
1987-07-12,924,3244,2568,2026,1552
1987-07-13,922,3281,2570,2047,1582
1987-07-14,922,3176,2564,1993,1563
1987-07-15,924,3241,2596,2085,1579
1987-07-16,924,3199,2589,2071,1526
1987-07-17,930,3315,2575,1989,1591
1987-07-18,930,3179,2517,2022,1567
1987-07-19,930,3227,2564,2060,1543
1987-07-20,948,3337,2632,2046,1649
1987-07-21,956,3424,2667,2099,1637
1987-07-22,966,3378,2660,2138,1647
1987-07-23,970,3367,2696,2128,1674
1987-07-24,972,3496,2676,2155,1657
1987-07-25,972,3330,2717,2118,1636
1987-07-26,972,3292,2679,2071,1649
1987-07-27,974,3431,2693,2172,1642
1987-07-28,973,3380,2672,2170,1644
1987-07-29,965,3326,2696,2198,1615
1987-07-30,970,3430,2681,2068,1630
1987-07-31,976,3428,2769,2170,1677
1987-08-01,976,3388,2749,2088,1666
1987-08-02,976,3352,2730,2200,1649
1987-08-03,982,3481,2718,2175,1649
1987-08-04,994,3512,2798,2158,1682
1987-08-05,1003,3506,2836,2230,1671
1987-08-06,1014,3641,2845,2214,1726
1987-08-07,1039,3583,2973,2295,1785
1987-08-08,1039,3560,2928,2292,1814
1987-08-09,1039,3602,2946,2338,1744
1987-08-10,1060,3708,2973,2386,1820
1987-08-11,1074,3771,3034,2345,1812
1987-08-12,1118,3901,3099,2491,1878
1987-08-13,1126,3959,3134,2488,1892
1987-08-14,1127,3882,3170,2437,1919
1987-08-15,1127,4017,3169,2459,1897
1987-08-16,1127,3940,3176,2549,1904
1987-08-17,1129,4007,3205,2495,1910
1987-08-18,1128,3965,3101,2512,1903
1987-08-19,1129,3974,3122,2477,1903
1987-08-20,1129,3980,3170,2468,1871
1987-08-21,1128,3970,3129,2482,1919
1987-08-22,1128,3980,3294,2474,1919
1987-08-23,1128,4014,3179,2437,1902
1987-08-24,1128,3958,3155,2452,1925
1987-08-25,1120,3955,3115,2485,1932
1987-08-26,1102,3853,3066,2413,1874
1987-08-27,1110,3957,3109,2443,1914
1987-08-28,1111,3855,3115,2451,1933
1987-08-29,1111,3979,3093,2454,1939
1987-08-30,1111,3886,3100,2479,1865
1987-08-31,1111,3817,3165,2411,1865
1987-09-01,1105,3874,3149,2448,1870
1987-09-02,1084,3760,3045,2407,1845
1987-09-03,1066,3773,2931,2375,1844
1987-09-04,1064,3691,3001,2298,1821
1987-09-05,1064,3702,3041,2348,1785
1987-09-06,1064,3630,3034,2392,1797
1987-09-07,1060,3687,2997,2329,1801
1987-09-08,1060,3589,3025,2347,1772
1987-09-09,1062,3638,2976,2360,1806
1987-09-10,1062,3755,2999,2306,1782
1987-09-11,1060,3749,2941,2387,1769
1987-09-12,1060,3731,2980,2347,1783
1987-09-13,1060,3662,3021,2348,1810
1987-09-14,1049,3669,2914,2258,1791
1987-09-15,1048,3668,2900,2329,1784
1987-09-16,1046,3603,2933,2316,1798
1987-09-17,1038,3708,2897,2332,1782
1987-09-18,1034,3663,2921,2265,1762
1987-09-19,1034,3608,2877,2245,1759
1987-09-20,1034,3620,2964,2254,1760
1987-09-21,1032,3622,2838,2255,1751
1987-09-22,1035,3520,2948,2243,1716
1987-09-23,1026,3579,2842,2296,1767
1987-09-24,1033,3581,2821,2312,1764
1987-09-25,1038,3583,2916,2278,1740
1987-09-26,1038,3619,2896,2272,1793
1987-09-27,1038,3723,2862,2229,1753
1987-09-28,1043,3683,2853,2315,1771
1987-09-29,1043,3622,2920,2344,1794
1987-09-30,1045,3686,2965,2280,1781
1987-10-01,1052,3752,2969,2311,1815
1987-10-02,1064,3770,2981,2354,1802
1987-10-03,1064,3727,2998,2393,1843
1987-10-04,1064,3692,2978,2347,1793
1987-10-05,1068,3773,2933,2355,1842
1987-10-06,1071,3768,2942,2362,1775
1987-10-07,1075,3807,3002,2322,1805
1987-10-08,1080,3812,3018,2333,1842
1987-10-09,1084,3846,3069,2361,1835
1987-10-10,1084,3767,3065,2415,1841
1987-10-11,1084,3860,3059,2375,1844
1987-10-12,1086,3811,3030,2373,1822
1987-10-13,1086,3905,2986,2373,1824
1987-10-14,1086,3767,3057,2385,1851
1987-10-15,1088,3895,3067,2445,1836
1987-10-16,1088,3818,2951,2389,1876
1987-10-17,1088,3775,3013,2370,1846
1987-10-18,1088,3784,3019,2394,1864
1987-10-19,1098,3827,3079,2468,1875
1987-10-20,1105,3889,3062,2416,1866
1987-10-21,1124,3960,3146,2437,1871
1987-10-22,1136,3947,3172,2484,1955
1987-10-23,1144,4003,3197,2521,1925
1987-10-24,1144,4111,3175,2537,1937
1987-10-25,1144,4090,3178,2547,1942
1987-10-26,1148,4040,3171,2494,1951
1987-10-27,1148,4020,3230,2497,1971
1987-10-28,1158,4059,3265,2538,1969
1987-10-29,1168,4119,3240,2590,1983
1987-10-30,1172,4051,3342,2541,2013
1987-10-31,1172,4089,3269,2560,2004
1987-11-01,1172,4019,3343,2561,1978
1987-11-02,1172,4122,3256,2607,1969
1987-11-03,1172,4134,3201,2594,1976
1987-11-04,1172,4078,3298,2606,1991
1987-11-05,1174,4188,3297,2623,1971
1987-11-06,1175,4051,3291,2576,1999
1987-11-07,1175,4039,3264,2549,1995
1987-11-08,1175,4124,3289,2550,1947
1987-11-09,1175,4165,3270,2530,1969
1987-11-10,1174,4193,3275,2569,1938
1987-11-11,1172,4079,3315,2567,1986
1987-11-12,1170,4149,3283,2598,2010
1987-11-13,1164,4072,3284,2561,1941
1987-11-14,1164,4065,3250,2546,1952
1987-11-15,1164,4118,3246,2557,1976
1987-11-16,1156,4079,3191,2512,1944
1987-11-17,1154,3960,3216,2570,1940
1987-11-18,1156,4120,3104,2520,1976
1987-11-19,1153,4105,3205,2502,1950
1987-11-20,1152,4001,3222,2559,1929
1987-11-21,1152,4052,3248,2552,1917
1987-11-22,1152,4057,3215,2483,2003
1987-11-23,1154,4052,3245,2564,1984
1987-11-24,1159,4029,3158,2528,1961
1987-11-25,1168,4054,3268,2558,1987
1987-11-26,1169,4090,3206,2577,1978
1987-11-27,1172,4161,3233,2596,2003
1987-11-28,1172,4129,3274,2592,1975
1987-11-29,1172,4083,3333,2577,1982
1987-11-30,1176,4155,3308,2574,2008
1987-12-01,1184,4002,3316,2617,2042
1987-12-02,1214,4306,3398,2667,2079
1987-12-03,1226,4204,3404,2751,2109
1987-12-04,1231,4290,3425,2726,2086
1987-12-05,1231,4253,3464,2680,2080
1987-12-06,1231,4244,3391,2694,2054
1987-12-07,1238,4391,3490,2725,2106
1987-12-08,1259,4383,3510,2809,2148
1987-12-09,1270,4462,3589,2836,2153
1987-12-10,1267,4432,3586,2776,2138
1987-12-11,1270,4469,3489,2766,2184
1987-12-12,1270,4449,3533,2762,2172
1987-12-13,1270,4381,3522,2802,2185
1987-12-14,1271,4498,3486,2865,2142
1987-12-15,1268,4413,3509,2806,2141
1987-12-16,1268,4360,3648,2742,2180
1987-12-17,1264,4403,3564,2759,2148
1987-12-18,1260,4485,3605,2753,2131
1987-12-19,1260,4453,3561,2747,2132
1987-12-20,1260,4393,3498,2760,2142
1987-12-21,1260,4393,3513,2783,2162
1987-12-22,1262,4401,3557,2797,2142
1987-12-23,1262,4521,3551,2809,2161
1987-12-24,1262,4436,3511,2792,2155
1987-12-25,1262,4439,3473,2718,2128
1987-12-26,1262,4469,3665,2745,2128
1987-12-27,1262,4429,3528,2772,2136
1987-12-28,1262,4404,3521,2781,2119
1987-12-29,1262,4407,3538,2802,2135
1987-12-30,1259,4403,3515,2771,2171
1987-12-31,1264,4422,3544,2782,2148
1988-01-01,1264,4460,3591,2788,2133
1988-01-02,1264,4427,3534,2773,2187
1988-01-03,1264,4461,3493,2783,2130
1988-01-04,1266,4427,3538,2819,2133
1988-01-05,1270,4449,3537,2791,2184
1988-01-06,1284,4394,3652,2824,2196
1988-01-07,1296,4582,3676,2850,2201
1988-01-08,1320,4637,3700,2943,2261
1988-01-09,1320,4670,3645,2871,2250
1988-01-10,1320,4475,3647,2957,2220
1988-01-11,1350,4829,3781,2935,2247
1988-01-12,1362,4760,3827,2977,2304
1988-01-13,1369,4847,3818,3034,2349
1988-01-14,1374,4757,3828,3054,2327
1988-01-15,1384,4875,3851,3003,2362
1988-01-16,1384,4791,3874,3012,2356
1988-01-17,1384,4813,3780,3053,2319
1988-01-18,1386,4947,3837,3120,2348
1988-01-19,1390,4855,3867,3095,2370
1988-01-20,1398,4904,3963,3068,2361
1988-01-21,1402,4951,3893,3012,2376
1988-01-22,1400,4925,3927,3082,2388
1988-01-23,1400,4908,3929,3091,2381
1988-01-24,1400,4918,3972,3069,2401
1988-01-25,1394,4999,3954,3041,2377
1988-01-26,1391,4866,3892,3065,2346
1988-01-27,1390,4875,3873,3030,2353
1988-01-28,1388,4911,3860,3110,2360
1988-01-29,1393,4931,3891,3110,2395
1988-01-30,1393,4935,3883,3084,2359
1988-01-31,1393,4907,3923,3067,2333
1988-02-01,1400,4843,3937,3060,2389
1988-02-02,1408,5010,3966,3097,2378
1988-02-03,1427,4937,4046,3189,2400
1988-02-04,1468,5153,4185,3256,2496
1988-02-05,1488,5170,4171,3280,2549
1988-02-06,1488,5205,4210,3301,2518
1988-02-07,1488,5224,4152,3290,2540
1988-02-08,1500,5266,4247,3312,2564
1988-02-09,1514,5320,4282,3360,2590
1988-02-10,1516,5387,4285,3351,2563
1988-02-11,1534,5392,4299,3401,2585
1988-02-12,1547,5402,4305,3408,2610
1988-02-13,1547,5463,4276,3396,2646
1988-02-14,1547,5474,4330,3387,2643
1988-02-15,1544,5343,4385,3377,2606
1988-02-16,1546,5441,4316,3353,2671
1988-02-17,1562,5502,4405,3409,2634
1988-02-18,1566,5466,4419,3417,2682
1988-02-19,1568,5557,4379,3434,2696
1988-02-20,1568,5480,4443,3496,2668
1988-02-21,1568,5494,4274,3445,2650
1988-02-22,1567,5476,4339,3455,2649
1988-02-23,1564,5475,4343,3449,2654
1988-02-24,1562,5412,4341,3484,2677
1988-02-25,1560,5388,4381,3415,2628
1988-02-26,1562,5547,4385,3430,2619
1988-02-27,1562,5425,4389,3433,2663
1988-02-28,1562,5417,4397,3470,2667
1988-02-29,1564,5366,4341,3481,2698
1988-03-01,1562,5435,4325,3451,2628
1988-03-02,1562,5401,4389,3473,2653
1988-03-03,1564,5556,4354,3446,2682
1988-03-04,1570,5545,4333,3449,2671
1988-03-05,1570,5461,4435,3489,2665
1988-03-06,1570,5608,4452,3469,2685
1988-03-07,1570,5544,4458,3432,2657
1988-03-08,1571,5482,4406,3486,2688
1988-03-09,1575,5388,4435,3459,2652
1988-03-10,1576,5631,4468,3457,2649
1988-03-11,1582,5468,4404,3507,2684
1988-03-12,1582,5455,4474,3478,2638
1988-03-13,1582,5588,4441,3492,2691
1988-03-14,1584,5666,4472,3505,2658
1988-03-15,1590,5634,4459,3475,2709
1988-03-16,1596,5614,4521,3523,2717
1988-03-17,1610,5665,4517,3582,2736
1988-03-18,1630,5748,4505,3557,2780
1988-03-19,1630,5743,4622,3599,2775
1988-03-20,1630,5719,4526,3561,2765
1988-03-21,1640,5745,4642,3639,2825
1988-03-22,1648,5765,4611,3656,2809
1988-03-23,1648,5730,4661,3615,2817
1988-03-24,1646,5747,4654,3687,2820
1988-03-25,1645,5673,4623,3652,2810
1988-03-26,1645,5753,4626,3640,2838
1988-03-27,1645,5708,4623,3639,2800
1988-03-28,1642,5692,4517,3642,2791
1988-03-29,1630,5714,4569,3556,2758
1988-03-30,1622,5747,4497,3574,2752
1988-03-31,1617,5705,4534,3569,2734
1988-04-01,1617,5581,4482,3545,2762
1988-04-02,1617,5610,4480,3571,2731
1988-04-03,1617,5707,4592,3594,2750
1988-04-04,1617,5610,4570,3545,2760
1988-04-05,1612,5631,4513,3545,2743
1988-04-06,1596,5614,4476,3487,2695
1988-04-07,1588,5510,4436,3440,2714
1988-04-08,1584,5549,4458,3508,2691
1988-04-09,1584,5477,4408,3484,2635
1988-04-10,1584,5514,4475,3486,2673
1988-04-11,1572,5518,4391,3429,2700
1988-04-12,1560,5380,4351,3426,2682
1988-04-13,1544,5426,4324,3430,2635
1988-04-14,1542,5396,4294,3392,2637
1988-04-15,1528,5376,4292,3362,2582
1988-04-16,1528,5359,4257,3368,2592
1988-04-17,1528,5416,4297,3325,2622
1988-04-18,1519,5323,4302,3361,2591
1988-04-19,1493,5204,4152,3247,2539
1988-04-20,1475,5169,4125,3217,2504
1988-04-21,1442,5074,4056,3141,2475
1988-04-22,1416,4958,3947,3110,2430
1988-04-23,1416,4958,3983,3105,2420
1988-04-24,1416,4921,3987,3115,2409
1988-04-25,1402,4874,3969,3057,2376
1988-04-26,1394,4809,3879,3097,2384
1988-04-27,1378,4910,3821,3057,2321
1988-04-28,1368,4726,3818,3004,2308
1988-04-29,1358,4718,3764,2973,2280
1988-04-30,1358,4717,3825,2970,2333
1988-05-01,1358,4798,3756,2978,2294
1988-05-02,1358,4738,3896,2946,2317
1988-05-03,1345,4770,3818,2930,2284
1988-05-04,1339,4653,3750,2972,2334
1988-05-05,1344,4718,3798,2966,2294
1988-05-06,1376,4774,3787,3076,2302
1988-05-07,1376,4923,3954,3018,2363
1988-05-08,1376,4757,3829,3016,2331
1988-05-09,1387,4870,3879,3039,2354
1988-05-10,1391,4900,3821,3051,2351
1988-05-11,1398,4914,3934,3056,2381
1988-05-12,1428,4989,3954,3150,2431
1988-05-13,1445,5051,4050,3180,2444
1988-05-14,1445,5060,4024,3164,2446
1988-05-15,1445,5050,4003,3217,2459
1988-05-16,1446,5109,4017,3238,2411
1988-05-17,1452,5193,4075,3229,2440
1988-05-18,1456,5068,4026,3220,2509
1988-05-19,1438,4965,3996,3186,2451
1988-05-20,1420,4966,4003,3180,2404
1988-05-21,1420,5099,4080,3147,2380
1988-05-22,1420,4930,3995,3106,2413
1988-05-23,1420,5052,3939,3136,2434
1988-05-24,1414,5033,3945,3130,2457
1988-05-25,1404,4886,3932,3059,2425
1988-05-26,1392,4900,3884,3054,2349
1988-05-27,1370,4876,3872,3047,2319
1988-05-28,1370,4776,3845,2959,2300
1988-05-29,1370,4785,3872,2976,2312
1988-05-30,1370,4766,3823,3009,2325
1988-05-31,1349,4671,3830,2978,2286
1988-06-01,1328,4616,3712,2881,2299
1988-06-02,1320,4559,3657,2900,2218
1988-06-03,1304,4566,3738,2903,2216
1988-06-04,1304,4526,3578,2871,2176
1988-06-05,1304,4576,3622,2897,2223
1988-06-06,1296,4458,3604,2833,2176
1988-06-07,1288,4525,3707,2809,2212
1988-06-08,1287,4546,3676,2857,2182
1988-06-09,1284,4394,3655,2836,2155
1988-06-10,1284,4513,3582,2789,2141
1988-06-11,1284,4555,3692,2801,2163
1988-06-12,1284,4434,3610,2872,2188
1988-06-13,1284,4578,3634,2797,2191
1988-06-14,1279,4497,3588,2842,2164
1988-06-15,1276,4431,3571,2793,2188
1988-06-16,1262,4414,3524,2776,2123
1988-06-17,1258,4431,3514,2776,2080
1988-06-18,1258,4407,3547,2705,2144
1988-06-19,1258,4430,3537,2724,2164
1988-06-20,1254,4343,3510,2761,2158
1988-06-21,1249,4380,3558,2726,2097
1988-06-22,1244,4283,3365,2767,2104
1988-06-23,1242,4341,3498,2684,2126
1988-06-24,1242,4302,3506,2749,2099
1988-06-25,1242,4310,3523,2691,2114
1988-06-26,1242,4409,3475,2722,2097
1988-06-27,1238,4388,3475,2692,2083
1988-06-28,1232,4342,3489,2767,2076
1988-06-29,1224,4229,3487,2653,2100
1988-06-30,1208,4212,3370,2654,2054
1988-07-01,1206,4282,3387,2601,2076
1988-07-02,1206,4228,3444,2701,2061
1988-07-03,1206,4337,3292,2665,2082
1988-07-04,1206,4241,3349,2657,2067
1988-07-05,1210,4245,3447,2706,2072
1988-07-06,1200,4185,3404,2644,2038
1988-07-07,1186,4158,3342,2616,2076
1988-07-08,1186,4143,3303,2613,2018
1988-07-09,1186,4186,3286,2626,1977
1988-07-10,1186,4199,3297,2594,2022
1988-07-11,1183,4101,3374,2596,1991
1988-07-12,1183,4074,3287,2627,2031
1988-07-13,1180,4038,3308,2604,2021
1988-07-14,1178,4148,3268,2588,1999
1988-07-15,1171,4043,3313,2534,1973
1988-07-16,1171,3991,3257,2621,1994
1988-07-17,1171,4118,3275,2556,1978
1988-07-18,1178,4248,3231,2621,2018
1988-07-19,1189,4161,3265,2621,2032
1988-07-20,1199,4238,3358,2599,2097
1988-07-21,1196,4190,3296,2669,2024
1988-07-22,1201,4199,3447,2650,2036
1988-07-23,1201,4249,3280,2682,2039
1988-07-24,1201,4189,3331,2637,2039
1988-07-25,1199,4210,3358,2659,2059
1988-07-26,1199,4213,3343,2585,2033
1988-07-27,1197,4156,3307,2618,2074
1988-07-28,1197,4239,3313,2595,2047
1988-07-29,1197,4181,3312,2622,2025
1988-07-30,1197,4152,3340,2648,2020
1988-07-31,1197,4216,3430,2615,2056
1988-08-01,1196,4141,3352,2657,2034
1988-08-02,1192,4173,3385,2597,2027
1988-08-03,1192,4172,3358,2649,2014
1988-08-04,1191,4223,3379,2659,2023
1988-08-05,1192,4196,3226,2653,2014
1988-08-06,1192,4171,3325,2612,2054
1988-08-07,1192,4213,3390,2559,2041
1988-08-08,1192,4242,3315,2640,2023
1988-08-09,1190,4193,3402,2614,2019
1988-08-10,1191,4169,3394,2591,2027
1988-08-11,1191,4103,3316,2604,2025
1988-08-12,1195,4129,3326,2672,2012
1988-08-13,1195,4167,3305,2595,1993
1988-08-14,1195,4152,3321,2643,2016
1988-08-15,1209,4222,3336,2666,2053
1988-08-16,1211,4241,3408,2653,2044
1988-08-17,1215,4279,3344,2692,2082
1988-08-18,1240,4336,3496,2777,2103
1988-08-19,1246,4385,3514,2732,2156
1988-08-20,1246,4364,3422,2734,2107
1988-08-21,1246,4262,3551,2760,2121
1988-08-22,1244,4307,3504,2764,2109
1988-08-23,1248,4361,3524,2742,2130
1988-08-24,1252,4322,3475,2745,2150
1988-08-25,1253,4415,3533,2690,2142
1988-08-26,1261,4490,3576,2751,2103
1988-08-27,1261,4474,3527,2740,2154
1988-08-28,1261,4403,3611,2795,2123
1988-08-29,1261,4488,3533,2767,2138
1988-08-30,1267,4442,3593,2779,2168
1988-08-31,1272,4435,3573,2798,2140
1988-09-01,1272,4421,3585,2772,2186
1988-09-02,1271,4433,3492,2843,2154
1988-09-03,1271,4429,3574,2835,2204
1988-09-04,1271,4457,3529,2845,2162
1988-09-05,1278,4481,3545,2832,2207
1988-09-06,1279,4477,3651,2813,2198
1988-09-07,1277,4491,3567,2858,2159
1988-09-08,1283,4550,3552,2802,2155
1988-09-09,1282,4534,3575,2794,2182
1988-09-10,1282,4413,3538,2802,2168
1988-09-11,1282,4359,3647,2836,2211
1988-09-12,1278,4520,3551,2789,2168
1988-09-13,1283,4422,3614,2818,2175
1988-09-14,1284,4483,3649,2777,2155
1988-09-15,1283,4432,3572,2837,2189
1988-09-16,1289,4421,3630,2790,2168
1988-09-17,1289,4539,3568,2808,2200
1988-09-18,1289,4549,3707,2872,2203
1988-09-19,1289,4483,3647,2871,2176
1988-09-20,1288,4378,3599,2845,2209
1988-09-21,1285,4470,3567,2835,2179
1988-09-22,1285,4517,3593,2811,2155
1988-09-23,1286,4427,3587,2806,2217
1988-09-24,1286,4510,3679,2818,2168
1988-09-25,1286,4500,3552,2784,2196
1988-09-26,1286,4530,3606,2837,2195
1988-09-27,1281,4489,3586,2820,2185
1988-09-28,1269,4393,3549,2764,2165
1988-09-29,1266,4491,3540,2832,2133
1988-09-30,1270,4437,3551,2812,2193
1988-10-01,1270,4444,3591,2815,2178
1988-10-02,1270,4398,3580,2779,2169
1988-10-03,1275,4440,3587,2805,2141
1988-10-04,1277,4425,3454,2828,2151
1988-10-05,1283,4482,3604,2827,2194
1988-10-06,1291,4604,3549,2888,2155
1988-10-07,1291,4450,3641,2834,2201
1988-10-08,1291,4438,3674,2825,2168
1988-10-09,1291,4592,3578,2859,2177
1988-10-10,1292,4512,3607,2804,2168
1988-10-11,1294,4496,3599,2875,2205
1988-10-12,1305,4619,3703,2832,2241
1988-10-13,1308,4548,3666,2897,2231
1988-10-14,1321,4715,3768,2887,2255
1988-10-15,1321,4657,3715,2920,2249
1988-10-16,1321,4599,3708,2933,2259
1988-10-17,1314,4707,3682,2895,2243
1988-10-18,1315,4572,3715,2857,2181
1988-10-19,1317,4647,3618,2870,2257
1988-10-20,1316,4621,3688,2873,2253
1988-10-21,1328,4713,3716,2865,2250
1988-10-22,1328,4726,3747,2955,2218
1988-10-23,1328,4650,3711,2925,2262
1988-10-24,1361,4726,3769,2960,2320
1988-10-25,1363,4793,3817,3042,2308
1988-10-26,1364,4740,3776,2980,2323
1988-10-27,1369,4892,3756,3019,2349
1988-10-28,1371,4805,3868,2991,2379
1988-10-29,1371,4780,3862,2956,2334
1988-10-30,1371,4808,3857,2975,2337
1988-10-31,1373,4738,3897,3007,2318
1988-11-01,1378,4774,3832,3059,2333
1988-11-02,1390,4925,3835,3068,2360
1988-11-03,1396,4853,3906,3075,2397
1988-11-04,1398,4841,3900,3015,2393
1988-11-05,1398,4920,3881,3114,2415
1988-11-06,1398,4952,3911,3082,2347
1988-11-07,1410,4971,3924,3098,2371
1988-11-08,1415,5002,3889,3147,2428
1988-11-09,1420,4932,3958,3161,2443
1988-11-10,1424,4913,3942,3167,2421
1988-11-11,1434,5094,4024,3147,2348
1988-11-12,1434,5003,3989,3125,2423
1988-11-13,1434,5006,4060,3184,2445
1988-11-14,1444,5120,4107,3136,2437
1988-11-15,1454,5117,4098,3257,2476
1988-11-16,1473,5178,4062,3241,2542
1988-11-17,1482,5295,4210,3229,2548
1988-11-18,1492,5190,4241,3245,2553
1988-11-19,1492,5268,4178,3244,2535
1988-11-20,1492,5225,4231,3287,2527
1988-11-21,1495,5246,4164,3289,2557
1988-11-22,1503,5337,4134,3270,2556
1988-11-23,1517,5335,4217,3327,2580
1988-11-24,1517,5336,4317,3296,2548
1988-11-25,1512,5346,4174,3344,2556
1988-11-26,1512,5274,4234,3325,2585
1988-11-27,1512,5250,4235,3315,2548
1988-11-28,1511,5236,4210,3286,2574
1988-11-29,1510,5187,4210,3313,2575
1988-11-30,1501,5356,4206,3290,2561
1988-12-01,1501,5198,4180,3312,2563
1988-12-02,1490,5204,4115,3283,2546
1988-12-03,1490,5201,4181,3302,2521
1988-12-04,1490,5230,4215,3263,2504
1988-12-05,1488,5249,4201,3218,2512
1988-12-06,1487,5248,4131,3301,2542
1988-12-07,1485,5168,4108,3239,2500
1988-12-08,1486,5193,4149,3236,2505
1988-12-09,1494,5243,4246,3286,2519
1988-12-10,1494,5217,4209,3296,2503
1988-12-11,1494,5309,4211,3271,2517
1988-12-12,1514,5324,4275,3315,2594
1988-12-13,1518,5350,4267,3328,2566
1988-12-14,1522,5360,4266,3391,2552
1988-12-15,1524,5393,4294,3353,2581
1988-12-16,1518,5322,4229,3311,2591
1988-12-17,1518,5248,4194,3311,2544
1988-12-18,1518,5333,4279,3332,2600
1988-12-19,1517,5277,4297,3345,2550
1988-12-20,1518,5287,4206,3354,2573
1988-12-21,1523,5360,4297,3354,2581
1988-12-22,1523,5392,4332,3325,2578
1988-12-23,1527,5346,4276,3347,2595
1988-12-24,1527,5360,4243,3381,2611
1988-12-25,1527,5430,4281,3325,2595
1988-12-26,1527,5357,4254,3345,2584
1988-12-27,1527,5475,4251,3377,2605
1988-12-28,1529,5380,4299,3390,2603
1988-12-29,1540,5302,4248,3382,2605
1988-12-30,1543,5438,4263,3382,2624
1988-12-31,1543,5420,4321,3355,2608
1989-01-01,1543,5465,4320,3410,2606
1989-01-02,1543,5434,4334,3434,2639
1989-01-03,1544,5397,4398,3474,2634
1989-01-04,1553,5374,4353,3428,2656
1989-01-05,1555,5432,4378,3419,2656
1989-01-06,1578,5480,4379,3444,2665
1989-01-07,1578,5494,4449,3415,2703
1989-01-08,1578,5552,4397,3477,2677
1989-01-09,1589,5645,4452,3566,2720
1989-01-10,1604,5634,4487,3567,2724
1989-01-11,1620,5610,4577,3597,2760
1989-01-12,1629,5724,4509,3591,2776
1989-01-13,1635,5782,4487,3608,2796
1989-01-14,1635,5692,4569,3524,2747
1989-01-15,1635,5716,4597,3620,2748
1989-01-16,1642,5748,4604,3595,2805
1989-01-17,1643,5711,4650,3594,2800
1989-01-18,1650,5807,4637,3620,2789
1989-01-19,1648,5762,4592,3615,2809
1989-01-20,1644,5775,4510,3595,2767
1989-01-21,1644,5710,4594,3617,2860
1989-01-22,1644,5732,4644,3600,2821
1989-01-23,1646,5797,4593,3624,2811
1989-01-24,1645,5739,4607,3574,2798
1989-01-25,1634,5805,4592,3588,2765
1989-01-26,1633,5696,4532,3560,2750
1989-01-27,1617,5671,4553,3538,2747
1989-01-28,1617,5706,4593,3562,2732
1989-01-29,1617,5589,4521,3509,2733
1989-01-30,1619,5578,4488,3537,2724
1989-01-31,1619,5590,4531,3579,2757
1989-02-01,1608,5691,4413,3495,2726
1989-02-02,1607,5597,4513,3589,2743
1989-02-03,1584,5672,4453,3521,2702
1989-02-04,1584,5516,4502,3470,2697
1989-02-05,1584,5553,4427,3461,2746
1989-02-06,1553,5513,4365,3423,2657
1989-02-07,1542,5497,4283,3349,2596
1989-02-08,1533,5469,4278,3313,2615
1989-02-09,1526,5401,4212,3343,2593
1989-02-10,1523,5382,4257,3347,2562
1989-02-11,1523,5360,4252,3353,2561
1989-02-12,1523,5369,4276,3332,2598
1989-02-13,1511,5261,4206,3362,2583
1989-02-14,1506,5230,4220,3268,2539
1989-02-15,1503,5260,4195,3272,2575
1989-02-16,1499,5238,4184,3312,2554
1989-02-17,1495,5210,4189,3254,2565
1989-02-18,1495,5267,4188,3253,2563
1989-02-19,1495,5280,4216,3293,2538
1989-02-20,1502,5261,4201,3273,2586
1989-02-21,1506,5345,4203,3309,2538
1989-02-22,1512,5235,4226,3305,2618
1989-02-23,1513,5286,4208,3303,2555
1989-02-24,1529,5316,4267,3301,2598
1989-02-25,1529,5258,4362,3368,2588
1989-02-26,1529,5347,4245,3326,2592
1989-02-27,1543,5394,4309,3390,2682
1989-02-28,1553,5511,4333,3401,2631
1989-03-01,1563,5502,4367,3432,2674
1989-03-02,1577,5468,4402,3465,2676
1989-03-03,1588,5651,4458,3499,2718
1989-03-04,1588,5619,4378,3472,2689
1989-03-05,1588,5587,4488,3531,2705
1989-03-06,1593,5564,4486,3449,2721
1989-03-07,1597,5542,4422,3507,2700
1989-03-08,1608,5609,4412,3563,2789
1989-03-09,1615,5707,4483,3567,2759
1989-03-10,1623,5775,4535,3541,2755
1989-03-11,1623,5758,4648,3546,2745
1989-03-12,1623,5656,4566,3540,2761
1989-03-13,1624,5628,4475,3591,2736
1989-03-14,1632,5719,4542,3568,2810
1989-03-15,1640,5652,4590,3616,2797
1989-03-16,1647,5781,4622,3631,2798
1989-03-17,1645,5750,4553,3690,2817
1989-03-18,1645,5734,4601,3628,2782
1989-03-19,1645,5678,4577,3595,2773
1989-03-20,1644,5780,4559,3573,2792
1989-03-21,1644,5727,4614,3609,2797
1989-03-22,1640,5682,4623,3604,2799
1989-03-23,1638,5589,4620,3537,2755
1989-03-24,1638,5732,4609,3582,2775
1989-03-25,1638,5822,4567,3613,2723
1989-03-26,1638,5816,4615,3588,2761
1989-03-27,1638,5710,4599,3633,2799
1989-03-28,1632,5682,4575,3544,2794
1989-03-29,1631,5732,4542,3609,2750
1989-03-30,1624,5634,4527,3600,2754
1989-03-31,1631,5724,4570,3617,2773
1989-04-01,1631,5747,4664,3541,2794
1989-04-02,1631,5770,4579,3598,2803
1989-04-03,1619,5661,4509,3542,2755
1989-04-04,1614,5639,4486,3509,2739
1989-04-05,1621,5630,4519,3554,2727
1989-04-06,1620,5629,4623,3537,2756
1989-04-07,1622,5666,4526,3596,2799
1989-04-08,1622,5695,4578,3584,2783
1989-04-09,1622,5723,4527,3534,2761
1989-04-10,1623,5640,4555,3549,2765
1989-04-11,1621,5748,4570,3555,2742
1989-04-12,1622,5663,4519,3566,2750
1989-04-13,1619,5665,4508,3592,2755
1989-04-14,1626,5654,4619,3598,2767
1989-04-15,1626,5570,4592,3579,2784
1989-04-16,1626,5735,4584,3569,2783
1989-04-17,1627,5731,4587,3526,2776
1989-04-18,1621,5659,4557,3605,2736
1989-04-19,1617,5663,4608,3544,2730
1989-04-20,1620,5696,4538,3611,2736
1989-04-21,1617,5581,4551,3563,2754
1989-04-22,1617,5633,4470,3618,2708
1989-04-23,1617,5699,4495,3576,2749
1989-04-24,1619,5604,4485,3519,2780
1989-04-25,1621,5688,4590,3548,2769
1989-04-26,1622,5609,4439,3563,2750
1989-04-27,1624,5707,4531,3547,2747
1989-04-28,1629,5700,4441,3572,2785
1989-04-29,1629,5621,4528,3543,2775
1989-04-30,1629,5760,4542,3584,2764
1989-05-01,1629,5665,4617,3591,2758
1989-05-02,1641,5703,4611,3580,2791
1989-05-03,1649,5782,4584,3686,2797
1989-05-04,1687,5962,4766,3713,2884
1989-05-05,1693,5875,4741,3700,2903
1989-05-06,1693,5929,4742,3676,2851
1989-05-07,1693,5947,4692,3726,2854
1989-05-08,1699,5981,4718,3730,2915
1989-05-09,1704,5973,4738,3772,2900
1989-05-10,1715,5984,4804,3769,2893
1989-05-11,1727,6003,4839,3764,2956
1989-05-12,1748,6122,4956,3896,2978
1989-05-13,1748,6064,4910,3859,3016
1989-05-14,1748,5972,4786,3838,2967
1989-05-15,1749,6143,4908,3853,2995
1989-05-16,1751,6174,4845,3866,2948
1989-05-17,1744,5986,4845,3794,2993
1989-05-18,1748,6068,4862,3850,2990
1989-05-19,1744,6135,4857,3823,2997
1989-05-20,1744,6207,4828,3852,2987
1989-05-21,1744,6105,4891,3815,2963
1989-05-22,1730,6019,4788,3788,2918
1989-05-23,1722,6018,4836,3838,2915
1989-05-24,1712,6061,4883,3803,2875
1989-05-25,1682,5855,4656,3602,2841
1989-05-26,1667,5795,4656,3702,2842
1989-05-27,1667,5810,4567,3665,2833
1989-05-28,1667,5787,4656,3646,2829
1989-05-29,1667,5841,4693,3637,2818
1989-05-30,1626,5772,4582,3549,2729
1989-05-31,1596,5602,4472,3491,2717
1989-06-01,1587,5542,4479,3458,2705
1989-06-02,1484,5179,4257,3224,2503
1989-06-03,1484,5116,4224,3234,2512
1989-06-04,1484,5238,4134,3275,2554
1989-06-05,1450,5071,4002,3192,2488
1989-06-06,1445,5048,4030,3196,2427
1989-06-07,1425,5147,3952,3133,2421
1989-06-08,1412,4957,3972,3067,2429
1989-06-09,1406,4883,3890,3108,2386
1989-06-10,1406,4900,3934,3063,2385
1989-06-11,1406,4978,3970,3113,2412
1989-06-12,1400,4906,3916,3045,2400
1989-06-13,1390,4793,3854,3037,2382
1989-06-14,1390,4911,3939,3047,2358
1989-06-15,1396,4853,3834,3091,2386
1989-06-16,1397,4983,3898,3079,2405
1989-06-17,1397,4944,3910,3074,2374
1989-06-18,1397,4867,3912,3130,2367
1989-06-19,1396,4950,3916,3016,2398
1989-06-20,1396,4889,3933,3040,2414
1989-06-21,1400,4943,3919,3048,2422
1989-06-22,1407,4949,3925,3042,2384
1989-06-23,1399,4854,3901,3056,2373
1989-06-24,1399,4864,3893,3098,2358
1989-06-25,1399,4948,3949,3060,2381
1989-06-26,1399,4880,3891,3068,2357
1989-06-27,1391,4848,3929,3009,2354
1989-06-28,1393,4828,3901,3041,2382
1989-06-29,1410,4956,3927,3088,2405
1989-06-30,1413,5049,3981,3128,2366
1989-07-01,1413,4892,3927,3058,2434
1989-07-02,1413,4947,3982,3095,2380
1989-07-03,1414,5020,3968,3143,2385
1989-07-04,1413,4942,3933,3095,2377
1989-07-05,1401,4926,3944,3019,2368
1989-07-06,1398,4840,3936,3114,2359
1989-07-07,1392,4893,3944,3084,2349
1989-07-08,1392,4863,3936,3088,2317
1989-07-09,1392,4921,3917,3010,2369
1989-07-10,1391,4928,3850,3106,2369
1989-07-11,1390,4994,3990,3035,2408
1989-07-12,1400,4929,3864,3065,2390
1989-07-13,1401,4920,3961,3061,2372
1989-07-14,1392,4882,3915,3091,2342
1989-07-15,1392,4854,3851,3057,2364
1989-07-16,1392,4889,3893,3077,2375
1989-07-17,1385,4833,3875,3049,2344
1989-07-18,1380,4838,3916,3033,2347
1989-07-19,1377,4885,3827,3001,2379
1989-07-20,1376,4766,3842,3082,2332
1989-07-21,1376,4873,3759,2983,2301
1989-07-22,1376,4882,3922,3040,2357
1989-07-23,1376,4810,3810,3038,2345
1989-07-24,1379,4720,3874,3068,2310
1989-07-25,1379,4796,3857,3075,2353
1989-07-26,1388,4923,3882,3049,2340
1989-07-27,1388,4857,3919,3070,2368
1989-07-28,1389,4812,3956,3109,2399
1989-07-29,1389,4836,3899,3054,2358
1989-07-30,1389,4904,3915,3024,2383
1989-07-31,1393,4903,3914,3053,2344
1989-08-01,1392,4860,3938,3023,2336
1989-08-02,1390,4847,3873,3069,2403
1989-08-03,1390,4845,3935,3090,2369
1989-08-04,1387,4808,3928,3048,2371
1989-08-05,1387,4935,3927,3003,2381
1989-08-06,1387,4838,3857,3082,2347
1989-08-07,1379,4887,3854,2981,2361
1989-08-08,1381,4910,3876,2992,2361
1989-08-09,1383,4890,3818,3037,2325
1989-08-10,1394,4857,3967,3074,2400
1989-08-11,1401,4924,3922,3095,2408
1989-08-12,1401,4902,3934,3080,2356
1989-08-13,1401,4858,3900,3135,2386
1989-08-14,1405,4934,3881,3093,2384
1989-08-15,1409,4873,3921,3131,2424
1989-08-16,1417,5019,3976,3141,2381
1989-08-17,1421,4950,4006,3087,2488
1989-08-18,1421,4984,3985,3121,2412
1989-08-19,1421,4988,3993,3190,2430
1989-08-20,1421,4961,3965,3111,2443
1989-08-21,1421,5003,3999,3106,2412
1989-08-22,1423,4957,4044,3136,2417
1989-08-23,1427,5038,4024,3125,2416
1989-08-24,1427,4927,4028,3116,2408
1989-08-25,1426,4997,4005,3123,2430
1989-08-26,1426,5088,3933,3180,2421
1989-08-27,1426,4941,3951,3133,2414
1989-08-28,1426,4957,4011,3097,2415
1989-08-29,1425,5013,3990,3090,2434
1989-08-30,1425,4996,4008,3201,2407
1989-08-31,1426,5009,4060,3130,2419
1989-09-01,1426,5015,4022,3150,2442
1989-09-02,1426,5023,4043,3114,2429
1989-09-03,1426,5046,3997,3147,2403
1989-09-04,1428,5018,3966,3185,2427
1989-09-05,1429,4989,3999,3124,2438
1989-09-06,1433,5049,3980,3166,2456
1989-09-07,1436,5121,4083,3117,2426
1989-09-08,1437,5023,4055,3222,2432
1989-09-09,1437,4981,4044,3169,2429
1989-09-10,1437,5085,4073,3149,2430
1989-09-11,1441,5037,3954,3161,2458
1989-09-12,1440,4931,4056,3153,2460
1989-09-13,1437,5072,3971,3148,2464
1989-09-14,1434,4992,4015,3081,2436
1989-09-15,1433,5011,4000,3150,2408
1989-09-16,1433,5032,4039,3148,2449
1989-09-17,1433,5025,4022,3167,2439
1989-09-18,1434,5054,4069,3139,2439
1989-09-19,1439,5015,4005,3143,2421
1989-09-20,1435,5048,4046,3157,2436
1989-09-21,1425,4975,3996,3087,2399
1989-09-22,1425,5024,3925,3139,2432
1989-09-23,1425,5018,3953,3079,2414
1989-09-24,1425,4941,3984,3169,2412
1989-09-25,1424,5038,4032,3153,2390
1989-09-26,1420,4943,3995,3096,2435
1989-09-27,1413,4986,3910,3128,2397
1989-09-28,1421,4992,3973,3130,2417
1989-09-29,1420,5062,4057,3094,2399
1989-09-30,1420,4959,3980,3063,2381
1989-10-01,1420,4953,3963,3133,2403
1989-10-02,1424,4983,4007,3109,2413
1989-10-03,1436,5011,4051,3192,2447
1989-10-04,1451,5118,4045,3193,2460
1989-10-05,1459,5026,4105,3189,2466
1989-10-06,1469,5089,4100,3286,2467
1989-10-07,1469,5088,4142,3249,2498
1989-10-08,1469,5189,4120,3122,2481
1989-10-09,1470,5231,4135,3219,2525
1989-10-10,1476,5161,4102,3206,2512
1989-10-11,1479,5168,4108,3230,2526
1989-10-12,1486,5205,4199,3265,2521
1989-10-13,1494,5287,4180,3297,2544
1989-10-14,1494,5183,4195,3295,2522
1989-10-15,1494,5241,4171,3319,2516
1989-10-16,1509,5330,4261,3339,2566
1989-10-17,1516,5331,4220,3352,2589
1989-10-18,1545,5417,4321,3405,2588
1989-10-19,1554,5489,4383,3457,2632
1989-10-20,1593,5440,4507,3495,2745
1989-10-21,1593,5609,4439,3496,2718
1989-10-22,1593,5543,4539,3447,2739
1989-10-23,1599,5505,4490,3549,2706
1989-10-24,1612,5668,4472,3544,2731
1989-10-25,1624,5753,4562,3661,2780
1989-10-26,1627,5688,4540,3567,2778
1989-10-27,1636,5774,4598,3602,2779
1989-10-28,1636,5807,4579,3616,2756
1989-10-29,1636,5792,4584,3566,2804
1989-10-30,1641,5825,4558,3621,2840
1989-10-31,1647,5802,4651,3624,2768
1989-11-01,1647,5768,4565,3614,2828
1989-11-02,1651,5698,4578,3667,2797
1989-11-03,1653,5773,4643,3609,2803
1989-11-04,1653,5743,4693,3645,2815
1989-11-05,1653,5894,4614,3680,2786
1989-11-06,1654,5780,4659,3618,2811
1989-11-07,1654,5795,4674,3630,2780
1989-11-08,1657,5827,4672,3716,2826
1989-11-09,1654,5791,4619,3653,2856
1989-11-10,1656,5881,4593,3628,2802
1989-11-11,1656,5765,4548,3667,2812
1989-11-12,1656,5806,4626,3626,2813
1989-11-13,1650,5738,4667,3583,2825
1989-11-14,1648,5702,4569,3667,2810
1989-11-15,1648,5737,4642,3593,2820
1989-11-16,1648,5766,4576,3699,2791
1989-11-17,1652,5761,4630,3620,2817
1989-11-18,1652,5747,4654,3698,2741
1989-11-19,1652,5712,4599,3593,2822
1989-11-20,1656,5792,4644,3674,2791
1989-11-21,1670,5770,4659,3689,2832
1989-11-22,1668,5876,4699,3695,2851
1989-11-23,1670,5849,4685,3703,2808
1989-11-24,1672,5779,4684,3663,2864
1989-11-25,1672,5837,4744,3639,2840
1989-11-26,1672,5814,4708,3677,2871
1989-11-27,1673,5871,4657,3687,2826
1989-11-28,1671,5916,4675,3662,2804
1989-11-29,1666,5737,4662,3674,2832
1989-11-30,1653,5791,4632,3646,2822
1989-12-01,1640,5732,4693,3581,2801
1989-12-02,1640,5774,4607,3620,2765
1989-12-03,1640,5751,4511,3600,2756
1989-12-04,1629,5664,4539,3563,2763
1989-12-05,1610,5619,4431,3566,2747
1989-12-06,1606,5581,4484,3510,2740
1989-12-07,1605,5671,4415,3517,2760
1989-12-08,1605,5619,4459,3533,2721
1989-12-09,1605,5713,4433,3572,2692
1989-12-10,1605,5614,4509,3537,2752
1989-12-11,1603,5575,4488,3542,2729
1989-12-12,1604,5538,4503,3520,2732
1989-12-13,1603,5520,4484,3524,2740
1989-12-14,1602,5528,4430,3523,2749
1989-12-15,1603,5624,4509,3535,2725
1989-12-16,1603,5636,4565,3518,2749
1989-12-17,1603,5531,4505,3567,2736
1989-12-18,1603,5655,4471,3515,2712
1989-12-19,1596,5562,4412,3460,2709
1989-12-20,1592,5579,4421,3585,2719
1989-12-21,1590,5646,4470,3488,2689
1989-12-22,1586,5596,4484,3529,2714
1989-12-23,1586,5538,4451,3531,2699
1989-12-24,1586,5506,4473,3518,2704
1989-12-25,1586,5443,4469,3483,2725
1989-12-26,1586,5515,4461,3498,2703
1989-12-27,1585,5537,4412,3449,2696
1989-12-28,1584,5495,4442,3545,2691
1989-12-29,1592,5565,4424,3477,2704
1989-12-30,1592,5576,4458,3495,2713
1989-12-31,1592,5561,4471,3505,2734
1990-01-01,1592,5539,4525,3499,2694
1990-01-02,1599,5605,4425,3498,2705
1990-01-03,1602,5629,4505,3566,2749
1990-01-04,1609,5577,4564,3568,2724
1990-01-05,1619,5737,4564,3571,2757
1990-01-06,1619,5662,4567,3550,2740
1990-01-07,1619,5667,4557,3594,2719
1990-01-08,1637,5765,4636,3587,2787
1990-01-09,1644,5766,4560,3664,2817
1990-01-10,1652,5830,4570,3638,2807
1990-01-11,1655,5807,4634,3678,2784
1990-01-12,1658,5772,4556,3644,2821
1990-01-13,1658,5821,4692,3650,2803
1990-01-14,1658,5746,4691,3684,2766
1990-01-15,1660,5815,4631,3718,2820
1990-01-16,1663,5819,4642,3705,2837
1990-01-17,1663,5810,4654,3685,2851
1990-01-18,1664,5818,4661,3678,2864
1990-01-19,1669,5747,4678,3657,2850
1990-01-20,1669,5814,4696,3681,2856
1990-01-21,1669,5846,4666,3644,2812
1990-01-22,1668,5846,4708,3681,2868
1990-01-23,1663,5769,4674,3672,2852
1990-01-24,1653,5849,4604,3578,2803
1990-01-25,1646,5718,4662,3622,2812
1990-01-26,1651,5827,4568,3645,2818
1990-01-27,1651,5800,4619,3630,2836
1990-01-28,1651,5746,4661,3643,2804
1990-01-29,1648,5857,4585,3585,2787
1990-01-30,1644,5694,4616,3594,2785
1990-01-31,1644,5800,4625,3648,2813
1990-02-01,1642,5797,4563,3612,2753
1990-02-02,1638,5699,4584,3614,2725
1990-02-03,1638,5803,4580,3587,2802
1990-02-04,1638,5720,4564,3604,2790
1990-02-05,1619,5681,4625,3493,2753
1990-02-06,1606,5634,4466,3559,2704
1990-02-07,1588,5551,4487,3548,2665
1990-02-08,1583,5581,4417,3451,2678
1990-02-09,1583,5580,4389,3454,2698
1990-02-10,1583,5453,4437,3496,2679
1990-02-11,1583,5606,4458,3527,2709
1990-02-12,1579,5443,4458,3474,2665
1990-02-13,1579,5578,4484,3437,2674
1990-02-14,1578,5579,4536,3465,2697
1990-02-15,1576,5461,4423,3436,2672
1990-02-16,1576,5495,4386,3447,2673
1990-02-17,1576,5461,4431,3458,2666
1990-02-18,1576,5505,4402,3439,2663
1990-02-19,1576,5501,4450,3444,2686
1990-02-20,1592,5611,4406,3505,2716
1990-02-21,1591,5634,4550,3507,2709
1990-02-22,1591,5638,4489,3457,2692
1990-02-23,1591,5540,4387,3512,2701
1990-02-24,1591,5558,4426,3489,2737
1990-02-25,1591,5484,4487,3522,2676
1990-02-26,1593,5535,4507,3528,2746
1990-02-27,1603,5659,4438,3510,2727
1990-02-28,1604,5695,4520,3547,2723
1990-03-01,1603,5549,4411,3501,2744
1990-03-02,1606,5591,4493,3573,2689
1990-03-03,1606,5620,4541,3509,2758
1990-03-04,1606,5635,4475,3544,2767
1990-03-05,1610,5595,4448,3536,2759
1990-03-06,1614,5670,4525,3520,2702
1990-03-07,1618,5639,4506,3587,2766
1990-03-08,1622,5676,4567,3550,2790
1990-03-09,1629,5729,4526,3533,2800
1990-03-10,1629,5702,4530,3497,2741
1990-03-11,1629,5680,4480,3558,2790
1990-03-12,1628,5693,4565,3623,2804
1990-03-13,1628,5694,4552,3619,2768
1990-03-14,1627,5676,4508,3558,2737
1990-03-15,1620,5657,4544,3553,2771
1990-03-16,1606,5701,4538,3519,2751
1990-03-17,1606,5649,4488,3493,2727
1990-03-18,1606,5606,4508,3505,2706
1990-03-19,1594,5614,4474,3536,2729
1990-03-20,1590,5548,4404,3513,2688
1990-03-21,1570,5554,4478,3462,2677
1990-03-22,1569,5510,4374,3412,2698
1990-03-23,1557,5444,4386,3428,2614
1990-03-24,1557,5472,4390,3356,2665
1990-03-25,1557,5371,4354,3451,2643
1990-03-26,1550,5369,4364,3418,2631
1990-03-27,1546,5351,4339,3361,2638
1990-03-28,1539,5394,4252,3434,2601
1990-03-29,1532,5449,4276,3317,2581
1990-03-30,1529,5463,4257,3380,2564
1990-03-31,1529,5383,4263,3380,2624
1990-04-01,1529,5377,4229,3327,2592
1990-04-02,1528,5258,4323,3360,2609
1990-04-03,1513,5268,4300,3279,2562
1990-04-04,1499,5207,4236,3212,2525
1990-04-05,1483,5159,4203,3231,2534
1990-04-06,1466,5123,4091,3207,2499
1990-04-07,1466,5107,4079,3245,2487
1990-04-08,1466,5032,4074,3227,2498
1990-04-09,1462,5154,4119,3219,2466
1990-04-10,1462,5063,4103,3186,2507
1990-04-11,1459,5118,4082,3194,2506
1990-04-12,1456,5200,4129,3175,2490
1990-04-13,1456,5050,4093,3166,2468
1990-04-14,1456,4969,4043,3185,2476
1990-04-15,1456,5082,4050,3205,2507
1990-04-16,1456,5151,4104,3186,2501
1990-04-17,1447,5162,4093,3174,2500
1990-04-18,1444,4993,4065,3198,2439
1990-04-19,1436,5051,4097,3144,2424
1990-04-20,1418,4940,4036,3080,2413
1990-04-21,1418,4958,3988,3137,2419
1990-04-22,1418,5095,3937,3128,2408
1990-04-23,1414,4874,3907,3121,2396
1990-04-24,1402,4920,3910,3103,2409
1990-04-25,1390,4888,3922,3072,2361
1990-04-26,1379,4881,3934,3035,2320
1990-04-27,1373,4810,3861,3092,2312
1990-04-28,1373,4821,3891,2982,2339
1990-04-29,1373,4786,3835,3003,2394
1990-04-30,1361,4777,3836,3023,2294
1990-05-01,1355,4725,3827,2985,2297
1990-05-02,1352,4763,3706,2997,2346
1990-05-03,1345,4689,3749,2964,2277
1990-05-04,1340,4709,3790,2989,2287
1990-05-05,1340,4689,3763,2918,2316
1990-05-06,1340,4746,3704,2988,2259
1990-05-07,1340,4687,3655,2983,2272
1990-05-08,1330,4566,3709,2890,2251
1990-05-09,1321,4687,3696,2925,2215
1990-05-10,1317,4564,3652,2896,2270
1990-05-11,1313,4563,3682,2870,2220
1990-05-12,1313,4566,3697,2832,2215
1990-05-13,1313,4664,3703,2858,2223
1990-05-14,1305,4461,3560,2892,2237
1990-05-15,1305,4724,3601,2895,2221
1990-05-16,1305,4620,3642,2865,2203
1990-05-17,1309,4593,3688,2904,2233
1990-05-18,1311,4586,3690,2913,2245
1990-05-19,1311,4603,3690,2889,2228
1990-05-20,1311,4615,3655,2863,2224
1990-05-21,1315,4635,3669,2906,2256
1990-05-22,1316,4634,3656,2910,2234
1990-05-23,1317,4614,3718,2918,2271
1990-05-24,1317,4600,3651,2923,2224
1990-05-25,1313,4588,3710,2848,2216
1990-05-26,1313,4586,3685,2873,2214
1990-05-27,1313,4652,3675,2832,2227
1990-05-28,1313,4625,3650,2911,2232
1990-05-29,1304,4417,3597,2862,2190
1990-05-30,1303,4593,3622,2880,2217
1990-05-31,1299,4556,3624,2814,2220
1990-06-01,1301,4553,3548,2904,2182
1990-06-02,1301,4534,3635,2826,2201
1990-06-03,1301,4610,3680,2885,2223
1990-06-04,1302,4604,3668,2868,2192
1990-06-05,1305,4529,3634,2865,2212
1990-06-06,1302,4577,3647,2856,2235
1990-06-07,1297,4491,3609,2834,2241
1990-06-08,1278,4404,3584,2850,2181
1990-06-09,1278,4442,3640,2812,2169
1990-06-10,1278,4516,3617,2774,2163
1990-06-11,1264,4472,3560,2769,2167
1990-06-12,1254,4415,3491,2763,2154
1990-06-13,1243,4387,3510,2762,2090
1990-06-14,1232,4338,3382,2692,2113
1990-06-15,1219,4234,3403,2666,2060
1990-06-16,1219,4288,3437,2683,2055
1990-06-17,1219,4307,3443,2708,2069
1990-06-18,1197,4227,3378,2592,2055
1990-06-19,1181,4193,3319,2613,2014
1990-06-20,1169,4127,3265,2558,1993
1990-06-21,1159,4074,3267,2540,1977
1990-06-22,1152,4086,3187,2594,1968
1990-06-23,1152,4031,3192,2529,1956
1990-06-24,1152,3988,3228,2557,1971
1990-06-25,1148,4010,3221,2547,1938
1990-06-26,1144,3967,3130,2481,1958
1990-06-27,1128,3914,3177,2426,1935
1990-06-28,1110,3878,3139,2467,1901
1990-06-29,1089,3772,3046,2363,1866
1990-06-30,1089,3796,3144,2346,1861
1990-07-01,1089,3717,3022,2427,1875
1990-07-02,1082,3798,3015,2350,1794
1990-07-03,1075,3763,2994,2342,1845
1990-07-04,1073,3715,3001,2420,1864
1990-07-05,1065,3760,2969,2293,1798
1990-07-06,1067,3781,2931,2310,1799
1990-07-07,1067,3654,2966,2334,1840
1990-07-08,1067,3696,2984,2340,1795
1990-07-09,1068,3700,3040,2323,1802
1990-07-10,1069,3695,3081,2317,1821
1990-07-11,1056,3737,3010,2368,1779
1990-07-12,1064,3714,2948,2349,1826
1990-07-13,1078,3760,2991,2389,1817
1990-07-14,1078,3673,3012,2367,1840
1990-07-15,1078,3805,3090,2380,1838
1990-07-16,1080,3718,3017,2404,1869
1990-07-17,1086,3804,2988,2359,1870
1990-07-18,1091,3832,3035,2408,1844
1990-07-19,1095,3901,3096,2430,1836
1990-07-20,1129,3886,3189,2530,1936
1990-07-21,1129,3801,3153,2542,1906
1990-07-22,1129,3961,3189,2486,1913
1990-07-23,1138,4073,3095,2538,1913
1990-07-24,1141,4055,3199,2430,1953
1990-07-25,1142,4007,3232,2559,1928
1990-07-26,1150,4000,3187,2508,1954
1990-07-27,1157,4090,3206,2538,1967
1990-07-28,1157,4001,3165,2559,1971
1990-07-29,1157,4073,3303,2541,1980
1990-07-30,1161,4089,3222,2560,1969
1990-07-31,1165,4131,3272,2611,1966
1990-08-01,1175,4250,3314,2573,1960
1990-08-02,1185,4167,3378,2574,2017
1990-08-03,1180,4105,3298,2650,2003
1990-08-04,1180,4129,3282,2612,1992
1990-08-05,1180,4042,3311,2654,2007
1990-08-06,1182,4102,3361,2626,2027
1990-08-07,1188,4138,3320,2574,2042
1990-08-08,1206,4195,3339,2673,2019
1990-08-09,1220,4278,3354,2654,2067
1990-08-10,1232,4271,3401,2711,2114
1990-08-11,1232,4368,3484,2708,2126
1990-08-12,1232,4312,3437,2662,2078
1990-08-13,1237,4329,3439,2697,2130
1990-08-14,1237,4313,3435,2788,2076
1990-08-15,1236,4334,3464,2726,2124
1990-08-16,1228,4339,3429,2696,2082
1990-08-17,1226,4248,3422,2752,2115
1990-08-18,1226,4258,3487,2685,2075
1990-08-19,1226,4276,3494,2694,2078
1990-08-20,1222,4210,3357,2718,2075
1990-08-21,1222,4236,3435,2676,2047
1990-08-22,1220,4246,3385,2662,2039
1990-08-23,1221,4317,3409,2619,2086
1990-08-24,1220,4283,3428,2656,2094
1990-08-25,1220,4280,3407,2656,2086
1990-08-26,1220,4313,3425,2689,2049
1990-08-27,1220,4263,3443,2666,2084
1990-08-28,1215,4272,3414,2738,2046
1990-08-29,1210,4230,3362,2630,2065
1990-08-30,1210,4248,3363,2704,2080
1990-08-31,1208,4199,3325,2664,2061
1990-09-01,1208,4106,3348,2682,2083
1990-09-02,1208,4221,3461,2680,2051
1990-09-03,1203,4282,3337,2580,2041
1990-09-04,1193,4222,3293,2624,2029
1990-09-05,1192,4220,3350,2615,2000
1990-09-06,1194,4241,3339,2593,2022
1990-09-07,1193,4180,3333,2638,2022
1990-09-08,1193,4185,3397,2676,2022
1990-09-09,1193,4145,3362,2544,2033
1990-09-10,1191,4153,3314,2604,1995
1990-09-11,1191,4199,3318,2583,2002
1990-09-12,1191,4229,3315,2622,2047
1990-09-13,1191,4162,3370,2610,1985
1990-09-14,1197,4167,3339,2615,2047
1990-09-15,1197,4190,3280,2654,2027
1990-09-16,1197,4220,3350,2682,2038
1990-09-17,1200,4128,3299,2720,2071
1990-09-18,1197,4075,3439,2611,2032
1990-09-19,1195,4155,3307,2574,2044
1990-09-20,1188,4097,3320,2630,2021
1990-09-21,1182,4112,3320,2649,2007
1990-09-22,1182,4130,3298,2625,2005
1990-09-23,1182,4114,3298,2649,2023
1990-09-24,1179,4199,3318,2587,1990
1990-09-25,1175,4129,3351,2567,1975
1990-09-26,1170,4110,3307,2577,1990
1990-09-27,1168,4119,3330,2560,1989
1990-09-28,1168,4031,3229,2589,1949
1990-09-29,1168,4140,3283,2599,1985
1990-09-30,1168,4084,3277,2601,1961
1990-10-01,1167,4118,3282,2583,1996
1990-10-02,1165,4024,3317,2570,1944
1990-10-03,1163,3993,3248,2582,2016
1990-10-04,1155,4083,3218,2482,1957
1990-10-05,1171,4117,3300,2583,1973
1990-10-06,1171,4053,3208,2578,1985
1990-10-07,1171,4055,3269,2583,2002
1990-10-08,1180,4186,3299,2593,2024
1990-10-09,1179,4067,3264,2607,1999
1990-10-10,1183,4223,3355,2585,1982
1990-10-11,1191,4123,3292,2654,2000
1990-10-12,1217,4291,3402,2692,2075
1990-10-13,1217,4243,3419,2682,2089
1990-10-14,1217,4290,3462,2656,2091
1990-10-15,1230,4278,3444,2730,2094
1990-10-16,1236,4318,3498,2725,2121
1990-10-17,1247,4367,3520,2721,2158
1990-10-18,1268,4388,3555,2788,2179
1990-10-19,1274,4496,3524,2822,2184
1990-10-20,1274,4433,3510,2819,2150
1990-10-21,1274,4448,3571,2817,2185
1990-10-22,1330,4605,3702,2929,2270
1990-10-23,1336,4548,3778,2970,2284
1990-10-24,1328,4638,3748,2959,2283
1990-10-25,1327,4765,3708,2942,2263
1990-10-26,1320,4659,3650,2886,2242
1990-10-27,1320,4619,3716,2872,2223
1990-10-28,1320,4607,3655,2888,2238
1990-10-29,1312,4593,3643,2945,2235
1990-10-30,1308,4605,3623,2886,2229
1990-10-31,1309,4522,3660,2944,2230
1990-11-01,1311,4644,3718,2881,2248
1990-11-02,1312,4628,3673,2879,2248
1990-11-03,1312,4628,3656,2884,2229
1990-11-04,1312,4614,3613,2884,2213
1990-11-05,1312,4593,3696,2863,2238
1990-11-06,1306,4605,3626,2839,2265
1990-11-07,1309,4611,3670,2895,2232
1990-11-08,1284,4476,3581,2856,2177
1990-11-09,1280,4451,3618,2889,2187
1990-11-10,1280,4485,3578,2803,2188
1990-11-11,1280,4557,3582,2805,2188
1990-11-12,1281,4422,3606,2795,2205
1990-11-13,1280,4407,3668,2850,2184
1990-11-14,1287,4513,3639,2856,2214
1990-11-15,1293,4528,3617,2818,2203
1990-11-16,1298,4552,3635,2829,2237
1990-11-17,1298,4555,3613,2884,2231
1990-11-18,1298,4532,3596,2867,2225
1990-11-19,1300,4624,3618,2883,2226
1990-11-20,1305,4487,3623,2845,2265
1990-11-21,1306,4530,3683,2817,2242
1990-11-22,1310,4580,3625,2856,2210
1990-11-23,1312,4510,3727,2907,2235
1990-11-24,1312,4583,3704,2950,2225
1990-11-25,1312,4675,3674,2874,2272
1990-11-26,1317,4611,3688,2966,2264
1990-11-27,1324,4646,3685,2938,2291
1990-11-28,1329,4588,3732,2882,2244
1990-11-29,1340,4659,3796,2954,2300
1990-11-30,1348,4699,3746,2992,2264
1990-12-01,1348,4702,3713,2893,2260
1990-12-02,1348,4782,3803,2985,2284
1990-12-03,1365,4805,3835,3038,2351
1990-12-04,1388,4802,3842,3066,2340
1990-12-05,1430,5017,3975,3144,2431
1990-12-06,1447,5089,4017,3178,2484
1990-12-07,1451,5136,4034,3185,2484
1990-12-08,1451,5158,4050,3157,2511
1990-12-09,1451,5028,4052,3172,2467
1990-12-10,1450,5034,4034,3178,2456
1990-12-11,1456,5033,4046,3207,2453
1990-12-12,1452,5070,4056,3178,2461
1990-12-13,1449,5095,4064,3162,2441
1990-12-14,1441,5093,4022,3193,2414
1990-12-15,1441,5040,4081,3181,2489
1990-12-16,1441,5028,4055,3154,2451
1990-12-17,1437,5037,3960,3177,2495
1990-12-18,1438,4991,4047,3150,2428
1990-12-19,1443,5155,4065,3176,2445
1990-12-20,1445,4977,4029,3208,2441
1990-12-21,1449,5081,3997,3170,2450
1990-12-22,1449,5173,4058,3153,2481
1990-12-23,1449,5072,4057,3183,2475
1990-12-24,1449,5062,4012,3147,2481
1990-12-25,1449,5054,3999,3179,2490
1990-12-26,1449,5062,4054,3179,2485
1990-12-27,1450,5144,4051,3116,2445
1990-12-28,1446,4950,4032,3197,2448
1990-12-29,1446,5138,4045,3176,2461
1990-12-30,1446,4990,4005,3217,2533
1990-12-31,1446,5048,4031,3188,2474
1991-01-01,1446,5040,4070,3203,2460
1991-01-02,1447,5094,4038,3219,2473
1991-01-03,1446,4981,3982,3177,2446
1991-01-04,1436,5049,4002,3159,2446
1991-01-05,1436,5127,3978,3112,2460
1991-01-06,1436,4958,4031,3196,2441
1991-01-07,1435,5032,4031,3153,2424
1991-01-08,1432,4979,3943,3120,2433
1991-01-09,1433,5037,4043,3175,2430
1991-01-10,1432,5013,3965,3085,2407
1991-01-11,1439,5004,4092,3153,2435
1991-01-12,1439,5061,4027,3193,2418
1991-01-13,1439,5127,3979,3153,2422
1991-01-14,1440,5030,3986,3146,2425
1991-01-15,1443,5086,4054,3162,2472
1991-01-16,1443,4986,4025,3114,2483
1991-01-17,1443,5003,4037,3196,2422
1991-01-18,1445,5081,4111,3175,2488
1991-01-19,1445,5132,4018,3171,2434
1991-01-20,1445,5075,4048,3171,2471
1991-01-21,1448,5052,4111,3186,2467
1991-01-22,1452,5082,4076,3214,2481
1991-01-23,1460,5047,4024,3210,2459
1991-01-24,1465,5158,4122,3182,2454
1991-01-25,1466,5175,4058,3242,2476
1991-01-26,1466,5108,4161,3240,2501
1991-01-27,1466,5107,4072,3231,2531
1991-01-28,1467,5148,4226,3260,2473
1991-01-29,1466,5109,4163,3226,2490
1991-01-30,1466,5128,4073,3259,2477
1991-01-31,1473,5260,4125,3283,2504
1991-02-01,1482,5175,4180,3278,2481
1991-02-02,1482,5169,4181,3238,2549
1991-02-03,1482,5155,4167,3256,2520
1991-02-04,1486,5238,4211,3306,2545
1991-02-05,1489,5202,4164,3231,2527
1991-02-06,1510,5253,4213,3310,2571
1991-02-07,1525,5404,4256,3345,2615
1991-02-08,1544,5475,4358,3371,2627
1991-02-09,1544,5374,4338,3423,2628
1991-02-10,1544,5311,4335,3408,2609
1991-02-11,1553,5486,4380,3395,2629
1991-02-12,1561,5429,4289,3452,2633
1991-02-13,1576,5556,4425,3462,2664
1991-02-14,1590,5466,4461,3471,2728
1991-02-15,1610,5680,4575,3521,2773
1991-02-16,1610,5574,4447,3555,2712
1991-02-17,1610,5672,4570,3570,2745
1991-02-18,1613,5646,4519,3534,2736
1991-02-19,1637,5682,4603,3618,2811
1991-02-20,1654,5769,4698,3686,2814
1991-02-21,1664,5858,4682,3623,2829
1991-02-22,1671,5854,4695,3687,2826
1991-02-23,1671,5878,4688,3701,2810
1991-02-24,1671,5947,4659,3673,2856
1991-02-25,1674,5781,4686,3720,2853
1991-02-26,1680,5961,4675,3762,2864
1991-02-27,1702,5962,4764,3755,2881
1991-02-28,1704,5919,4678,3742,2894
1991-03-01,1707,5908,4797,3785,2918
1991-03-02,1707,5965,4775,3781,2922
1991-03-03,1707,6021,4766,3680,2878
1991-03-04,1714,5993,4808,3771,2901
1991-03-05,1726,6117,4775,3785,2906
1991-03-06,1744,6031,4960,3849,2969
1991-03-07,1757,6149,4915,3860,3005
1991-03-08,1763,6108,4931,3876,2992
1991-03-09,1763,6189,4898,3853,2984
1991-03-10,1763,6215,4937,3901,2990
1991-03-11,1763,6149,4992,3928,3043
1991-03-12,1771,6068,5000,3871,3035
1991-03-13,1780,6240,5018,3874,3041
1991-03-14,1770,6217,4978,3895,3015
1991-03-15,1761,6184,4916,3873,2993
1991-03-16,1761,6225,4873,3909,2976
1991-03-17,1761,6110,4923,3837,2972
1991-03-18,1746,6145,4879,3825,2957
1991-03-19,1732,6122,4892,3746,2925
1991-03-20,1723,5942,4837,3832,2917
1991-03-21,1718,6029,4875,3787,2919
1991-03-22,1711,5963,4839,3750,2908
1991-03-23,1711,5984,4773,3725,2896
1991-03-24,1711,6006,4719,3727,2919
1991-03-25,1691,5894,4790,3733,2871
1991-03-26,1670,5811,4730,3641,2843
1991-03-27,1645,5759,4551,3622,2782
1991-03-28,1609,5577,4566,3601,2749
1991-03-29,1609,5577,4520,3529,2725
1991-03-30,1609,5665,4512,3511,2767
1991-03-31,1609,5574,4570,3551,2731
1991-04-01,1609,5665,4559,3503,2733
1991-04-02,1599,5620,4503,3569,2730
1991-04-03,1596,5500,4488,3553,2729
1991-04-04,1597,5556,4496,3508,2733
1991-04-05,1598,5653,4458,3489,2752
1991-04-06,1598,5544,4472,3503,2730
1991-04-07,1598,5570,4438,3507,2715
1991-04-08,1608,5651,4489,3549,2723
1991-04-09,1611,5678,4496,3575,2736
1991-04-10,1593,5563,4435,3474,2738
1991-04-11,1588,5528,4452,3524,2672
1991-04-12,1588,5629,4433,3512,2683
1991-04-13,1588,5645,4466,3478,2695
1991-04-14,1588,5607,4382,3461,2683
1991-04-15,1583,5545,4428,3486,2683
1991-04-16,1582,5497,4435,3449,2726
1991-04-17,1580,5488,4412,3507,2680
1991-04-18,1579,5553,4414,3440,2693
1991-04-19,1586,5572,4377,3506,2663
1991-04-20,1586,5621,4455,3487,2674
1991-04-21,1586,5584,4467,3472,2715
1991-04-22,1596,5511,4489,3508,2747
1991-04-23,1600,5653,4522,3552,2724
1991-04-24,1632,5662,4578,3555,2768
1991-04-25,1630,5686,4583,3574,2781
1991-04-26,1630,5718,4570,3563,2719
1991-04-27,1630,5805,4592,3585,2776
1991-04-28,1630,5860,4501,3565,2750
1991-04-29,1630,5735,4528,3533,2787
1991-04-30,1626,5682,4616,3546,2720
1991-05-01,1624,5711,4449,3622,2748
1991-05-02,1620,5714,4530,3571,2753
1991-05-03,1613,5629,4563,3555,2727
1991-05-04,1613,5735,4513,3540,2735
1991-05-05,1613,5657,4500,3547,2760
1991-05-06,1613,5670,4522,3536,2742
1991-05-07,1612,5675,4499,3562,2722
1991-05-08,1626,5712,4554,3580,2783
1991-05-09,1633,5757,4545,3557,2781
1991-05-10,1636,5695,4625,3607,2787
1991-05-11,1636,5698,4638,3525,2763
1991-05-12,1636,5671,4575,3612,2730
1991-05-13,1639,5758,4534,3564,2768
1991-05-14,1639,5775,4568,3603,2766
1991-05-15,1642,5770,4590,3577,2779
1991-05-16,1649,5855,4637,3628,2786
1991-05-17,1660,5810,4608,3669,2824
1991-05-18,1660,5843,4617,3697,2840
1991-05-19,1660,5755,4668,3606,2844
1991-05-20,1669,5822,4711,3701,2854
1991-05-21,1677,5904,4671,3693,2833
1991-05-22,1685,5940,4665,3693,2866
1991-05-23,1699,5932,4889,3761,2920
1991-05-24,1715,5999,4833,3766,2884
1991-05-25,1715,5927,4791,3795,2942
1991-05-26,1715,5985,4837,3743,2896
1991-05-27,1715,6047,4797,3754,2921
1991-05-28,1734,6098,4890,3843,2956
1991-05-29,1743,6126,4887,3879,2967
1991-05-30,1747,6117,4895,3842,3014
1991-05-31,1757,6150,4915,3782,2981
1991-06-01,1757,6116,4862,3859,2954
1991-06-02,1757,6184,4997,3866,2994
1991-06-03,1758,6174,4885,3861,2985
1991-06-04,1752,6157,4851,3864,2989
1991-06-05,1735,6046,4849,3803,2967
1991-06-06,1707,5867,4741,3781,2901
1991-06-07,1695,5987,4744,3694,2890
1991-06-08,1695,5909,4774,3766,2884
1991-06-09,1695,5889,4786,3776,2917
1991-06-10,1684,5929,4748,3677,2855
1991-06-11,1678,5853,4686,3664,2839
1991-06-12,1685,5950,4720,3719,2882
1991-06-13,1701,5984,4779,3707,2873
1991-06-14,1704,5998,4701,3734,2905
1991-06-15,1704,5896,4794,3782,2893
1991-06-16,1704,6025,4713,3771,2895
1991-06-17,1706,5984,4858,3813,2949
1991-06-18,1704,5946,4755,3754,2921
1991-06-19,1706,5978,4769,3735,2921
1991-06-20,1702,5868,4735,3746,2904
1991-06-21,1703,5981,4743,3742,2881
1991-06-22,1703,5909,4859,3743,2900
1991-06-23,1703,5893,4806,3746,2907
1991-06-24,1700,5874,4698,3712,2894
1991-06-25,1706,6027,4837,3762,2902
1991-06-26,1708,5947,4830,3715,2896
1991-06-27,1706,6048,4766,3732,2906
1991-06-28,1703,5934,4781,3743,2885
1991-06-29,1703,5875,4768,3679,2909
1991-06-30,1703,5905,4847,3770,2855
1991-07-01,1699,6008,4725,3676,2915
1991-07-02,1695,5925,4752,3749,2855
1991-07-03,1689,5884,4712,3677,2850
1991-07-04,1674,5867,4630,3671,2854
1991-07-05,1663,5846,4744,3674,2838
1991-07-06,1663,5876,4609,3725,2869
1991-07-07,1663,5893,4665,3662,2833
1991-07-08,1649,5754,4548,3568,2802
1991-07-09,1636,5660,4565,3628,2785
1991-07-10,1605,5597,4511,3524,2760
1991-07-11,1586,5564,4408,3491,2745
1991-07-12,1561,5415,4394,3451,2650
1991-07-13,1561,5416,4360,3367,2665
1991-07-14,1561,5481,4417,3434,2652
1991-07-15,1542,5395,4372,3380,2620
1991-07-16,1537,5381,4280,3418,2650
1991-07-17,1529,5314,4284,3386,2581
1991-07-18,1523,5319,4272,3302,2542
1991-07-19,1526,5295,4298,3395,2601
1991-07-20,1526,5386,4273,3371,2618
1991-07-21,1526,5393,4280,3311,2599
1991-07-22,1519,5224,4243,3343,2592
1991-07-23,1513,5249,4241,3360,2587
1991-07-24,1499,5172,4249,3261,2551
1991-07-25,1498,5210,4220,3337,2558
1991-07-26,1496,5232,4217,3246,2554
1991-07-27,1496,5164,4218,3267,2504
1991-07-28,1496,5190,4183,3263,2545
1991-07-29,1485,5147,4171,3308,2493
1991-07-30,1474,5169,4084,3228,2505
1991-07-31,1466,5134,4156,3190,2482
1991-08-01,1460,5074,3977,3225,2503
1991-08-02,1442,5056,4034,3192,2456
1991-08-03,1442,5020,4083,3192,2461
1991-08-04,1442,5033,3983,3164,2448
1991-08-05,1436,5110,4037,3167,2462
1991-08-06,1436,5093,3994,3140,2409
1991-08-07,1437,4965,4009,3212,2425
1991-08-08,1442,5088,4075,3207,2477
1991-08-09,1456,5137,4085,3236,2466
1991-08-10,1456,5039,3995,3227,2432
1991-08-11,1456,5137,4038,3219,2504
1991-08-12,1473,5232,4163,3203,2526
1991-08-13,1483,5134,4170,3282,2535
1991-08-14,1492,5176,4248,3286,2538
1991-08-15,1518,5364,4318,3378,2614
1991-08-16,1530,5369,4270,3390,2626
1991-08-17,1530,5383,4384,3383,2632
1991-08-18,1530,5372,4285,3315,2615
1991-08-19,1526,5361,4234,3355,2597
1991-08-20,1520,5254,4231,3327,2576
1991-08-21,1511,5341,4141,3332,2543
1991-08-22,1506,5329,4281,3301,2570
1991-08-23,1513,5284,4300,3320,2584
1991-08-24,1513,5293,4196,3342,2565
1991-08-25,1513,5219,4227,3316,2584
1991-08-26,1513,5321,4240,3332,2565
1991-08-27,1521,5352,4220,3301,2603
1991-08-28,1526,5338,4203,3332,2577
1991-08-29,1533,5422,4284,3392,2585
1991-08-30,1545,5391,4313,3362,2622
1991-08-31,1545,5436,4310,3436,2643
1991-09-01,1545,5357,4335,3428,2603
1991-09-02,1548,5417,4392,3398,2653
1991-09-03,1546,5402,4317,3491,2595
1991-09-04,1543,5412,4327,3432,2618
1991-09-05,1544,5386,4352,3368,2597
1991-09-06,1543,5394,4343,3417,2571
1991-09-07,1543,5442,4296,3397,2630
1991-09-08,1543,5379,4324,3371,2620
1991-09-09,1547,5334,4354,3371,2602
1991-09-10,1549,5509,4292,3438,2623
1991-09-11,1552,5501,4396,3396,2647
1991-09-12,1553,5371,4406,3414,2633
1991-09-13,1552,5466,4317,3387,2634
1991-09-14,1552,5407,4353,3392,2630
1991-09-15,1552,5445,4371,3411,2627
1991-09-16,1546,5426,4307,3413,2616
1991-09-17,1545,5396,4345,3321,2614
1991-09-18,1542,5358,4324,3393,2606
1991-09-19,1541,5359,4256,3368,2599
1991-09-20,1540,5344,4330,3430,2610
1991-09-21,1540,5348,4268,3476,2605
1991-09-22,1540,5387,4350,3377,2597
1991-09-23,1532,5326,4263,3319,2620
1991-09-24,1523,5365,4258,3354,2614
1991-09-25,1522,5401,4316,3342,2587
1991-09-26,1524,5305,4287,3412,2592
1991-09-27,1524,5346,4224,3403,2577
1991-09-28,1524,5359,4227,3379,2612
1991-09-29,1524,5358,4243,3335,2626
1991-09-30,1524,5338,4283,3373,2588
1991-10-01,1528,5385,4293,3370,2587
1991-10-02,1542,5421,4284,3400,2628
1991-10-03,1547,5353,4285,3357,2632
1991-10-04,1551,5472,4354,3444,2627
1991-10-05,1551,5473,4336,3415,2646
1991-10-06,1551,5390,4429,3409,2655
1991-10-07,1558,5455,4364,3410,2633
1991-10-08,1563,5505,4449,3415,2708
1991-10-09,1570,5485,4349,3464,2638
1991-10-10,1579,5580,4358,3421,2667
1991-10-11,1593,5694,4416,3528,2713
1991-10-12,1593,5536,4508,3473,2753
1991-10-13,1593,5506,4531,3443,2697
1991-10-14,1605,5633,4463,3586,2707
1991-10-15,1612,5678,4495,3521,2751
1991-10-16,1621,5662,4492,3545,2751
1991-10-17,1634,5792,4503,3629,2791
1991-10-18,1639,5670,4618,3661,2785
1991-10-19,1639,5771,4598,3560,2769
1991-10-20,1639,5706,4590,3577,2833
1991-10-21,1643,5836,4544,3588,2734
1991-10-22,1643,5850,4666,3643,2830
1991-10-23,1644,5716,4583,3666,2813
1991-10-24,1647,5737,4633,3591,2785
1991-10-25,1649,5814,4559,3670,2841
1991-10-26,1649,5752,4610,3607,2776
1991-10-27,1649,5769,4629,3638,2823
1991-10-28,1650,5776,4633,3592,2763
1991-10-29,1651,5683,4629,3629,2784
1991-10-30,1650,5774,4640,3627,2782
1991-10-31,1655,5758,4589,3632,2798
1991-11-01,1654,5764,4639,3650,2812
1991-11-02,1654,5861,4636,3609,2795
1991-11-03,1654,5726,4640,3612,2771
1991-11-04,1653,5826,4631,3650,2819
1991-11-05,1656,5782,4586,3683,2816
1991-11-06,1659,5793,4592,3649,2828
1991-11-07,1654,5829,4543,3654,2815
1991-11-08,1654,5806,4664,3662,2831
1991-11-09,1654,5818,4664,3664,2810
1991-11-10,1654,5837,4665,3610,2832
1991-11-11,1641,5727,4607,3587,2774
1991-11-12,1639,5706,4504,3585,2772
1991-11-13,1630,5651,4523,3644,2799
1991-11-14,1624,5643,4554,3588,2788
1991-11-15,1609,5779,4511,3554,2747
1991-11-16,1609,5694,4496,3551,2718
1991-11-17,1609,5564,4520,3500,2716
1991-11-18,1608,5562,4503,3596,2760
1991-11-19,1605,5642,4499,3545,2754
1991-11-20,1598,5620,4449,3537,2715
1991-11-21,1595,5610,4505,3456,2758
1991-11-22,1597,5577,4454,3537,2724
1991-11-23,1597,5583,4418,3503,2693
1991-11-24,1597,5606,4441,3474,2709
1991-11-25,1602,5611,4472,3496,2724
1991-11-26,1600,5489,4520,3482,2722
1991-11-27,1599,5585,4476,3479,2743
1991-11-28,1595,5540,4459,3511,2692
1991-11-29,1589,5570,4399,3484,2675
1991-11-30,1589,5711,4481,3506,2713
1991-12-01,1589,5580,4423,3546,2691
1991-12-02,1581,5518,4423,3474,2736
1991-12-03,1575,5559,4469,3398,2696
1991-12-04,1574,5533,4428,3456,2665
1991-12-05,1564,5495,4314,3477,2683
1991-12-06,1561,5494,4300,3432,2668
1991-12-07,1561,5566,4368,3480,2666
1991-12-08,1561,5407,4322,3448,2651
1991-12-09,1555,5466,4380,3366,2652
1991-12-10,1553,5389,4350,3420,2598
1991-12-11,1552,5460,4352,3423,2665
1991-12-12,1548,5372,4306,3438,2563
1991-12-13,1547,5394,4401,3458,2621
1991-12-14,1547,5400,4445,3431,2598
1991-12-15,1547,5463,4320,3417,2620
1991-12-16,1543,5446,4335,3415,2622
1991-12-17,1534,5307,4299,3370,2584
1991-12-18,1528,5351,4268,3318,2542
1991-12-19,1521,5288,4226,3347,2590
1991-12-20,1509,5219,4182,3331,2607
1991-12-21,1509,5271,4180,3284,2558
1991-12-22,1509,5266,4241,3360,2584
1991-12-23,1500,5371,4179,3330,2580
1991-12-24,1494,5251,4080,3246,2502
1991-12-25,1494,5160,4201,3328,2531
1991-12-26,1494,5201,4182,3278,2514
1991-12-27,1494,5280,4237,3263,2524
1991-12-28,1494,5333,4198,3319,2574
1991-12-29,1494,5150,4124,3285,2544
1991-12-30,1492,5128,4088,3339,2552
1991-12-31,1494,5323,4154,3261,2539
1992-01-01,1494,5248,4158,3235,2516
1992-01-02,1491,5175,4213,3272,2548
1992-01-03,1489,5238,4169,3299,2556
1992-01-04,1489,5080,4215,3248,2538
1992-01-05,1489,5212,4116,3236,2541
1992-01-06,1479,5193,4180,3261,2490
1992-01-07,1476,5212,4162,3203,2523
1992-01-08,1477,5119,4055,3259,2538
1992-01-09,1484,5198,4208,3255,2531
1992-01-10,1490,5169,4176,3293,2497
1992-01-11,1490,5228,4188,3236,2566
1992-01-12,1490,5170,4137,3317,2514
1992-01-13,1494,5209,4234,3281,2548
1992-01-14,1508,5228,4175,3341,2583
1992-01-15,1521,5356,4292,3375,2607
1992-01-16,1525,5380,4303,3320,2556
1992-01-17,1531,5347,4248,3395,2605
1992-01-18,1531,5360,4366,3325,2604
1992-01-19,1531,5286,4296,3327,2631
1992-01-20,1534,5354,4321,3434,2617
1992-01-21,1534,5366,4234,3408,2637
1992-01-22,1531,5490,4372,3430,2613
1992-01-23,1516,5250,4196,3324,2576
1992-01-24,1502,5330,4247,3307,2557
1992-01-25,1502,5307,4166,3320,2584
1992-01-26,1502,5271,4181,3304,2527
1992-01-27,1483,5278,4184,3240,2539
1992-01-28,1468,5157,4152,3203,2483
1992-01-29,1447,5084,4001,3190,2443
1992-01-30,1440,5037,4076,3136,2468
1992-01-31,1430,5066,4046,3113,2413
1992-02-01,1430,5060,3966,3158,2439
1992-02-02,1430,4974,4068,3143,2421
1992-02-03,1421,4908,3921,3154,2369
1992-02-04,1402,4897,3901,3072,2393
1992-02-05,1393,4835,3920,3047,2371
1992-02-06,1372,4799,3807,3031,2294
1992-02-07,1365,4839,3833,2979,2307
1992-02-08,1365,4755,3832,2983,2284
1992-02-09,1365,4775,3815,2984,2335
1992-02-10,1356,4749,3830,2977,2333
1992-02-11,1349,4764,3768,3021,2310
1992-02-12,1339,4574,3758,2904,2296
1992-02-13,1323,4600,3750,2949,2239
1992-02-14,1315,4613,3714,2915,2246
1992-02-15,1315,4663,3713,2940,2235
1992-02-16,1315,4578,3636,2987,2239
1992-02-17,1299,4453,3658,2901,2227
1992-02-18,1282,4518,3554,2848,2203
1992-02-19,1266,4399,3494,2746,2144
1992-02-20,1260,4351,3525,2736,2114
1992-02-21,1247,4333,3455,2754,2116
1992-02-22,1247,4355,3523,2692,2116
1992-02-23,1247,4334,3524,2762,2126
1992-02-24,1236,4216,3385,2655,2118
1992-02-25,1234,4364,3422,2749,2060
1992-02-26,1227,4358,3377,2690,2072
1992-02-27,1228,4331,3420,2705,2068
1992-02-28,1222,4220,3440,2666,2102
1992-02-29,1222,4267,3412,2631,2073
1992-03-01,1222,4277,3398,2725,2067
1992-03-02,1223,4310,3476,2731,2090
1992-03-03,1227,4328,3343,2689,2074
1992-03-04,1228,4261,3488,2721,2087
1992-03-05,1227,4299,3414,2688,2122
1992-03-06,1227,4317,3432,2708,2122
1992-03-07,1227,4367,3415,2722,2078
1992-03-08,1227,4330,3497,2716,2082
1992-03-09,1229,4341,3392,2744,2077
1992-03-10,1232,4316,3450,2726,2056
1992-03-11,1231,4379,3468,2709,2113
1992-03-12,1231,4329,3382,2685,2141
1992-03-13,1228,4255,3402,2687,2079
1992-03-14,1228,4368,3432,2726,2071
1992-03-15,1228,4333,3403,2657,2082
1992-03-16,1220,4248,3383,2717,2076
1992-03-17,1215,4229,3388,2665,2043
1992-03-18,1222,4292,3448,2664,2068
1992-03-19,1223,4304,3411,2658,2099
1992-03-20,1215,4262,3445,2693,2068
1992-03-21,1215,4268,3362,2673,2091
1992-03-22,1215,4337,3352,2721,2073
1992-03-23,1214,4303,3476,2633,2042
1992-03-24,1212,4252,3367,2649,2049
1992-03-25,1211,4286,3338,2661,2064
1992-03-26,1204,4162,3302,2626,2024
1992-03-27,1197,4209,3395,2634,2010
1992-03-28,1197,4280,3338,2643,2011
1992-03-29,1197,4179,3341,2648,2045
1992-03-30,1186,4109,3314,2654,2009
1992-03-31,1180,4097,3345,2557,2030
1992-04-01,1179,4072,3294,2604,1986
1992-04-02,1176,4077,3387,2568,1950
1992-04-03,1170,4076,3281,2587,1986
1992-04-04,1170,4025,3318,2587,2022
1992-04-05,1170,4096,3308,2544,1990
1992-04-06,1160,4105,3247,2525,1945
1992-04-07,1154,3994,3208,2554,1929
1992-04-08,1149,4097,3230,2529,1977
1992-04-09,1143,4026,3221,2508,1927
1992-04-10,1143,4052,3177,2534,1974
1992-04-11,1143,3968,3207,2537,1956
1992-04-12,1143,4043,3250,2499,1928
1992-04-13,1151,3974,3306,2507,1980
1992-04-14,1163,4115,3291,2521,1959
1992-04-15,1169,4100,3348,2573,1958
1992-04-16,1173,4133,3259,2538,1977
1992-04-17,1173,4047,3312,2584,2009
1992-04-18,1173,4061,3338,2617,2017
1992-04-19,1173,4135,3249,2570,1986
1992-04-20,1173,4058,3265,2565,1957
1992-04-21,1175,4136,3360,2645,1966
1992-04-22,1176,4048,3254,2632,1978
1992-04-23,1179,4169,3248,2571,1978
1992-04-24,1185,4086,3379,2611,2020
1992-04-25,1185,4175,3366,2617,2053
1992-04-26,1185,4179,3335,2613,2030
1992-04-27,1188,4123,3325,2668,1997
1992-04-28,1192,4201,3320,2625,2013
1992-04-29,1201,4217,3374,2649,2032
1992-04-30,1216,4229,3468,2696,2075
1992-05-01,1219,4216,3423,2717,2104
1992-05-02,1219,4168,3500,2710,2063
1992-05-03,1219,4284,3377,2698,2103
1992-05-04,1219,4188,3412,2635,2114
1992-05-05,1229,4306,3426,2689,2082
1992-05-06,1232,4299,3406,2735,2087
1992-05-07,1240,4374,3466,2736,2101
1992-05-08,1255,4377,3531,2786,2135
1992-05-09,1255,4376,3535,2818,2126
1992-05-10,1255,4429,3601,2726,2151
1992-05-11,1267,4451,3566,2822,2123
1992-05-12,1269,4457,3599,2782,2147
1992-05-13,1268,4461,3553,2818,2162
1992-05-14,1267,4358,3615,2786,2171
1992-05-15,1279,4514,3677,2878,2218
1992-05-16,1279,4507,3602,2818,2149
1992-05-17,1279,4426,3541,2795,2161
1992-05-18,1285,4485,3576,2840,2139
1992-05-19,1286,4499,3612,2839,2164
1992-05-20,1287,4498,3622,2866,2153
1992-05-21,1288,4525,3634,2847,2179
1992-05-22,1286,4573,3619,2903,2182
1992-05-23,1286,4555,3601,2826,2196
1992-05-24,1286,4435,3575,2826,2180
1992-05-25,1286,4532,3617,2811,2196
1992-05-26,1284,4560,3669,2827,2185
1992-05-27,1278,4492,3619,2819,2152
1992-05-28,1272,4507,3583,2807,2129
1992-05-29,1267,4535,3589,2789,2166
1992-05-30,1267,4486,3533,2769,2187
1992-05-31,1267,4447,3527,2761,2205
1992-06-01,1261,4466,3501,2763,2162
1992-06-02,1258,4410,3517,2802,2168
1992-06-03,1249,4373,3480,2789,2133
1992-06-04,1237,4312,3512,2719,2109
1992-06-05,1203,4289,3349,2618,2047
1992-06-06,1203,4170,3336,2644,2043
1992-06-07,1203,4287,3446,2709,2057
1992-06-08,1192,4197,3320,2652,2016
1992-06-09,1187,4085,3330,2628,2015
1992-06-10,1183,4159,3330,2631,1988
1992-06-11,1178,4018,3253,2638,2012
1992-06-12,1172,4133,3331,2544,1973
1992-06-13,1172,4146,3307,2567,1993
1992-06-14,1172,4072,3344,2563,2002
1992-06-15,1162,4073,3226,2574,1987
1992-06-16,1158,4151,3246,2552,1984
1992-06-17,1154,4014,3233,2561,1958
1992-06-18,1152,3979,3236,2519,1968
1992-06-19,1152,4106,3167,2576,1949
1992-06-20,1152,4130,3230,2532,1919
1992-06-21,1152,4032,3169,2555,1969
1992-06-22,1144,4055,3218,2553,1951
1992-06-23,1136,4043,3096,2533,1951
1992-06-24,1127,3907,3082,2490,1915
1992-06-25,1122,3903,3174,2493,1875
1992-06-26,1114,3961,3097,2503,1892
1992-06-27,1114,3983,3080,2466,1912
1992-06-28,1114,3927,3170,2429,1903
1992-06-29,1104,3820,3104,2446,1874
1992-06-30,1091,3918,3090,2399,1821
1992-07-01,1079,3750,3015,2303,1814
1992-07-02,1062,3700,3081,2350,1815
1992-07-03,1053,3703,2924,2320,1757
1992-07-04,1053,3763,3018,2351,1784
1992-07-05,1053,3728,2946,2294,1791
1992-07-06,1049,3692,2871,2263,1806
1992-07-07,1047,3688,2951,2308,1792
1992-07-08,1053,3688,2961,2328,1809
1992-07-09,1057,3727,2918,2328,1803
1992-07-10,1059,3580,2928,2330,1783
1992-07-11,1059,3692,2964,2298,1788
1992-07-12,1059,3719,2979,2326,1782
1992-07-13,1058,3645,2864,2317,1810
1992-07-14,1057,3719,3002,2358,1783
1992-07-15,1059,3696,2945,2341,1792
1992-07-16,1061,3801,2918,2326,1804
1992-07-17,1060,3789,3006,2384,1835
1992-07-18,1060,3687,2967,2324,1815
1992-07-19,1060,3702,3017,2349,1787
1992-07-20,1061,3710,2988,2329,1807
1992-07-21,1060,3687,2968,2381,1835
1992-07-22,1063,3730,2970,2341,1819
1992-07-23,1068,3700,3010,2353,1784
1992-07-24,1074,3702,2991,2359,1807
1992-07-25,1074,3790,2973,2369,1806
1992-07-26,1074,3790,3032,2399,1855
1992-07-27,1093,3785,3055,2430,1883
1992-07-28,1094,3874,3065,2408,1847
1992-07-29,1093,3794,3104,2456,1845
1992-07-30,1088,3821,3042,2420,1850
1992-07-31,1060,3751,2969,2319,1803
1992-08-01,1060,3708,2944,2291,1783
1992-08-02,1060,3733,2985,2320,1797
1992-08-03,1055,3667,2968,2333,1764
1992-08-04,1052,3672,2982,2332,1814
1992-08-05,1054,3679,2928,2360,1757
1992-08-06,1059,3669,2947,2297,1765
1992-08-07,1059,3698,2997,2317,1809
1992-08-08,1059,3629,2975,2294,1776
1992-08-09,1059,3682,2929,2290,1790
1992-08-10,1060,3696,3020,2313,1803
1992-08-11,1057,3687,2892,2336,1810
1992-08-12,1057,3687,2991,2349,1792
1992-08-13,1060,3707,2917,2304,1838
1992-08-14,1065,3751,3057,2319,1810
1992-08-15,1065,3771,2920,2290,1834
1992-08-16,1065,3695,3028,2349,1816
1992-08-17,1070,3685,2993,2332,1862
1992-08-18,1075,3710,2995,2415,1849
1992-08-19,1076,3742,3020,2379,1830
1992-08-20,1081,3766,3052,2373,1850
1992-08-21,1081,3745,2991,2359,1832
1992-08-22,1081,3719,2994,2333,1832
1992-08-23,1081,3761,3053,2337,1812
1992-08-24,1078,3782,2950,2353,1816
1992-08-25,1077,3799,2992,2348,1872
1992-08-26,1077,3742,3137,2339,1807
1992-08-27,1074,3738,2968,2374,1813
1992-08-28,1073,3709,3050,2376,1822
1992-08-29,1073,3754,2981,2347,1823
1992-08-30,1073,3713,3025,2419,1832
1992-08-31,1073,3784,3031,2308,1815
1992-09-01,1069,3652,3038,2354,1826
1992-09-02,1064,3706,2971,2334,1832
1992-09-03,1059,3722,3045,2313,1826
1992-09-04,1059,3716,2942,2309,1795
1992-09-05,1059,3841,2975,2330,1813
1992-09-06,1059,3724,2975,2323,1777
1992-09-07,1059,3656,2920,2318,1786
1992-09-08,1056,3691,2945,2284,1772
1992-09-09,1056,3607,2963,2275,1794
1992-09-10,1055,3688,2937,2312,1776
1992-09-11,1056,3654,3054,2311,1765
1992-09-12,1056,3742,2923,2317,1787
1992-09-13,1056,3669,3004,2320,1761
1992-09-14,1053,3680,2983,2301,1817
1992-09-15,1053,3654,2948,2310,1779
1992-09-16,1052,3769,2911,2289,1808
1992-09-17,1051,3662,2912,2358,1777
1992-09-18,1049,3763,2916,2284,1759
1992-09-19,1049,3712,2866,2297,1807
1992-09-20,1049,3696,2897,2286,1785
1992-09-21,1049,3690,2878,2286,1821
1992-09-22,1054,3709,3005,2320,1782
1992-09-23,1054,3593,2976,2316,1783
1992-09-24,1050,3661,2971,2296,1805
1992-09-25,1045,3700,2950,2290,1797
1992-09-26,1045,3655,2933,2277,1780
1992-09-27,1045,3587,2984,2311,1843
1992-09-28,1043,3648,2896,2356,1767
1992-09-29,1042,3732,2922,2266,1746
1992-09-30,1041,3706,2945,2302,1750
1992-10-01,1034,3616,2842,2276,1752
1992-10-02,1035,3670,3022,2297,1790
1992-10-03,1035,3604,2899,2298,1756
1992-10-04,1035,3537,2904,2283,1791
1992-10-05,1035,3576,2948,2276,1768
1992-10-06,1033,3694,2929,2260,1778
1992-10-07,1034,3605,2897,2252,1766
1992-10-08,1036,3614,2906,2276,1769
1992-10-09,1038,3618,2846,2245,1780
1992-10-10,1038,3728,2884,2266,1753
1992-10-11,1038,3714,2927,2317,1753
1992-10-12,1039,3747,2927,2289,1773
1992-10-13,1043,3643,2969,2321,1812
1992-10-14,1048,3683,2930,2350,1751
1992-10-15,1049,3596,2882,2302,1743
1992-10-16,1053,3759,2991,2323,1785
1992-10-17,1053,3627,3006,2308,1811
1992-10-18,1053,3696,2984,2292,1791
1992-10-19,1055,3638,2947,2292,1770
1992-10-20,1060,3681,3010,2357,1804
1992-10-21,1066,3689,3122,2351,1778
1992-10-22,1079,3746,3026,2429,1847
1992-10-23,1093,3799,3008,2434,1852
1992-10-24,1093,3798,3037,2383,1856
1992-10-25,1093,3867,3085,2430,1867
1992-10-26,1101,3798,3019,2413,1876
1992-10-27,1107,3886,3106,2472,1871
1992-10-28,1108,3939,3118,2423,1904
1992-10-29,1111,3863,3172,2413,1905
1992-10-30,1111,3853,3163,2420,1853
1992-10-31,1111,3877,3145,2422,1884
1992-11-01,1111,3947,3024,2419,1867
1992-11-02,1113,3905,3153,2431,1867
1992-11-03,1114,3872,3147,2477,1905
1992-11-04,1119,3941,3143,2516,1894
1992-11-05,1124,3879,3078,2433,1908
1992-11-06,1135,4007,3147,2535,1916
1992-11-07,1135,3993,3131,2483,1937
1992-11-08,1135,3957,3097,2507,1943
1992-11-09,1146,3969,3209,2472,1992
1992-11-10,1156,4002,3205,2559,1962
1992-11-11,1163,4097,3361,2498,1948
1992-11-12,1172,4163,3275,2588,1982
1992-11-13,1180,4098,3356,2604,2023
1992-11-14,1180,4153,3241,2602,1991
1992-11-15,1180,4026,3283,2574,1976
1992-11-16,1188,4129,3330,2630,2005
1992-11-17,1207,4223,3343,2667,2041
1992-11-18,1224,4239,3410,2687,2059
1992-11-19,1248,4321,3486,2766,2126
1992-11-20,1263,4387,3527,2776,2146
1992-11-21,1263,4435,3611,2794,2163
1992-11-22,1263,4411,3552,2775,2138
1992-11-23,1276,4354,3592,2814,2180
1992-11-24,1289,4405,3631,2853,2181
1992-11-25,1303,4530,3673,2855,2193
1992-11-26,1311,4611,3667,2847,2218
1992-11-27,1318,4476,3678,2908,2208
1992-11-28,1318,4588,3697,2935,2276
1992-11-29,1318,4587,3737,2909,2243
1992-11-30,1320,4689,3741,2914,2228
1992-12-01,1322,4608,3692,2907,2240
1992-12-02,1324,4653,3738,2935,2202
1992-12-03,1332,4669,3722,2925,2293
1992-12-04,1337,4573,3745,2928,2300
1992-12-05,1337,4718,3725,2975,2275
1992-12-06,1337,4690,3736,2925,2279
1992-12-07,1342,4722,3811,2979,2256
1992-12-08,1346,4907,3772,2994,2264
1992-12-09,1351,4624,3788,2989,2263
1992-12-10,1355,4829,3736,2944,2300
1992-12-11,1359,4742,3793,2991,2332
1992-12-12,1359,4771,3796,2984,2303
1992-12-13,1359,4754,3772,2975,2317
1992-12-14,1360,4739,3809,2996,2332
1992-12-15,1365,4749,3805,3026,2288
1992-12-16,1369,4808,3836,2998,2364
1992-12-17,1370,4719,3841,3009,2352
1992-12-18,1373,4843,3806,3013,2344
1992-12-19,1373,4785,3828,3056,2353
1992-12-20,1373,4749,3847,3013,2354
1992-12-21,1375,4790,3897,2988,2343
1992-12-22,1378,4886,3869,2984,2371
1992-12-23,1375,4786,3824,3036,2328
1992-12-24,1378,4841,3874,3009,2352
1992-12-25,1378,4786,3927,3052,2369
1992-12-26,1378,4861,3895,2992,2289
1992-12-27,1378,4857,3880,3015,2351
1992-12-28,1378,4915,3887,2992,2357
1992-12-29,1376,4807,3910,3040,2305
1992-12-30,1375,4846,3893,3044,2343
1992-12-31,1373,4810,3867,3031,2318
1993-01-01,1373,4870,3887,2988,2342
1993-01-02,1373,4770,3801,2998,2332
1993-01-03,1373,4843,3784,3028,2315
1993-01-04,1368,4778,3837,2959,2348
1993-01-05,1364,4771,3822,2994,2310
1993-01-06,1355,4747,3772,3027,2309
1993-01-07,1338,4696,3779,2938,2301
1993-01-08,1324,4628,3633,2868,2232
1993-01-09,1324,4645,3686,2895,2251
1993-01-10,1324,4713,3688,2894,2241
1993-01-11,1319,4666,3628,2966,2237
1993-01-12,1308,4621,3722,2928,2267
1993-01-13,1302,4534,3591,2886,2223
1993-01-14,1300,4506,3616,2850,2216
1993-01-15,1294,4577,3660,2883,2210
1993-01-16,1294,4573,3649,2813,2208
1993-01-17,1294,4603,3579,2879,2163
1993-01-18,1283,4460,3620,2850,2227
1993-01-19,1272,4441,3573,2794,2133
1993-01-20,1264,4342,3633,2815,2183
1993-01-21,1264,4404,3555,2767,2161
1993-01-22,1270,4495,3550,2756,2163
1993-01-23,1270,4422,3522,2823,2153
1993-01-24,1270,4477,3526,2791,2211
1993-01-25,1272,4442,3529,2816,2174
1993-01-26,1274,4475,3622,2857,2166
1993-01-27,1275,4405,3571,2783,2157
1993-01-28,1279,4481,3604,2809,2161
1993-01-29,1278,4323,3639,2859,2174
1993-01-30,1278,4464,3484,2832,2154
1993-01-31,1278,4391,3630,2791,2186
1993-02-01,1277,4530,3578,2781,2158
1993-02-02,1277,4508,3593,2794,2191
1993-02-03,1274,4482,3534,2781,2185
1993-02-04,1274,4535,3537,2810,2165
1993-02-05,1292,4475,3637,2845,2208
1993-02-06,1292,4609,3713,2851,2209
1993-02-07,1292,4569,3658,2817,2167
1993-02-08,1299,4535,3688,2856,2243
1993-02-09,1309,4638,3658,2818,2220
1993-02-10,1315,4547,3658,2897,2249
1993-02-11,1317,4568,3656,2933,2253
1993-02-12,1321,4593,3679,2863,2196
1993-02-13,1321,4597,3617,2921,2233
1993-02-14,1321,4571,3670,2888,2263
1993-02-15,1328,4709,3696,2946,2259
1993-02-16,1335,4660,3731,2942,2283
1993-02-17,1351,4746,3788,2984,2299
1993-02-18,1362,4738,3828,2998,2340
1993-02-19,1369,4700,3833,3052,2330
1993-02-20,1369,4805,3810,3022,2356
1993-02-21,1369,4696,3755,2991,2308
1993-02-22,1373,4802,3821,3024,2332
1993-02-23,1375,4744,3811,3014,2326
1993-02-24,1374,4908,3866,3028,2344
1993-02-25,1375,4858,3886,3012,2332
1993-02-26,1373,4811,3882,3000,2330
1993-02-27,1373,4869,3875,3027,2320
1993-02-28,1373,4763,3839,3022,2325
1993-03-01,1370,4822,3815,3046,2329
1993-03-02,1369,4801,3803,2999,2287
1993-03-03,1371,4812,3779,2957,2285
1993-03-04,1380,4894,3904,3025,2347
1993-03-05,1385,4884,3871,2998,2299
1993-03-06,1385,4862,3828,3059,2351
1993-03-07,1385,4765,3845,2997,2347
1993-03-08,1389,4813,3855,3026,2372
1993-03-09,1394,4873,3905,3056,2356
1993-03-10,1401,4908,3965,3129,2413
1993-03-11,1409,4875,3931,3068,2412
1993-03-12,1428,5119,3908,3142,2397
1993-03-13,1428,5074,3991,3159,2422
1993-03-14,1428,5028,3992,3186,2458
1993-03-15,1442,5051,4029,3196,2437
1993-03-16,1450,5064,4035,3223,2464
1993-03-17,1459,5059,4094,3236,2508
1993-03-18,1466,5135,4107,3189,2481
1993-03-19,1476,5179,4132,3258,2532
1993-03-20,1476,5104,4149,3273,2491
1993-03-21,1476,5183,4116,3219,2451
1993-03-22,1481,5176,4127,3241,2542
1993-03-23,1485,5102,4213,3243,2533
1993-03-24,1492,5179,4200,3306,2546
1993-03-25,1499,5226,4230,3296,2526
1993-03-26,1500,5344,4249,3290,2530
1993-03-27,1500,5278,4221,3262,2573
1993-03-28,1500,5183,4237,3298,2555
1993-03-29,1501,5278,4140,3285,2549
1993-03-30,1503,5183,4217,3314,2560
1993-03-31,1503,5315,4201,3272,2585
1993-04-01,1499,5223,4264,3303,2563
1993-04-02,1493,5221,4218,3271,2529
1993-04-03,1493,5292,4155,3247,2510
1993-04-04,1493,5161,4195,3245,2550
1993-04-05,1485,5128,4165,3232,2506
1993-04-06,1477,5140,4154,3243,2487
1993-04-07,1476,5218,4092,3251,2536
1993-04-08,1477,5094,4150,3257,2528
1993-04-09,1477,5028,4126,3259,2519
1993-04-10,1477,5147,4147,3227,2486
1993-04-11,1477,5197,4107,3281,2547
1993-04-12,1477,5230,4112,3236,2531
1993-04-13,1475,5139,4177,3259,2501
1993-04-14,1473,5135,4082,3236,2494
1993-04-15,1478,5231,4099,3263,2514
1993-04-16,1488,5115,4164,3267,2520
1993-04-17,1488,5189,4136,3285,2574
1993-04-18,1488,5218,4131,3273,2522
1993-04-19,1496,5258,4193,3316,2522
1993-04-20,1499,5221,4137,3273,2580
1993-04-21,1506,5273,4176,3260,2549
1993-04-22,1513,5171,4319,3299,2588
1993-04-23,1524,5301,4286,3385,2604
1993-04-24,1524,5357,4237,3348,2590
1993-04-25,1524,5285,4284,3356,2571
1993-04-26,1530,5358,4307,3334,2600
1993-04-27,1537,5402,4343,3383,2590
1993-04-28,1541,5376,4310,3360,2619
1993-04-29,1546,5420,4368,3375,2644
1993-04-30,1554,5391,4270,3407,2676
1993-05-01,1554,5429,4309,3432,2620
1993-05-02,1554,5470,4358,3435,2637
1993-05-03,1554,5447,4364,3436,2631
1993-05-04,1557,5420,4323,3378,2652
1993-05-05,1561,5475,4381,3434,2623
1993-05-06,1567,5520,4363,3441,2645
1993-05-07,1571,5396,4388,3410,2637
1993-05-08,1571,5556,4440,3457,2642
1993-05-09,1571,5482,4435,3449,2657
1993-05-10,1571,5520,4359,3472,2704
1993-05-11,1573,5565,4362,3463,2681
1993-05-12,1576,5447,4396,3451,2680
1993-05-13,1581,5498,4426,3506,2715
1993-05-14,1585,5533,4412,3420,2702
1993-05-15,1585,5508,4480,3485,2704
1993-05-16,1585,5634,4452,3434,2685
1993-05-17,1597,5547,4488,3486,2702
1993-05-18,1603,5583,4438,3542,2699
1993-05-19,1612,5652,4560,3508,2728
1993-05-20,1623,5620,4432,3528,2753
1993-05-21,1631,5689,4600,3660,2780
1993-05-22,1631,5724,4604,3547,2772
1993-05-23,1631,5692,4550,3638,2765
1993-05-24,1636,5721,4632,3594,2763
1993-05-25,1640,5714,4589,3592,2796
1993-05-26,1642,5671,4600,3629,2781
1993-05-27,1628,5714,4572,3622,2775
1993-05-28,1623,5768,4672,3536,2721
1993-05-29,1623,5681,4598,3555,2766
1993-05-30,1623,5692,4572,3596,2774
1993-05-31,1623,5715,4508,3579,2771
1993-06-01,1623,5617,4550,3604,2755
1993-06-02,1618,5748,4498,3575,2769
1993-06-03,1609,5642,4538,3594,2710
1993-06-04,1597,5671,4477,3519,2713
1993-06-05,1597,5553,4427,3520,2711
1993-06-06,1597,5680,4475,3523,2736
1993-06-07,1585,5586,4404,3483,2654
1993-06-08,1581,5561,4433,3504,2667
1993-06-09,1576,5528,4378,3474,2714
1993-06-10,1573,5493,4405,3484,2625
1993-06-11,1563,5531,4406,3467,2673
1993-06-12,1563,5478,4374,3451,2643
1993-06-13,1563,5372,4361,3454,2662
1993-06-14,1547,5359,4340,3373,2658
1993-06-15,1539,5377,4337,3369,2622
1993-06-16,1534,5384,4251,3400,2636
1993-06-17,1526,5338,4283,3400,2584
1993-06-18,1522,5388,4314,3290,2580
1993-06-19,1522,5229,4285,3331,2603
1993-06-20,1522,5334,4264,3349,2579
1993-06-21,1518,5222,4276,3313,2593
1993-06-22,1512,5330,4252,3302,2594
1993-06-23,1511,5284,4261,3338,2586
1993-06-24,1509,5302,4144,3367,2534
1993-06-25,1502,5214,4143,3243,2547
1993-06-26,1502,5321,4246,3299,2559
1993-06-27,1502,5309,4145,3318,2549
1993-06-28,1492,5251,4194,3306,2538
1993-06-29,1484,5188,4141,3274,2529
1993-06-30,1473,5184,4085,3293,2494
1993-07-01,1458,5068,4096,3208,2475
1993-07-02,1447,5107,4060,3223,2436
1993-07-03,1447,5147,4136,3164,2450
1993-07-04,1447,5118,4027,3185,2429
1993-07-05,1435,4986,4076,3121,2442
1993-07-06,1424,5002,4001,3160,2417
1993-07-07,1410,4870,3922,3098,2379
1993-07-08,1393,4904,3932,3075,2404
1993-07-09,1385,4870,3901,3038,2350
1993-07-10,1385,4754,3879,3065,2360
1993-07-11,1385,4789,3889,3059,2342
1993-07-12,1378,4809,3835,3002,2334
1993-07-13,1371,4783,3806,2988,2337
1993-07-14,1371,4738,3869,3015,2324
1993-07-15,1363,4790,3807,3018,2317
1993-07-16,1360,4773,3805,3048,2328
1993-07-17,1360,4750,3819,3001,2302
1993-07-18,1360,4722,3819,3022,2285
1993-07-19,1361,4816,3754,2946,2283
1993-07-20,1361,4846,3862,3055,2342
1993-07-21,1356,4722,3802,3001,2324
1993-07-22,1353,4705,3780,2975,2313
1993-07-23,1352,4757,3803,2969,2290
1993-07-24,1352,4714,3795,2941,2272
1993-07-25,1352,4725,3816,2950,2293
1993-07-26,1348,4755,3796,3023,2290
1993-07-27,1347,4619,3800,2934,2267
1993-07-28,1346,4777,3823,2931,2259
1993-07-29,1344,4708,3799,2936,2250
1993-07-30,1339,4666,3743,2910,2289
1993-07-31,1339,4682,3704,2946,2252
1993-08-01,1339,4685,3816,2978,2282
1993-08-02,1337,4593,3734,2923,2265
1993-08-03,1332,4737,3711,2889,2276
1993-08-04,1330,4657,3655,2935,2268
1993-08-05,1331,4681,3740,2927,2258
1993-08-06,1334,4717,3741,2965,2270
1993-08-07,1334,4618,3675,2921,2266
1993-08-08,1334,4693,3753,2927,2255
1993-08-09,1335,4659,3718,2933,2289
1993-08-10,1342,4739,3865,2955,2273
1993-08-11,1344,4598,3740,2945,2283
1993-08-12,1349,4717,3760,2951,2265
1993-08-13,1355,4712,3759,2925,2309
1993-08-14,1355,4764,3845,2964,2291
1993-08-15,1355,4766,3779,3002,2294
1993-08-16,1366,4746,3796,3031,2305
1993-08-17,1395,4847,3934,3055,2369
1993-08-18,1413,4940,3901,3148,2362
1993-08-19,1435,4978,4043,3156,2453
1993-08-20,1450,5117,4131,3150,2464
1993-08-21,1450,5057,4083,3140,2456
1993-08-22,1450,4930,4086,3227,2434
1993-08-23,1457,5081,4114,3194,2486
1993-08-24,1457,5048,4148,3169,2464
1993-08-25,1452,5000,4114,3127,2495
1993-08-26,1444,4992,4061,3165,2465
1993-08-27,1441,5049,4071,3182,2480
1993-08-28,1441,5110,3999,3149,2452
1993-08-29,1441,5059,4066,3139,2471
1993-08-30,1441,5013,3995,3154,2459
1993-08-31,1434,5042,4001,3192,2429
1993-09-01,1422,4954,3858,3087,2421
1993-09-02,1414,4914,3975,3092,2387
1993-09-03,1409,4874,3919,3136,2437
1993-09-04,1409,4844,3990,3115,2393
1993-09-05,1409,4912,3961,3105,2396
1993-09-06,1406,4929,3982,3074,2398
1993-09-07,1409,4927,3902,3101,2374
1993-09-08,1406,4900,3978,3077,2417
1993-09-09,1409,4884,4029,3074,2375
1993-09-10,1412,4972,3984,3074,2375
1993-09-11,1412,4876,3985,3130,2397
1993-09-12,1412,4981,3960,3105,2375
1993-09-13,1415,4902,3941,3122,2437
1993-09-14,1419,4929,4004,3126,2408
1993-09-15,1424,4911,3927,3146,2356
1993-09-16,1424,4959,3970,3125,2425
1993-09-17,1423,5029,3914,3116,2430
1993-09-18,1423,5006,3956,3106,2411
1993-09-19,1423,5029,4010,3088,2392
1993-09-20,1423,5007,4005,3097,2417
1993-09-21,1416,4901,3967,3104,2398
1993-09-22,1421,4957,3986,3078,2396
1993-09-23,1424,4945,3912,3091,2400
1993-09-24,1426,5058,3978,3168,2427
1993-09-25,1426,4931,3966,3144,2442
1993-09-26,1426,5036,3966,3124,2433
1993-09-27,1424,5029,4011,3201,2386
1993-09-28,1419,5058,3939,3072,2425
1993-09-29,1415,4932,3938,3142,2421
1993-09-30,1415,4988,3879,3110,2433
1993-10-01,1416,5070,3953,3139,2388
1993-10-02,1416,4925,3921,3118,2406
1993-10-03,1416,4879,3968,3059,2419
1993-10-04,1410,4841,3910,3105,2386
1993-10-05,1406,4957,3941,3103,2401
1993-10-06,1402,4813,3920,3019,2383
1993-10-07,1398,4874,3981,3134,2360
1993-10-08,1395,4904,3926,3078,2356
1993-10-09,1395,4892,3832,3089,2396
1993-10-10,1395,4904,3855,3034,2352
1993-10-11,1395,4894,3908,3090,2348
1993-10-12,1392,4936,3860,3095,2373
1993-10-13,1389,4814,3770,3063,2361
1993-10-14,1387,4821,3938,3051,2332
1993-10-15,1381,4795,3896,3011,2337
1993-10-16,1381,4875,3888,3032,2331
1993-10-17,1381,4879,3843,3023,2335
1993-10-18,1377,4842,3873,3047,2391
1993-10-19,1373,4865,3816,2995,2328
1993-10-20,1353,4677,3797,2994,2282
1993-10-21,1351,4812,3746,2947,2337
1993-10-22,1341,4770,3815,2942,2297
1993-10-23,1341,4730,3692,2969,2294
1993-10-24,1341,4783,3804,2929,2263
1993-10-25,1331,4576,3728,2948,2287
1993-10-26,1331,4632,3707,2945,2279
1993-10-27,1325,4601,3717,2907,2255
1993-10-28,1322,4663,3731,2943,2213
1993-10-29,1317,4557,3742,2900,2239
1993-10-30,1317,4647,3700,2930,2273
1993-10-31,1317,4678,3652,2951,2243
1993-11-01,1316,4641,3687,2888,2230
1993-11-02,1317,4624,3760,2917,2234
1993-11-03,1317,4560,3742,2878,2236
1993-11-04,1314,4557,3716,2860,2218
1993-11-05,1311,4651,3703,2878,2228
1993-11-06,1311,4627,3699,2843,2258
1993-11-07,1311,4587,3717,2856,2255
1993-11-08,1318,4592,3672,2917,2226
1993-11-09,1322,4526,3647,2893,2273
1993-11-10,1321,4570,3702,2928,2261
1993-11-11,1319,4712,3660,2911,2255
1993-11-12,1317,4545,3645,2953,2248
1993-11-13,1317,4619,3659,2913,2220
1993-11-14,1317,4660,3787,2931,2231
1993-11-15,1315,4540,3687,2905,2252
1993-11-16,1306,4580,3671,2883,2196
1993-11-17,1300,4597,3591,2895,2189
1993-11-18,1294,4530,3549,2867,2206
1993-11-19,1289,4655,3576,2842,2176
1993-11-20,1289,4428,3667,2842,2208
1993-11-21,1289,4564,3623,2852,2176
1993-11-22,1284,4485,3619,2805,2188
1993-11-23,1280,4519,3614,2795,2183
1993-11-24,1275,4485,3546,2848,2158
1993-11-25,1268,4401,3606,2846,2151
1993-11-26,1265,4439,3517,2755,2137
1993-11-27,1265,4335,3598,2763,2150
1993-11-28,1265,4458,3560,2817,2131
1993-11-29,1259,4421,3454,2786,2136
1993-11-30,1253,4417,3478,2777,2145
1993-12-01,1249,4424,3426,2775,2101
1993-12-02,1253,4404,3555,2749,2120
1993-12-03,1253,4393,3507,2766,2140
1993-12-04,1253,4341,3419,2764,2089
1993-12-05,1253,4350,3523,2731,2167
1993-12-06,1251,4438,3481,2762,2148
1993-12-07,1248,4440,3435,2783,2091
1993-12-08,1247,4353,3559,2733,2078
1993-12-09,1241,4346,3479,2735,2110
1993-12-10,1237,4284,3452,2728,2080
1993-12-11,1237,4388,3448,2713,2122
1993-12-12,1237,4363,3403,2742,2111
1993-12-13,1234,4416,3403,2694,2100
1993-12-14,1231,4265,3498,2748,2081
1993-12-15,1230,4286,3425,2725,2123
1993-12-16,1229,4313,3442,2676,2104
1993-12-17,1228,4330,3357,2753,2100
1993-12-18,1228,4287,3386,2707,2112
1993-12-19,1228,4254,3463,2680,2067
1993-12-20,1226,4335,3448,2730,2110
1993-12-21,1225,4324,3500,2710,2077
1993-12-22,1222,4231,3475,2635,2084
1993-12-23,1221,4341,3410,2670,2073
1993-12-24,1220,4329,3435,2692,2036
1993-12-25,1220,4277,3403,2619,2093
1993-12-26,1220,4274,3498,2687,2038
1993-12-27,1220,4298,3462,2689,2055
1993-12-28,1220,4227,3423,2648,2065
1993-12-29,1220,4272,3424,2692,2035
1993-12-30,1217,4152,3465,2678,2047
1993-12-31,1215,4296,3425,2637,2070
1994-01-01,1215,4174,3464,2701,2059
1994-01-02,1215,4328,3314,2698,2060
1994-01-03,1215,4236,3420,2664,2047
1994-01-04,1215,4242,3381,2667,2066
1994-01-05,1213,4214,3467,2690,2056
1994-01-06,1213,4231,3458,2663,2029
1994-01-07,1213,4316,3398,2611,2058
1994-01-08,1213,4121,3458,2683,2037
1994-01-09,1213,4309,3468,2644,2080
1994-01-10,1214,4266,3402,2659,2056
1994-01-11,1220,4210,3515,2728,2124
1994-01-12,1230,4251,3443,2702,2110
1994-01-13,1238,4417,3458,2724,2102
1994-01-14,1240,4293,3507,2743,2120
1994-01-15,1240,4282,3458,2743,2066
1994-01-16,1240,4397,3475,2700,2127
1994-01-17,1242,4364,3534,2731,2095
1994-01-18,1244,4307,3484,2738,2117
1994-01-19,1243,4361,3413,2743,2099
1994-01-20,1242,4296,3492,2741,2099
1994-01-21,1238,4388,3439,2801,2101
1994-01-22,1238,4386,3501,2688,2106
1994-01-23,1238,4360,3494,2753,2104
1994-01-24,1236,4344,3520,2755,2101
1994-01-25,1228,4386,3475,2716,2055
1994-01-26,1220,4270,3460,2664,2121
1994-01-27,1207,4165,3353,2705,2057
1994-01-28,1203,4233,3401,2581,2054
1994-01-29,1203,4315,3447,2626,2038
1994-01-30,1203,4160,3341,2682,2028
1994-01-31,1200,4182,3432,2629,2043
1994-02-01,1196,4207,3327,2679,2039
1994-02-02,1193,4173,3306,2579,2054
1994-02-03,1189,4112,3341,2582,2063
1994-02-04,1187,4211,3352,2595,2047
1994-02-05,1187,4271,3360,2624,1983
1994-02-06,1187,4164,3285,2605,2009
1994-02-07,1185,4102,3335,2592,2021
1994-02-08,1177,4042,3268,2632,1993
1994-02-09,1174,4122,3228,2628,1995
1994-02-10,1170,4150,3239,2562,1946
1994-02-11,1156,4070,3207,2492,1983
1994-02-12,1156,4046,3258,2478,1928
1994-02-13,1156,4017,3283,2550,1934
1994-02-14,1155,3988,3175,2561,1943
1994-02-15,1154,4081,3245,2541,1960
1994-02-16,1148,4064,3167,2523,1919
1994-02-17,1140,3913,3217,2484,1917
1994-02-18,1133,4045,3147,2512,1949
1994-02-19,1133,3994,3130,2543,1924
1994-02-20,1133,4035,3204,2426,1935
1994-02-21,1128,3881,3135,2479,1893
1994-02-22,1127,3876,3143,2450,1915
1994-02-23,1123,3923,3056,2426,1906
1994-02-24,1120,3945,3174,2430,1888
1994-02-25,1117,3999,3160,2469,1898
1994-02-26,1117,3945,3128,2470,1861
1994-02-27,1117,3897,3066,2501,1908
1994-02-28,1117,3858,3176,2458,1891
1994-03-01,1115,3964,3095,2400,1890
1994-03-02,1115,3854,3104,2446,1913
1994-03-03,1112,3973,3206,2405,1899
1994-03-04,1110,3871,3080,2406,1881
1994-03-05,1110,3965,3138,2459,1865
1994-03-06,1110,3919,3130,2448,1914
1994-03-07,1112,3885,3129,2464,1864
1994-03-08,1112,3866,3125,2436,1903
1994-03-09,1115,3885,3137,2477,1864
1994-03-10,1119,3938,3144,2449,1921
1994-03-11,1119,3920,3131,2495,1923
1994-03-12,1119,3887,3194,2472,1864
1994-03-13,1119,3908,3081,2456,1911
1994-03-14,1123,3934,3185,2477,1916
1994-03-15,1129,3845,3194,2483,1933
1994-03-16,1134,3992,3203,2543,1935
1994-03-17,1138,3934,3231,2511,1915
1994-03-18,1146,3953,3205,2521,1944
1994-03-19,1146,3927,3134,2514,1981
1994-03-20,1146,3921,3206,2546,1926
1994-03-21,1152,3964,3186,2556,1965
1994-03-22,1166,4046,3236,2557,2005
1994-03-23,1179,4224,3252,2559,1984
1994-03-24,1190,4139,3313,2591,1995
1994-03-25,1194,4188,3319,2621,2004
1994-03-26,1194,4199,3248,2667,2038
1994-03-27,1194,4186,3371,2619,2004
1994-03-28,1199,4193,3446,2620,2036
1994-03-29,1206,4161,3401,2600,2078
1994-03-30,1207,4297,3371,2701,2051
1994-03-31,1206,4311,3375,2670,2035
1994-04-01,1206,4137,3360,2677,2053
1994-04-02,1206,4170,3380,2682,2049
1994-04-03,1206,4207,3375,2648,2059
1994-04-04,1206,4173,3343,2656,2083
1994-04-05,1208,4253,3450,2702,2062
1994-04-06,1212,4206,3334,2672,2101
1994-04-07,1219,4375,3442,2699,2081
1994-04-08,1228,4358,3434,2728,2072
1994-04-09,1228,4309,3514,2721,2133
1994-04-10,1228,4349,3452,2698,2085
1994-04-11,1239,4392,3455,2725,2085
1994-04-12,1246,4333,3479,2765,2165
1994-04-13,1253,4345,3510,2780,2115
1994-04-14,1263,4424,3491,2814,2132
1994-04-15,1279,4520,3551,2830,2163
1994-04-16,1279,4483,3510,2832,2178
1994-04-17,1279,4398,3544,2800,2193
1994-04-18,1290,4475,3616,2821,2140
1994-04-19,1299,4543,3649,2881,2227
1994-04-20,1304,4560,3572,2852,2206
1994-04-21,1321,4722,3693,2906,2237
1994-04-22,1335,4603,3761,2978,2304
1994-04-23,1335,4698,3731,2974,2274
1994-04-24,1335,4747,3713,2946,2278
1994-04-25,1354,4853,3775,2970,2301
1994-04-26,1371,4778,3817,3012,2346
1994-04-27,1386,4876,3855,3075,2389
1994-04-28,1397,4918,3919,3072,2325
1994-04-29,1414,4959,4052,3094,2425
1994-04-30,1414,4944,3929,3147,2435
1994-05-01,1414,4971,3946,3116,2414
1994-05-02,1414,4822,3957,3093,2390
1994-05-03,1420,5004,3949,3138,2391
1994-05-04,1423,4987,4028,3160,2466
1994-05-05,1432,5001,3915,3120,2416
1994-05-06,1443,5153,4019,3169,2483
1994-05-07,1443,5017,4073,3167,2461
1994-05-08,1443,5030,4029,3188,2494
1994-05-09,1453,5185,4036,3216,2464
1994-05-10,1465,5086,4120,3206,2458
1994-05-11,1477,5142,4172,3205,2511
1994-05-12,1491,5211,4183,3311,2505
1994-05-13,1500,5292,4168,3266,2604
1994-05-14,1500,5260,4218,3308,2563
1994-05-15,1500,5185,4184,3296,2566
1994-05-16,1505,5241,4244,3316,2574
1994-05-17,1504,5234,4271,3358,2543
1994-05-18,1500,5246,4096,3391,2547
1994-05-19,1501,5275,4207,3253,2554
1994-05-20,1501,5274,4133,3332,2591
1994-05-21,1501,5165,4300,3298,2529
1994-05-22,1501,5307,4184,3334,2537
1994-05-23,1500,5263,4230,3329,2543
1994-05-24,1499,5316,4196,3340,2535
1994-05-25,1496,5258,4157,3300,2514
1994-05-26,1475,5218,4093,3218,2453
1994-05-27,1462,5140,4157,3244,2449
1994-05-28,1462,5184,4132,3220,2507
1994-05-29,1462,5143,4171,3209,2485
1994-05-30,1462,5112,4096,3202,2502
1994-05-31,1458,5217,4094,3238,2467
1994-06-01,1437,5074,4013,3210,2441
1994-06-02,1420,4999,3965,3088,2446
1994-06-03,1407,4861,3898,3114,2423
1994-06-04,1407,4860,3943,3084,2411
1994-06-05,1407,4939,3908,3051,2396
1994-06-06,1392,4879,3915,3067,2377
1994-06-07,1378,4792,3865,3007,2350
1994-06-08,1368,4795,3842,2962,2322
1994-06-09,1357,4829,3867,2962,2299
1994-06-10,1344,4739,3762,2926,2307
1994-06-11,1344,4647,3793,2937,2259
1994-06-12,1344,4698,3845,2917,2315
1994-06-13,1336,4636,3793,2927,2266
1994-06-14,1329,4632,3767,2902,2233
1994-06-15,1321,4603,3687,2917,2235
1994-06-16,1315,4579,3691,2911,2218
1994-06-17,1311,4526,3618,2892,2217
1994-06-18,1311,4582,3691,2877,2217
1994-06-19,1311,4560,3682,2876,2216
1994-06-20,1311,4442,3672,2859,2223
1994-06-21,1312,4695,3715,2862,2229
1994-06-22,1313,4650,3628,2910,2247
1994-06-23,1316,4587,3750,2842,2232
1994-06-24,1321,4624,3735,2904,2252
1994-06-25,1321,4565,3696,2896,2246
1994-06-26,1321,4708,3693,2924,2257
1994-06-27,1325,4732,3729,2872,2253
1994-06-28,1325,4645,3771,2915,2240
1994-06-29,1327,4696,3720,2930,2238
1994-06-30,1334,4678,3741,2878,2272
1994-07-01,1338,4616,3747,2911,2300
1994-07-02,1338,4662,3818,2941,2270
1994-07-03,1338,4690,3732,2959,2261
1994-07-04,1350,4702,3779,2975,2290
1994-07-05,1352,4721,3844,2991,2287
1994-07-06,1355,4738,3800,2949,2290
1994-07-07,1358,4749,3848,2940,2280
1994-07-08,1362,4770,3777,2999,2311
1994-07-09,1362,4714,3805,2960,2320
1994-07-10,1362,4731,3873,2970,2294
1994-07-11,1380,4766,3837,3064,2328
1994-07-12,1398,4942,3908,3081,2358
1994-07-13,1404,4809,3941,3072,2359
1994-07-14,1405,4975,3894,3070,2369
1994-07-15,1412,5011,3937,3125,2396
1994-07-16,1412,4927,3958,3113,2374
1994-07-17,1412,4812,3955,3070,2398
1994-07-18,1416,4938,4016,3057,2393
1994-07-19,1422,4974,4043,3185,2399
1994-07-20,1429,4951,3967,3107,2437
1994-07-21,1433,4990,4017,3168,2423
1994-07-22,1436,5103,4048,3205,2432
1994-07-23,1436,5059,4081,3164,2467
1994-07-24,1436,4980,4050,3141,2423
1994-07-25,1437,4950,4035,3119,2474
1994-07-26,1440,5024,4059,3125,2441
1994-07-27,1440,5029,4059,3179,2425
1994-07-28,1440,5065,3995,3212,2437
1994-07-29,1440,5013,4040,3156,2449
1994-07-30,1440,5066,4090,3151,2473
1994-07-31,1440,5137,4024,3189,2464
1994-08-01,1443,5091,4046,3154,2454
1994-08-02,1449,5069,4047,3196,2488
1994-08-03,1462,5108,4001,3218,2448
1994-08-04,1467,5117,4108,3215,2499
1994-08-05,1474,5218,4139,3242,2512
1994-08-06,1474,5128,4107,3296,2512
1994-08-07,1474,5161,4081,3261,2474
1994-08-08,1475,5165,4095,3278,2487
1994-08-09,1483,5165,4183,3235,2518
1994-08-10,1492,5153,4257,3315,2559
1994-08-11,1496,5252,4244,3310,2582
1994-08-12,1499,5243,4143,3253,2535
1994-08-13,1499,5272,4231,3314,2522
1994-08-14,1499,5220,4171,3282,2565
1994-08-15,1500,5311,4177,3254,2602
1994-08-16,1505,5224,4196,3315,2581
1994-08-17,1507,5360,4248,3332,2547
1994-08-18,1509,5194,4264,3324,2623
1994-08-19,1510,5307,4224,3319,2581
1994-08-20,1510,5309,4225,3312,2551
1994-08-21,1510,5245,4247,3396,2606
1994-08-22,1506,5292,4240,3278,2543
1994-08-23,1503,5324,4255,3333,2543
1994-08-24,1494,5118,4132,3287,2554
1994-08-25,1473,5181,4125,3215,2504
1994-08-26,1456,4971,4034,3202,2476
1994-08-27,1456,5048,4075,3161,2476
1994-08-28,1456,5177,4068,3185,2497
1994-08-29,1456,5067,4075,3202,2429
1994-08-30,1446,5002,4017,3135,2464
1994-08-31,1436,5016,3961,3174,2435
1994-09-01,1435,5126,3934,3128,2424
1994-09-02,1442,4955,4032,3129,2436
1994-09-03,1442,4994,4020,3140,2399
1994-09-04,1442,5122,4011,3238,2435
1994-09-05,1450,5168,4113,3131,2491
1994-09-06,1459,5101,4051,3223,2497
1994-09-07,1471,5087,4175,3214,2497
1994-09-08,1480,5285,4209,3245,2488
1994-09-09,1486,5281,4083,3287,2543
1994-09-10,1486,5235,4164,3286,2552
1994-09-11,1486,5160,4145,3249,2547
1994-09-12,1495,5230,4070,3248,2522
1994-09-13,1506,5263,4159,3332,2543
1994-09-14,1518,5330,4281,3356,2614
1994-09-15,1527,5417,4356,3351,2572
1994-09-16,1537,5423,4340,3395,2622
1994-09-17,1537,5326,4317,3368,2577
1994-09-18,1537,5448,4303,3357,2607
1994-09-19,1548,5434,4402,3406,2643
1994-09-20,1557,5484,4446,3441,2646
1994-09-21,1568,5561,4367,3459,2676
1994-09-22,1584,5488,4355,3500,2668
1994-09-23,1600,5598,4396,3497,2704
1994-09-24,1600,5573,4533,3567,2730
1994-09-25,1600,5522,4478,3510,2734
1994-09-26,1605,5635,4501,3527,2733
1994-09-27,1616,5782,4453,3516,2766
1994-09-28,1626,5599,4523,3571,2731
1994-09-29,1640,5738,4580,3624,2779
1994-09-30,1656,5828,4645,3666,2852
1994-10-01,1656,5802,4621,3690,2841
1994-10-02,1656,5790,4595,3659,2828
1994-10-03,1669,5777,4642,3680,2834
1994-10-04,1677,5881,4744,3676,2872
1994-10-05,1693,5888,4750,3705,2887
1994-10-06,1723,5921,4849,3820,2899
1994-10-07,1747,6174,4856,3872,2990
1994-10-08,1747,6162,4773,3811,2953
1994-10-09,1747,6117,4871,3865,2985
1994-10-10,1772,6213,4927,3918,2980
1994-10-11,1788,6312,5020,3900,3072
1994-10-12,1798,6304,5166,3972,3051
1994-10-13,1807,6370,5087,3944,3050
1994-10-14,1827,6380,5225,3947,3092
1994-10-15,1827,6460,5138,4015,3099
1994-10-16,1827,6411,5090,4027,3106
1994-10-17,1838,6443,5160,4040,3151
1994-10-18,1845,6394,5237,4145,3138
1994-10-19,1847,6479,5245,4075,3096
1994-10-20,1851,6437,5160,4077,3122
1994-10-21,1855,6461,5204,4094,3209
1994-10-22,1855,6452,5137,4068,3156
1994-10-23,1855,6439,5227,4109,3173
1994-10-24,1866,6637,5287,4116,3166
1994-10-25,1871,6615,5240,4126,3161
1994-10-26,1873,6652,5218,4102,3174
1994-10-27,1874,6498,5262,4076,3188
1994-10-28,1871,6552,5255,4101,3171
1994-10-29,1871,6484,5242,4125,3219
1994-10-30,1871,6514,5246,4103,3168
1994-10-31,1870,6499,5229,4123,3158
1994-11-01,1863,6582,5256,4092,3183
1994-11-02,1858,6483,5232,4101,3177
1994-11-03,1852,6535,5146,4045,3149
1994-11-04,1848,6498,5134,4071,3130
1994-11-05,1848,6583,5164,4046,3104
1994-11-06,1848,6394,5204,4019,3166
1994-11-07,1841,6506,5161,4045,3147
1994-11-08,1835,6480,5112,4083,3111
1994-11-09,1830,6356,5134,3982,3112
1994-11-10,1832,6462,5116,4034,3110
1994-11-11,1832,6429,5165,4054,3147
1994-11-12,1832,6401,5143,4099,3094
1994-11-13,1832,6371,5117,4016,3102
1994-11-14,1830,6369,5133,4007,3097
1994-11-15,1830,6507,5177,3991,3117
1994-11-16,1834,6419,5112,4069,3119
1994-11-17,1846,6500,5185,4035,3142
1994-11-18,1855,6453,5191,4070,3136
1994-11-19,1855,6454,5211,4026,3183
1994-11-20,1855,6547,5168,4108,3144
1994-11-21,1862,6450,5218,4131,3189
1994-11-22,1876,6545,5297,4153,3252
1994-11-23,1884,6596,5238,4097,3185
1994-11-24,1895,6638,5253,4187,3228
1994-11-25,1906,6662,5285,4143,3238
1994-11-26,1906,6691,5290,4195,3281
1994-11-27,1906,6706,5361,4199,3235
1994-11-28,1911,6725,5295,4214,3254
1994-11-29,1919,6667,5361,4238,3267
1994-11-30,1932,6748,5434,4250,3282
1994-12-01,1940,6850,5449,4209,3313
1994-12-02,1950,6870,5445,4306,3317
1994-12-03,1950,6756,5468,4293,3325
1994-12-04,1950,6843,5464,4263,3319
1994-12-05,1962,6768,5485,4269,3323
1994-12-06,1977,6922,5527,4396,3356
1994-12-07,1989,7056,5659,4413,3392
1994-12-08,2011,6991,5663,4445,3430
1994-12-09,2027,7053,5775,4439,3471
1994-12-10,2027,7133,5656,4384,3483
1994-12-11,2027,7017,5672,4482,3435
1994-12-12,2038,7101,5653,4495,3467
1994-12-13,2043,7180,5688,4483,3469
1994-12-14,2039,7105,5785,4520,3444
1994-12-15,2024,7072,5646,4478,3452
1994-12-16,2014,7086,5716,4436,3439
1994-12-17,2014,7070,5589,4432,3402
1994-12-18,2014,7062,5597,4432,3416
1994-12-19,2004,6997,5598,4429,3397
1994-12-20,1998,7012,5592,4370,3366
1994-12-21,1987,6948,5601,4384,3377
1994-12-22,1982,6960,5568,4333,3346
1994-12-23,1976,6891,5516,4387,3362
1994-12-24,1976,6907,5527,4363,3365
1994-12-25,1976,6867,5520,4327,3367
1994-12-26,1976,6914,5496,4350,3368
1994-12-27,1976,6875,5497,4322,3390
1994-12-28,1972,6846,5563,4384,3336
1994-12-29,1970,6908,5443,4383,3334
1994-12-30,1965,6888,5567,4344,3354
1994-12-31,1965,6917,5488,4370,3338
1995-01-01,1965,6856,5471,4328,3363
1995-01-02,1965,6898,5532,4346,3352
1995-01-03,1964,6902,5559,4358,3377
1995-01-04,1961,6886,5536,4314,3332
1995-01-05,1967,6843,5528,4330,3314
1995-01-06,1983,6948,5596,4391,3378
1995-01-07,1983,6959,5484,4382,3370
1995-01-08,1983,6941,5532,4340,3382
1995-01-09,1994,6875,5547,4321,3403
1995-01-10,2015,7061,5691,4428,3415
1995-01-11,2019,7177,5638,4379,3412
1995-01-12,2038,7115,5740,4454,3462
1995-01-13,2060,7174,5789,4506,3454
1995-01-14,2060,7229,5734,4515,3504
1995-01-15,2060,7226,5745,4557,3494
1995-01-16,2067,7294,5839,4579,3531
1995-01-17,2071,7186,5768,4571,3481
1995-01-18,2071,7285,5804,4575,3521
1995-01-19,2070,7275,5765,4574,3551
1995-01-20,2059,7199,5753,4455,3514
1995-01-21,2059,7223,5763,4530,3520
1995-01-22,2059,7258,5734,4476,3507
1995-01-23,2044,7198,5685,4512,3442
1995-01-24,2032,7055,5701,4408,3458
1995-01-25,2018,7104,5617,4434,3439
1995-01-26,1996,6983,5556,4408,3372
1995-01-27,1983,6944,5515,4329,3369
1995-01-28,1983,6944,5549,4391,3313
1995-01-29,1983,6933,5590,4378,3364
1995-01-30,1977,6979,5596,4361,3352
1995-01-31,1973,6901,5495,4362,3382
1995-02-01,1966,6825,5591,4314,3330
1995-02-02,1961,6844,5451,4319,3328
1995-02-03,1959,6865,5529,4310,3329
1995-02-04,1959,6918,5456,4309,3318
1995-02-05,1959,6887,5450,4290,3345
1995-02-06,1958,6810,5453,4270,3289
1995-02-07,1957,6974,5478,4295,3350
1995-02-08,1965,6891,5525,4311,3340
1995-02-09,1974,6973,5554,4321,3382
1995-02-10,1980,6922,5506,4382,3311
1995-02-11,1980,6957,5504,4321,3317
1995-02-12,1980,6972,5507,4351,3360
1995-02-13,1984,7005,5551,4400,3383
1995-02-14,1984,6997,5547,4392,3362
1995-02-15,1981,6977,5509,4395,3379
1995-02-16,1983,6925,5563,4345,3391
1995-02-17,1992,6943,5668,4406,3400
1995-02-18,1992,6989,5557,4351,3388
1995-02-19,1992,7019,5560,4374,3388
1995-02-20,2002,6996,5628,4399,3391
1995-02-21,2009,7085,5603,4403,3414
1995-02-22,2019,7139,5680,4431,3412
1995-02-23,2023,7035,5636,4436,3423
1995-02-24,2027,7053,5749,4430,3456
1995-02-25,2027,7087,5689,4485,3437
1995-02-26,2027,7110,5651,4454,3431
1995-02-27,2032,7086,5666,4476,3463
1995-02-28,2038,7201,5686,4489,3472
1995-03-01,2044,7175,5778,4498,3470
1995-03-02,2052,7184,5695,4517,3485
1995-03-03,2066,7159,5758,4536,3521
1995-03-04,2066,7165,5762,4588,3532
1995-03-05,2066,7245,5784,4568,3516
1995-03-06,2072,7145,5791,4559,3499
1995-03-07,2083,7341,5773,4569,3537
1995-03-08,2090,7307,5836,4594,3545
1995-03-09,2111,7551,5907,4657,3568
1995-03-10,2176,7731,6068,4832,3709
1995-03-11,2176,7607,6120,4746,3711
1995-03-12,2176,7611,6130,4807,3714
1995-03-13,2196,7736,6146,4865,3713
1995-03-14,2216,7841,6214,4831,3770
1995-03-15,2239,7755,6183,4920,3806
1995-03-16,2251,7789,6286,4920,3833
1995-03-17,2266,7900,6385,4998,3855
1995-03-18,2266,7960,6328,4974,3852
1995-03-19,2266,7956,6315,4981,3850
1995-03-20,2280,8033,6475,5004,3898
1995-03-21,2287,7945,6476,5053,3871
1995-03-22,2295,7917,6445,5056,3898
1995-03-23,2294,8072,6469,5054,3921
1995-03-24,2289,7970,6320,5041,3875
1995-03-25,2289,7911,6378,5053,3876
1995-03-26,2289,8019,6390,5028,3906
1995-03-27,2281,8023,6377,5069,3849
1995-03-28,2259,7900,6306,4933,3854
1995-03-29,2234,7796,6153,4863,3788
1995-03-30,2217,7752,6223,4823,3777
1995-03-31,2209,7713,6207,4797,3731
1995-04-01,2209,7664,6249,4880,3779
1995-04-02,2209,7696,6154,4876,3731
1995-04-03,2197,7716,6117,4870,3749
1995-04-04,2196,7702,6042,4800,3710
1995-04-05,2196,7694,6137,4854,3769
1995-04-06,2199,7647,6193,4840,3737
1995-04-07,2205,7708,6150,4856,3788
1995-04-08,2205,7609,6260,4870,3732
1995-04-09,2205,7726,6164,4828,3740
1995-04-10,2209,7803,6191,4937,3780
1995-04-11,2220,7696,6161,4924,3745
1995-04-12,2234,7790,6267,4899,3784
1995-04-13,2247,7881,6212,4911,3830
1995-04-14,2247,7927,6319,4941,3800
1995-04-15,2247,7842,6321,4949,3830
1995-04-16,2247,7830,6346,4975,3823
1995-04-17,2247,7766,6251,4908,3790
1995-04-18,2256,7901,6323,4972,3855
1995-04-19,2271,8051,6381,4950,3835
1995-04-20,2288,8022,6424,5047,3905
1995-04-21,2299,8045,6403,5055,3911
1995-04-22,2299,8063,6342,5116,3899
1995-04-23,2299,8046,6451,5011,3886
1995-04-24,2310,8044,6462,5123,3934
1995-04-25,2313,8137,6454,5037,3915
1995-04-26,2320,8131,6527,5064,3968
1995-04-27,2333,8166,6531,5082,3991
1995-04-28,2347,8166,6519,5171,4023
1995-04-29,2347,8280,6494,5128,3996
1995-04-30,2347,8248,6526,5123,3982
1995-05-01,2352,8204,6681,5180,3992
1995-05-02,2351,8279,6612,5186,3989
1995-05-03,2344,8179,6571,5158,3990
1995-05-04,2346,8172,6562,5156,3997
1995-05-05,2343,8163,6551,5209,4008
1995-05-06,2343,8112,6607,5159,3984
1995-05-07,2343,8224,6541,5179,3955
1995-05-08,2343,8109,6583,5159,3975
1995-05-09,2335,8111,6524,5104,4001
1995-05-10,2328,8044,6596,5138,3926
1995-05-11,2311,8084,6500,5065,3943
1995-05-12,2299,8039,6487,5055,3900
1995-05-13,2299,8030,6414,5067,3891
1995-05-14,2299,7994,6480,5000,3916
1995-05-15,2281,7925,6374,4970,3909
1995-05-16,2261,7937,6335,5001,3851
1995-05-17,2239,7809,6335,4906,3801
1995-05-18,2220,7786,6174,4866,3748
1995-05-19,2208,7684,6191,4863,3752
1995-05-20,2208,7737,6200,4846,3727
1995-05-21,2208,7793,6203,4870,3747
1995-05-22,2191,7698,6117,4819,3723
1995-05-23,2176,7595,6176,4793,3652
1995-05-24,2158,7566,5991,4727,3696
1995-05-25,2143,7488,6059,4720,3618
1995-05-26,2129,7452,6010,4717,3616
1995-05-27,2129,7435,6037,4667,3630
1995-05-28,2129,7443,5898,4711,3645
1995-05-29,2129,7462,5926,4682,3603
1995-05-30,2115,7353,5982,4675,3545
1995-05-31,2096,7285,5794,4615,3585
1995-06-01,2081,7214,5763,4577,3513
1995-06-02,2055,7112,5734,4531,3501
1995-06-03,2055,7132,5762,4557,3502
1995-06-04,2055,7200,5818,4528,3428
1995-06-05,2037,7085,5696,4496,3431
1995-06-06,2026,7117,5648,4446,3435
1995-06-07,2016,7058,5657,4482,3376
1995-06-08,2002,6909,5624,4424,3377
1995-06-09,1995,7015,5604,4391,3394
1995-06-10,1995,7023,5579,4385,3390
1995-06-11,1995,6933,5508,4418,3398
1995-06-12,1991,6990,5538,4362,3394
1995-06-13,1987,6912,5620,4318,3344
1995-06-14,1983,6945,5560,4365,3345
1995-06-15,1990,6902,5559,4414,3398
1995-06-16,1997,6900,5636,4441,3425
1995-06-17,1997,6970,5546,4390,3376
1995-06-18,1997,6983,5583,4395,3400
1995-06-19,1998,6973,5600,4411,3413
1995-06-20,1996,6927,5571,4383,3398
1995-06-21,1995,6963,5590,4404,3387
1995-06-22,1999,7010,5590,4395,3385
1995-06-23,2001,7001,5547,4433,3441
1995-06-24,2001,7013,5610,4424,3404
1995-06-25,2001,6970,5550,4427,3409
1995-06-26,2007,7083,5626,4409,3418
1995-06-27,2002,6948,5661,4462,3387
1995-06-28,1999,7021,5586,4412,3399
1995-06-29,1989,7021,5522,4383,3375
1995-06-30,1979,6951,5536,4331,3357
1995-07-01,1979,6916,5508,4351,3371
1995-07-02,1979,6900,5565,4357,3346
1995-07-03,1965,6929,5496,4299,3316
1995-07-04,1955,6771,5542,4292,3334
1995-07-05,1949,6773,5504,4283,3303
1995-07-06,1939,6767,5423,4267,3289
1995-07-07,1937,6841,5452,4209,3254
1995-07-08,1937,6798,5408,4257,3312
1995-07-09,1937,6731,5425,4250,3303
1995-07-10,1939,6771,5415,4265,3310
1995-07-11,1942,6766,5468,4303,3309
1995-07-12,1945,6772,5503,4341,3276
1995-07-13,1954,6888,5503,4319,3326
1995-07-14,1958,6784,5519,4271,3316
1995-07-15,1958,6933,5519,4297,3309
1995-07-16,1958,6894,5504,4325,3339
1995-07-17,1960,6915,5442,4326,3365
1995-07-18,1960,6837,5556,4342,3362
1995-07-19,1965,6870,5574,4320,3353
1995-07-20,1971,6827,5509,4325,3350
1995-07-21,1983,6914,5538,4415,3367
1995-07-22,1983,6965,5577,4364,3353
1995-07-23,1983,7005,5574,4332,3366
1995-07-24,1988,6903,5558,4418,3398
1995-07-25,1997,6971,5542,4349,3431
1995-07-26,2007,7017,5632,4311,3396
1995-07-27,2011,6969,5653,4447,3379
1995-07-28,2016,7086,5674,4463,3417
1995-07-29,2016,7020,5659,4448,3445
1995-07-30,2016,7046,5634,4396,3469
1995-07-31,2025,7065,5710,4453,3469
1995-08-01,2030,7066,5687,4458,3477
1995-08-02,2038,7133,5688,4467,3448
1995-08-03,2049,7161,5730,4550,3467
1995-08-04,2059,7188,5695,4498,3474
1995-08-05,2059,7170,5758,4539,3487
1995-08-06,2059,7222,5793,4566,3519
1995-08-07,2067,7317,5801,4559,3546
1995-08-08,2071,7255,5860,4593,3528
1995-08-09,2076,7316,5802,4584,3524
1995-08-10,2083,7221,5852,4595,3520
1995-08-11,2084,7302,5867,4596,3541
1995-08-12,2084,7239,5929,4603,3547
1995-08-13,2084,7220,5841,4573,3514
1995-08-14,2086,7264,5799,4550,3565
1995-08-15,2095,7392,5900,4638,3553
1995-08-16,2097,7387,5946,4648,3582
1995-08-17,2103,7373,5875,4634,3575
1995-08-18,2107,7298,5933,4619,3588
1995-08-19,2107,7365,5949,4589,3568
1995-08-20,2107,7390,5940,4638,3575
1995-08-21,2110,7394,5913,4602,3600
1995-08-22,2115,7310,5894,4608,3593
1995-08-23,2119,7372,5930,4661,3580
1995-08-24,2120,7417,5954,4641,3606
1995-08-25,2122,7454,5978,4679,3615
1995-08-26,2122,7317,5955,4664,3635
1995-08-27,2122,7419,5926,4650,3630
1995-08-28,2122,7434,5964,4617,3606
1995-08-29,2118,7455,5965,4634,3590
1995-08-30,2109,7416,5920,4615,3581
1995-08-31,2102,7386,5852,4588,3563
1995-09-01,2096,7296,5862,4601,3573
1995-09-02,2096,7241,5907,4577,3584
1995-09-03,2096,7316,5813,4606,3588
1995-09-04,2085,7348,5754,4594,3536
1995-09-05,2075,7332,5870,4540,3517
1995-09-06,2068,7274,5811,4562,3507
1995-09-07,2055,7214,5778,4480,3455
1995-09-08,2048,7187,5691,4472,3458
1995-09-09,2048,7140,5764,4502,3481
1995-09-10,2048,7161,5745,4526,3489
1995-09-11,2040,7223,5649,4514,3478
1995-09-12,2027,7047,5733,4508,3430
1995-09-13,2015,7133,5648,4422,3416
1995-09-14,2006,7005,5601,4409,3405
1995-09-15,2000,7066,5585,4369,3392
1995-09-16,2000,6930,5519,4362,3414
1995-09-17,2000,7029,5624,4407,3374
1995-09-18,1999,6960,5608,4375,3375
1995-09-19,1997,6919,5584,4430,3389
1995-09-20,1990,6976,5623,4334,3356
1995-09-21,1981,6984,5491,4373,3330
1995-09-22,1979,6884,5517,4324,3334
1995-09-23,1979,6852,5507,4329,3359
1995-09-24,1979,6922,5530,4370,3377
1995-09-25,1971,6894,5521,4316,3364
1995-09-26,1966,6908,5522,4310,3374
1995-09-27,1956,6893,5463,4279,3327
1995-09-28,1943,6798,5405,4328,3308
1995-09-29,1920,6813,5443,4205,3259
1995-09-30,1920,6731,5472,4226,3260
1995-10-01,1920,6703,5382,4218,3306
1995-10-02,1897,6559,5281,4180,3230
1995-10-03,1879,6563,5320,4115,3201
1995-10-04,1857,6483,5142,4079,3134
1995-10-05,1841,6492,5141,4062,3138
1995-10-06,1828,6421,5091,3996,3121
1995-10-07,1828,6339,5072,4054,3130
1995-10-08,1828,6407,5107,4057,3120
1995-10-09,1809,6365,5031,3998,3073
1995-10-10,1794,6355,5024,3949,3046
1995-10-11,1773,6250,4965,3811,3013
1995-10-12,1760,6198,4903,3885,2994
1995-10-13,1745,6111,4871,3827,2992
1995-10-14,1745,6127,4877,3832,2988
1995-10-15,1745,6170,4918,3782,2982
1995-10-16,1731,5992,4841,3823,2983
1995-10-17,1714,5982,4832,3727,2861
1995-10-18,1695,5894,4769,3733,2872
1995-10-19,1679,5895,4724,3721,2854
1995-10-20,1656,5858,4692,3629,2802
1995-10-21,1656,5766,4592,3680,2797
1995-10-22,1656,5676,4618,3621,2781
1995-10-23,1640,5719,4663,3626,2782
1995-10-24,1623,5726,4534,3531,2777
1995-10-25,1594,5606,4351,3538,2725
1995-10-26,1576,5537,4405,3493,2664
1995-10-27,1559,5443,4371,3444,2655
1995-10-28,1559,5393,4261,3418,2677
1995-10-29,1559,5482,4419,3388,2620
1995-10-30,1551,5387,4314,3400,2634
1995-10-31,1547,5524,4345,3437,2636
1995-11-01,1539,5415,4300,3390,2617
1995-11-02,1538,5354,4255,3337,2632
1995-11-03,1542,5366,4275,3359,2591
1995-11-04,1542,5392,4280,3430,2601
1995-11-05,1542,5385,4361,3407,2635
1995-11-06,1543,5456,4314,3358,2589
1995-11-07,1553,5445,4328,3364,2656
1995-11-08,1566,5444,4347,3426,2671
1995-11-09,1601,5698,4531,3467,2737
1995-11-10,1636,5728,4639,3595,2772
1995-11-11,1636,5764,4628,3673,2791
1995-11-12,1636,5696,4600,3551,2758
1995-11-13,1657,5818,4651,3640,2809
1995-11-14,1691,5934,4686,3760,2875
1995-11-15,1709,5887,4775,3782,2887
1995-11-16,1730,6156,4817,3802,2945
1995-11-17,1748,6183,4821,3841,2949
1995-11-18,1748,6098,4937,3811,2977
1995-11-19,1748,6063,4867,3838,3006
1995-11-20,1753,6153,4956,3864,2955
1995-11-21,1740,6094,4907,3861,2958
1995-11-22,1728,6066,4861,3783,2905
1995-11-23,1717,6019,4832,3772,2902
1995-11-24,1707,6000,4755,3727,2916
1995-11-25,1707,6047,4854,3762,2893
1995-11-26,1707,6003,4781,3779,2917
1995-11-27,1699,5894,4769,3757,2895
1995-11-28,1685,5966,4692,3672,2863
1995-11-29,1666,5913,4628,3670,2812
1995-11-30,1644,5912,4622,3596,2809
1995-12-01,1634,5663,4584,3625,2784
1995-12-02,1634,5731,4544,3590,2747
1995-12-03,1634,5615,4518,3549,2759
1995-12-04,1621,5701,4488,3560,2700
1995-12-05,1615,5625,4570,3567,2718
1995-12-06,1610,5731,4483,3549,2731
1995-12-07,1607,5586,4486,3520,2711
1995-12-08,1606,5537,4555,3516,2714
1995-12-09,1606,5597,4452,3504,2758
1995-12-10,1606,5522,4468,3521,2751
1995-12-11,1610,5673,4477,3516,2723
1995-12-12,1616,5553,4590,3584,2763
1995-12-13,1631,5710,4647,3561,2797
1995-12-14,1644,5650,4633,3620,2807
1995-12-15,1644,5738,4635,3618,2801
1995-12-16,1644,5836,4580,3645,2817
1995-12-17,1644,5772,4681,3649,2810
1995-12-18,1637,5686,4594,3622,2759
1995-12-19,1630,5703,4598,3597,2767
1995-12-20,1627,5695,4551,3548,2755
1995-12-21,1626,5715,4542,3545,2787
1995-12-22,1623,5612,4611,3545,2747
1995-12-23,1623,5710,4566,3593,2744
1995-12-24,1623,5545,4602,3573,2780
1995-12-25,1623,5649,4555,3597,2764
1995-12-26,1623,5656,4510,3601,2801
1995-12-27,1618,5695,4507,3538,2733
1995-12-28,1610,5636,4512,3543,2727
1995-12-29,1604,5544,4466,3528,2749
1995-12-30,1604,5565,4447,3519,2701
1995-12-31,1604,5624,4539,3513,2753
1996-01-01,1604,5610,4469,3564,2703
1996-01-02,1598,5564,4480,3517,2729
1996-01-03,1589,5537,4461,3496,2664
1996-01-04,1589,5596,4426,3472,2702
1996-01-05,1583,5515,4490,3503,2664
1996-01-06,1583,5536,4388,3452,2730
1996-01-07,1583,5649,4443,3496,2670
1996-01-08,1579,5455,4431,3488,2668
1996-01-09,1577,5427,4413,3457,2692
1996-01-10,1570,5534,4344,3464,2657
1996-01-11,1565,5444,4417,3449,2674
1996-01-12,1550,5409,4370,3409,2621
1996-01-13,1550,5386,4313,3410,2619
1996-01-14,1550,5412,4368,3412,2634
1996-01-15,1543,5480,4335,3398,2599
1996-01-16,1541,5434,4264,3392,2628
1996-01-17,1538,5426,4272,3350,2632
1996-01-18,1541,5323,4360,3386,2631
1996-01-19,1538,5325,4319,3392,2627
1996-01-20,1538,5241,4284,3387,2576
1996-01-21,1538,5343,4272,3412,2605
1996-01-22,1535,5420,4277,3396,2605
1996-01-23,1532,5388,4272,3344,2633
1996-01-24,1528,5337,4245,3357,2586
1996-01-25,1528,5347,4209,3352,2552
1996-01-26,1529,5317,4327,3364,2579
1996-01-27,1529,5362,4320,3364,2586
1996-01-28,1529,5390,4230,3382,2556
1996-01-29,1520,5239,4261,3349,2603
1996-01-30,1510,5300,4192,3359,2536
1996-01-31,1503,5307,4198,3314,2564
1996-02-01,1494,5208,4169,3262,2518
1996-02-02,1484,5229,4138,3251,2553
1996-02-03,1484,5335,4235,3283,2517
1996-02-04,1484,5189,4138,3216,2513
1996-02-05,1481,5203,4114,3218,2528
1996-02-06,1471,5112,4088,3237,2481
1996-02-07,1465,5137,4144,3252,2502
1996-02-08,1456,5119,4011,3242,2466
1996-02-09,1453,5095,4038,3190,2458
1996-02-10,1453,5035,4126,3228,2468
1996-02-11,1453,5096,4078,3199,2448
1996-02-12,1449,5145,4065,3142,2459
1996-02-13,1448,5090,4140,3185,2468
1996-02-14,1445,5106,4056,3160,2410
1996-02-15,1440,5028,4004,3196,2470
1996-02-16,1437,5067,4012,3161,2459
1996-02-17,1437,5043,3978,3123,2406
1996-02-18,1437,4982,4074,3116,2403
1996-02-19,1432,5028,4033,3150,2451
1996-02-20,1426,4941,4038,3065,2439
1996-02-21,1419,4935,4022,3106,2425
1996-02-22,1406,4930,3920,3100,2362
1996-02-23,1400,4915,3882,3048,2417
1996-02-24,1400,4841,3918,3110,2365
1996-02-25,1400,4953,3885,3116,2385
1996-02-26,1398,4922,3921,3045,2382
1996-02-27,1392,4837,3943,3053,2398
1996-02-28,1379,4750,3854,3064,2347
1996-02-29,1364,4767,3825,3001,2327
1996-03-01,1357,4727,3796,2944,2305
1996-03-02,1357,4755,3832,2981,2283
1996-03-03,1357,4731,3773,2960,2261
1996-03-04,1349,4621,3689,3001,2294
1996-03-05,1347,4695,3790,2982,2262
1996-03-06,1347,4699,3811,2954,2297
1996-03-07,1348,4750,3792,2970,2295
1996-03-08,1350,4690,3754,2931,2297
1996-03-09,1350,4809,3735,2947,2274
1996-03-10,1350,4629,3800,3017,2316
1996-03-11,1354,4805,3797,2980,2311
1996-03-12,1351,4717,3778,3000,2273
1996-03-13,1353,4778,3861,2984,2341
1996-03-14,1355,4746,3756,3020,2299
1996-03-15,1363,4827,3887,2939,2290
1996-03-16,1363,4751,3818,2993,2302
1996-03-17,1363,4716,3743,3048,2287
1996-03-18,1375,4884,3843,3054,2365
1996-03-19,1396,4880,3947,3111,2395
1996-03-20,1408,4939,3928,3097,2408
1996-03-21,1417,5021,3909,3101,2420
1996-03-22,1422,4925,3975,3098,2442
1996-03-23,1422,5007,3947,3095,2413
1996-03-24,1422,4948,4001,3153,2426
1996-03-25,1425,4981,4021,3150,2406
1996-03-26,1428,5002,3956,3140,2425
1996-03-27,1430,4930,3976,3161,2440
1996-03-28,1445,5019,4076,3183,2395
1996-03-29,1448,5136,4020,3214,2449
1996-03-30,1448,5112,4011,3214,2465
1996-03-31,1448,5065,4007,3154,2460
1996-04-01,1449,5084,4071,3196,2454
1996-04-02,1449,5057,4070,3138,2475
1996-04-03,1454,5157,4044,3203,2458
1996-04-04,1458,5093,4083,3226,2454
1996-04-05,1458,5115,4143,3168,2502
1996-04-06,1458,5160,4043,3195,2499
1996-04-07,1458,5064,4004,3208,2467
1996-04-08,1458,5181,4101,3215,2477
1996-04-09,1457,5023,4075,3197,2494
1996-04-10,1456,5177,4048,3168,2476
1996-04-11,1454,5070,4097,3197,2482
1996-04-12,1450,5063,4094,3140,2475
1996-04-13,1450,4980,3972,3183,2459
1996-04-14,1450,5052,4034,3177,2475
1996-04-15,1447,5013,4144,3179,2441
1996-04-16,1447,5034,4075,3167,2468
1996-04-17,1447,5058,4079,3138,2458
1996-04-18,1448,5116,4101,3175,2454
1996-04-19,1448,5078,4055,3214,2437
1996-04-20,1448,5083,4086,3223,2464
1996-04-21,1448,5013,4083,3259,2462
1996-04-22,1452,5038,4087,3245,2452
1996-04-23,1454,5179,4058,3163,2440
1996-04-24,1455,5056,4081,3189,2441
1996-04-25,1462,5200,4070,3216,2480
1996-04-26,1465,5115,4103,3220,2497
1996-04-27,1465,5128,4055,3225,2527
1996-04-28,1465,5181,4070,3295,2490
1996-04-29,1463,5184,4085,3186,2455
1996-04-30,1458,5097,4045,3186,2474
1996-05-01,1456,5077,4057,3253,2500
1996-05-02,1455,5090,4067,3183,2460
1996-05-03,1458,5120,4098,3219,2501
1996-05-04,1458,5148,4120,3239,2482
1996-05-05,1458,5103,4064,3222,2492
1996-05-06,1458,5134,4136,3213,2516
1996-05-07,1457,5181,4117,3234,2440
1996-05-08,1452,5101,4086,3168,2486
1996-05-09,1447,5080,4058,3169,2458
1996-05-10,1445,4982,4059,3195,2438
1996-05-11,1445,4926,4093,3117,2454
1996-05-12,1445,5077,4095,3221,2490
1996-05-13,1442,5042,4091,3182,2478
1996-05-14,1438,5007,4028,3168,2405
1996-05-15,1433,5028,4035,3104,2421
1996-05-16,1425,4984,4044,3096,2441
1996-05-17,1417,5016,3943,3105,2408
1996-05-18,1417,4964,3955,3142,2409
1996-05-19,1417,4922,3968,3055,2378
1996-05-20,1408,4978,3978,3121,2379
1996-05-21,1401,4893,3959,3071,2355
1996-05-22,1395,4909,3897,3062,2338
1996-05-23,1387,4831,3823,3059,2333
1996-05-24,1379,4794,3871,3042,2326
1996-05-25,1379,4831,3824,3012,2329
1996-05-26,1379,4827,3802,3053,2327
1996-05-27,1379,4850,3811,2964,2365
1996-05-28,1373,4792,3857,3007,2316
1996-05-29,1360,4668,3862,2997,2341
1996-05-30,1343,4679,3762,2944,2273
1996-05-31,1339,4726,3758,2891,2285
1996-06-01,1339,4672,3797,2969,2286
1996-06-02,1339,4674,3687,2908,2258
1996-06-03,1337,4729,3764,2939,2266
1996-06-04,1338,4647,3746,2948,2265
1996-06-05,1338,4606,3769,2944,2282
1996-06-06,1331,4650,3707,2963,2260
1996-06-07,1322,4603,3669,2907,2232
1996-06-08,1322,4579,3707,2921,2250
1996-06-09,1322,4618,3768,2907,2254
1996-06-10,1315,4627,3716,2911,2273
1996-06-11,1302,4557,3625,2906,2215
1996-06-12,1293,4541,3567,2849,2198
1996-06-13,1284,4585,3528,2848,2191
1996-06-14,1276,4449,3625,2851,2150
1996-06-15,1276,4480,3535,2848,2135
1996-06-16,1276,4441,3560,2796,2163
1996-06-17,1268,4396,3603,2821,2177
1996-06-18,1258,4374,3458,2775,2163
1996-06-19,1249,4348,3557,2781,2086
1996-06-20,1241,4361,3465,2747,2123
1996-06-21,1232,4429,3404,2719,2051
1996-06-22,1232,4276,3440,2723,2104
1996-06-23,1232,4291,3421,2718,2102
1996-06-24,1225,4284,3448,2704,2048
1996-06-25,1218,4283,3384,2675,2091
1996-06-26,1212,4255,3317,2659,2095
1996-06-27,1202,4271,3357,2697,2042
1996-06-28,1193,4054,3286,2639,2031
1996-06-29,1193,4056,3349,2607,2058
1996-06-30,1193,4151,3293,2616,2006
1996-07-01,1182,4192,3290,2632,1987
1996-07-02,1178,4045,3306,2570,1986
1996-07-03,1173,3955,3276,2536,1995
1996-07-04,1163,4099,3266,2516,1978
1996-07-05,1157,4062,3267,2494,1956
1996-07-06,1157,3995,3193,2506,1961
1996-07-07,1157,4000,3237,2510,1956
1996-07-08,1147,3966,3078,2565,1940
1996-07-09,1136,3982,3191,2498,1916
1996-07-10,1124,3903,3135,2462,1896
1996-07-11,1120,3945,3097,2421,1864
1996-07-12,1116,3763,3137,2451,1893
1996-07-13,1116,3863,3172,2403,1858
1996-07-14,1116,3850,3106,2444,1912
1996-07-15,1112,3879,3076,2508,1879
1996-07-16,1109,3855,3112,2460,1883
1996-07-17,1107,3914,3046,2429,1874
1996-07-18,1106,3778,3070,2454,1875
1996-07-19,1106,3873,3146,2418,1905
1996-07-20,1106,3899,3099,2409,1853
1996-07-21,1106,3964,3022,2484,1848
1996-07-22,1108,3854,3031,2403,1886
1996-07-23,1103,3877,3095,2416,1865
1996-07-24,1094,3739,3098,2416,1867
1996-07-25,1086,3681,2976,2361,1861
1996-07-26,1078,3815,3036,2391,1810
1996-07-27,1078,3773,3072,2362,1845
1996-07-28,1078,3832,3094,2392,1812
1996-07-29,1072,3683,3015,2376,1824
1996-07-30,1068,3764,3011,2342,1791
1996-07-31,1066,3824,2899,2397,1815
1996-08-01,1062,3738,3058,2316,1805
1996-08-02,1062,3731,2951,2377,1783
1996-08-03,1062,3717,2936,2372,1778
1996-08-04,1062,3638,2963,2390,1820
1996-08-05,1061,3781,3031,2339,1795
1996-08-06,1062,3686,3062,2313,1826
1996-08-07,1061,3739,2976,2397,1793
1996-08-08,1060,3632,3008,2322,1828
1996-08-09,1062,3658,2975,2312,1786
1996-08-10,1062,3789,2932,2331,1835
1996-08-11,1062,3700,3033,2307,1809
1996-08-12,1063,3793,2952,2354,1815
1996-08-13,1068,3734,3052,2331,1796
1996-08-14,1080,3688,3076,2367,1851
1996-08-15,1090,3860,3077,2427,1868
1996-08-16,1101,3824,3156,2441,1865
1996-08-17,1101,3888,3172,2423,1829
1996-08-18,1101,3855,3076,2427,1849
1996-08-19,1108,3801,3070,2438,1861
1996-08-20,1109,3890,3031,2427,1894
1996-08-21,1113,4005,3206,2449,1883
1996-08-22,1117,3934,3110,2472,1890
1996-08-23,1119,3914,3179,2458,1891
1996-08-24,1119,3970,3104,2474,1932
1996-08-25,1119,3927,3195,2437,1903
1996-08-26,1119,3927,3105,2444,1906
1996-08-27,1119,3862,3086,2440,1890
1996-08-28,1116,3918,3116,2438,1897
1996-08-29,1110,3937,3087,2481,1867
1996-08-30,1100,3808,3104,2442,1877
1996-08-31,1100,3921,3078,2388,1847
1996-09-01,1100,3845,3105,2433,1885
1996-09-02,1091,3774,3043,2388,1840
1996-09-03,1085,3847,3011,2367,1863
1996-09-04,1079,3762,2998,2329,1872
1996-09-05,1072,3790,3083,2388,1822
1996-09-06,1063,3706,2985,2298,1833
1996-09-07,1063,3718,2897,2337,1822
1996-09-08,1063,3745,2956,2310,1778
1996-09-09,1056,3711,2961,2346,1797
1996-09-10,1051,3579,3017,2302,1797
1996-09-11,1045,3601,2967,2295,1788
1996-09-12,1038,3679,2870,2281,1768
1996-09-13,1030,3598,2981,2275,1754
1996-09-14,1030,3579,2883,2266,1751
1996-09-15,1030,3537,2934,2265,1754
1996-09-16,1020,3516,2810,2228,1710
1996-09-17,1015,3451,2746,2186,1721
1996-09-18,1011,3533,2774,2191,1690
1996-09-19,1003,3481,2678,2228,1695
1996-09-20,1001,3455,2887,2193,1690
1996-09-21,1001,3500,2811,2182,1689
1996-09-22,1001,3522,2766,2160,1681
1996-09-23,997,3594,2810,2142,1700
1996-09-24,995,3407,2794,2168,1685
1996-09-25,992,3530,2802,2209,1678
1996-09-26,994,3528,2832,2170,1662
1996-09-27,998,3454,2783,2208,1691
1996-09-28,998,3503,2759,2178,1720
1996-09-29,998,3470,2828,2215,1720
1996-09-30,1000,3509,2832,2189,1707
1996-10-01,1003,3586,2812,2170,1699
1996-10-02,1010,3565,2915,2214,1728
1996-10-03,1017,3585,2830,2292,1716
1996-10-04,1023,3559,2828,2304,1733
1996-10-05,1023,3506,2881,2265,1724
1996-10-06,1023,3570,2837,2246,1757
1996-10-07,1029,3662,2901,2273,1765
1996-10-08,1034,3543,2862,2284,1757
1996-10-09,1044,3601,2907,2296,1809
1996-10-10,1054,3695,3027,2332,1800
1996-10-11,1063,3671,2960,2345,1814
1996-10-12,1063,3681,2944,2329,1812
1996-10-13,1063,3699,3023,2303,1782
1996-10-14,1069,3673,2951,2338,1799
1996-10-15,1076,3717,2985,2391,1828
1996-10-16,1095,3868,3089,2408,1861
1996-10-17,1118,3848,3168,2469,1912
1996-10-18,1145,3928,3255,2511,1933
1996-10-19,1145,3976,3176,2487,1948
1996-10-20,1145,4044,3230,2512,1948
1996-10-21,1176,4106,3274,2557,2002
1996-10-22,1199,4173,3333,2605,2039
1996-10-23,1221,4276,3467,2722,2048
1996-10-24,1238,4246,3444,2711,2059
1996-10-25,1256,4421,3528,2741,2116
1996-10-26,1256,4415,3523,2812,2125
1996-10-27,1256,4376,3474,2788,2112
1996-10-28,1268,4488,3589,2778,2154
1996-10-29,1281,4427,3609,2831,2200
1996-10-30,1296,4592,3549,2844,2218
1996-10-31,1311,4596,3682,2863,2238
1996-11-01,1323,4614,3673,2925,2269
1996-11-02,1323,4630,3748,2901,2231
1996-11-03,1323,4625,3647,2913,2240
1996-11-04,1333,4727,3718,2963,2278
1996-11-05,1358,4699,3817,3015,2299
1996-11-06,1393,4837,3903,3048,2360
1996-11-07,1433,5067,4043,3167,2473
1996-11-08,1477,5140,4075,3216,2513
1996-11-09,1477,5215,4202,3263,2546
1996-11-10,1477,5254,4157,3254,2474
1996-11-11,1502,5237,4260,3316,2541
1996-11-12,1515,5337,4277,3324,2584
1996-11-13,1522,5269,4261,3411,2589
1996-11-14,1521,5361,4207,3319,2545
1996-11-15,1515,5312,4219,3362,2571
1996-11-16,1515,5326,4306,3302,2625
1996-11-17,1515,5270,4297,3348,2580
1996-11-18,1504,5181,4186,3326,2569
1996-11-19,1488,5233,4054,3275,2517
1996-11-20,1475,5059,4121,3230,2512
1996-11-21,1460,5094,4076,3216,2482
1996-11-22,1447,5112,4042,3191,2482
1996-11-23,1447,5074,4073,3237,2482
1996-11-24,1447,5162,4087,3157,2468
1996-11-25,1442,5098,4077,3156,2453
1996-11-26,1434,4986,4033,3163,2404
1996-11-27,1428,4999,3926,3134,2393
1996-11-28,1423,4978,3971,3128,2421
1996-11-29,1423,4901,4077,3163,2437
1996-11-30,1423,4933,3999,3046,2446
1996-12-01,1423,4952,3999,3113,2401
1996-12-02,1427,4893,4010,3087,2396
1996-12-03,1434,5021,4032,3119,2456
1996-12-04,1440,5028,3937,3240,2432
1996-12-05,1445,4974,4036,3197,2425
1996-12-06,1453,5106,4067,3225,2460
1996-12-07,1453,5121,4120,3194,2460
1996-12-08,1453,5097,4070,3219,2497
1996-12-09,1465,5111,4036,3170,2508
1996-12-10,1470,5175,4133,3265,2484
1996-12-11,1477,5204,4103,3225,2539
1996-12-12,1490,5230,4123,3262,2536
1996-12-13,1501,5212,4169,3317,2573
1996-12-14,1501,5267,4225,3312,2578
1996-12-15,1501,5313,4253,3305,2546
1996-12-16,1507,5245,4239,3275,2573
1996-12-17,1513,5400,4262,3332,2564
1996-12-18,1518,5287,4269,3368,2599
1996-12-19,1523,5332,4268,3335,2591
1996-12-20,1523,5297,4292,3390,2608
1996-12-21,1523,5342,4168,3324,2620
1996-12-22,1523,5243,4269,3351,2600
1996-12-23,1523,5303,4223,3397,2587
1996-12-24,1517,5255,4294,3317,2577
1996-12-25,1517,5316,4242,3369,2520
1996-12-26,1517,5359,4249,3397,2565
1996-12-27,1517,5342,4187,3343,2598
1996-12-28,1517,5191,4288,3322,2598
1996-12-29,1517,5412,4273,3314,2564
1996-12-30,1516,5321,4267,3374,2580
1996-12-31,1516,5267,4212,3374,2573
1997-01-01,1516,5314,4214,3379,2591
1997-01-02,1513,5304,4245,3328,2616
1997-01-03,1511,5255,4203,3355,2583
1997-01-04,1511,5298,4248,3323,2555
1997-01-05,1511,5258,4144,3298,2567
1997-01-06,1510,5265,4208,3356,2595
1997-01-07,1511,5254,4303,3373,2541
1997-01-08,1510,5213,4246,3291,2555
1997-01-09,1505,5275,4221,3280,2573
1997-01-10,1507,5304,4299,3317,2588
1997-01-11,1507,5300,4126,3344,2574
1997-01-12,1507,5315,4187,3281,2550
1997-01-13,1511,5305,4215,3331,2579
1997-01-14,1511,5262,4265,3306,2577
1997-01-15,1506,5313,4252,3334,2567
1997-01-16,1496,5168,4154,3267,2541
1997-01-17,1483,5145,4192,3286,2522
1997-01-18,1483,5142,4136,3258,2503
1997-01-19,1483,5245,4201,3234,2571
1997-01-20,1474,5206,4086,3245,2509
1997-01-21,1455,5117,4069,3143,2484
1997-01-22,1435,5076,3998,3140,2435
1997-01-23,1422,4933,4024,3139,2434
1997-01-24,1407,4942,3919,3042,2366
1997-01-25,1407,4918,3938,3018,2357
1997-01-26,1407,4967,3960,3025,2391
1997-01-27,1394,4873,3925,3107,2411
1997-01-28,1382,4818,3905,3038,2374
1997-01-29,1370,4822,3844,2998,2313
1997-01-30,1361,4807,3794,3023,2324
1997-01-31,1367,4751,3814,2995,2311
1997-02-01,1367,4781,3829,3015,2332
1997-02-02,1367,4732,3838,3008,2334
1997-02-03,1374,4684,3841,3009,2354
1997-02-04,1375,4823,3851,3034,2306
1997-02-05,1387,4885,3823,3075,2333
1997-02-06,1406,4934,3963,3088,2389
1997-02-07,1415,4855,3969,3099,2385
1997-02-08,1415,4935,4002,3103,2383
1997-02-09,1415,4842,3962,3044,2411
1997-02-10,1425,5056,3920,3143,2404
1997-02-11,1434,4965,4001,3119,2483
1997-02-12,1440,5103,4024,3187,2437
1997-02-13,1450,5122,4090,3187,2460
1997-02-14,1460,5065,4005,3215,2488
1997-02-15,1460,5053,4090,3233,2452
1997-02-16,1460,5128,4109,3184,2492
1997-02-17,1465,5085,4076,3234,2497
1997-02-18,1467,5140,4111,3235,2487
1997-02-19,1467,5110,4083,3222,2499
1997-02-20,1468,5049,4081,3202,2504
1997-02-21,1465,5016,4086,3241,2519
1997-02-22,1465,5139,4074,3244,2541
1997-02-23,1465,5099,4129,3226,2469
1997-02-24,1463,5093,4067,3186,2461
1997-02-25,1460,5145,4052,3196,2484
1997-02-26,1458,5162,4153,3206,2437
1997-02-27,1454,5075,4110,3219,2485
1997-02-28,1443,5033,3966,3127,2455
1997-03-01,1443,5076,4010,3158,2460
1997-03-02,1443,4983,4050,3163,2447
1997-03-03,1430,5016,4017,3144,2436
1997-03-04,1417,4987,3908,3078,2418
1997-03-05,1414,4983,4006,3104,2408
1997-03-06,1419,4870,4006,3112,2385
1997-03-07,1430,4967,4023,3115,2434
1997-03-08,1430,4961,4058,3142,2468
1997-03-09,1430,5010,4022,3130,2436
1997-03-10,1438,5057,4044,3178,2447
1997-03-11,1445,5132,4108,3152,2488
1997-03-12,1454,5064,4115,3201,2457
1997-03-13,1465,5103,4068,3199,2508
1997-03-14,1475,5220,4155,3227,2497
1997-03-15,1475,5177,4103,3254,2529
1997-03-16,1475,5226,4150,3252,2523
1997-03-17,1481,5198,4166,3246,2509
1997-03-18,1490,5157,4117,3270,2528
1997-03-19,1493,5159,4176,3241,2558
1997-03-20,1503,5183,4219,3349,2518
1997-03-21,1515,5336,4225,3354,2567
1997-03-22,1515,5362,4255,3353,2588
1997-03-23,1515,5395,4274,3285,2569
1997-03-24,1526,5383,4272,3339,2597
1997-03-25,1524,5392,4276,3343,2550
1997-03-26,1518,5284,4306,3282,2564
1997-03-27,1513,5238,4255,3355,2586
1997-03-28,1513,5338,4244,3372,2557
1997-03-29,1513,5316,4198,3390,2546
1997-03-30,1513,5301,4263,3297,2593
1997-03-31,1513,5315,4250,3332,2582
1997-04-01,1506,5287,4268,3353,2538
1997-04-02,1493,5290,4182,3277,2541
1997-04-03,1481,5248,4074,3241,2497
1997-04-04,1467,5162,4040,3171,2491
1997-04-05,1467,5177,4137,3261,2497
1997-04-06,1467,5160,4085,3227,2478
1997-04-07,1459,5083,4103,3188,2495
1997-04-08,1450,5113,4065,3199,2483
1997-04-09,1442,4977,4031,3177,2457
1997-04-10,1434,5072,4011,3160,2446
1997-04-11,1427,4935,3961,3133,2397
1997-04-12,1427,5009,3995,3188,2453
1997-04-13,1427,4952,3972,3135,2424
1997-04-14,1420,4998,3961,3173,2395
1997-04-15,1411,4937,3938,3121,2402
1997-04-16,1392,4792,3889,3073,2381
1997-04-17,1361,4785,3848,2991,2324
1997-04-18,1345,4679,3761,2988,2265
1997-04-19,1345,4752,3807,2962,2302
1997-04-20,1345,4708,3828,2931,2285
1997-04-21,1332,4682,3764,2901,2274
1997-04-22,1314,4551,3701,2903,2218
1997-04-23,1292,4493,3631,2815,2217
1997-04-24,1281,4461,3621,2816,2181
1997-04-25,1274,4502,3571,2835,2190
1997-04-26,1274,4543,3607,2812,2135
1997-04-27,1274,4419,3592,2781,2138
1997-04-28,1264,4478,3525,2823,2144
1997-04-29,1259,4298,3561,2786,2170
1997-04-30,1259,4347,3529,2800,2180
1997-05-01,1258,4355,3518,2700,2121
1997-05-02,1260,4342,3509,2782,2143
1997-05-03,1260,4331,3535,2797,2145
1997-05-04,1260,4431,3568,2823,2156
1997-05-05,1260,4399,3564,2728,2160
1997-05-06,1264,4443,3553,2817,2127
1997-05-07,1269,4476,3577,2841,2159
1997-05-08,1272,4465,3612,2738,2122
1997-05-09,1275,4495,3564,2819,2184
1997-05-10,1275,4459,3525,2824,2161
1997-05-11,1275,4403,3622,2795,2143
1997-05-12,1279,4529,3560,2799,2181
1997-05-13,1281,4454,3559,2838,2170
1997-05-14,1281,4437,3515,2800,2203
1997-05-15,1281,4475,3610,2812,2160
1997-05-16,1283,4445,3528,2847,2226
1997-05-17,1283,4470,3562,2875,2198
1997-05-18,1283,4508,3616,2839,2207
1997-05-19,1284,4511,3624,2829,2162
1997-05-20,1283,4446,3566,2807,2217
1997-05-21,1288,4484,3601,2803,2165
1997-05-22,1291,4572,3580,2873,2191
1997-05-23,1291,4543,3593,2836,2221
1997-05-24,1291,4622,3625,2875,2205
1997-05-25,1291,4578,3595,2830,2170
1997-05-26,1291,4576,3605,2821,2217
1997-05-27,1290,4446,3553,2851,2200
1997-05-28,1289,4550,3655,2834,2183
1997-05-29,1285,4495,3618,2791,2154
1997-05-30,1274,4431,3599,2857,2174
1997-05-31,1274,4467,3619,2784,2163
1997-06-01,1274,4506,3534,2831,2169
1997-06-02,1267,4460,3533,2813,2122
1997-06-03,1260,4366,3452,2734,2134
1997-06-04,1257,4437,3645,2735,2147
1997-06-05,1252,4350,3500,2745,2166
1997-06-06,1247,4375,3533,2717,2116
1997-06-07,1247,4349,3442,2795,2149
1997-06-08,1247,4354,3531,2737,2136
1997-06-09,1245,4396,3560,2766,2121
1997-06-10,1250,4323,3498,2765,2105
1997-06-11,1257,4497,3479,2773,2117
1997-06-12,1262,4326,3528,2778,2158
1997-06-13,1266,4401,3456,2822,2142
1997-06-14,1266,4450,3543,2760,2140
1997-06-15,1266,4460,3578,2837,2149
1997-06-16,1265,4422,3541,2744,2147
1997-06-17,1274,4456,3556,2826,2184
1997-06-18,1282,4508,3611,2778,2169
1997-06-19,1286,4489,3625,2820,2202
1997-06-20,1283,4560,3526,2825,2190
1997-06-21,1283,4532,3596,2808,2148
1997-06-22,1283,4534,3690,2817,2187
1997-06-23,1280,4432,3531,2774,2123
1997-06-24,1281,4480,3583,2789,2160
1997-06-25,1289,4496,3687,2851,2201
1997-06-26,1300,4500,3684,2861,2210
1997-06-27,1311,4607,3650,2863,2193
1997-06-28,1311,4562,3679,2924,2206
1997-06-29,1311,4621,3671,2848,2177
1997-06-30,1320,4566,3666,2893,2217
1997-07-01,1325,4723,3707,2900,2264
1997-07-02,1334,4624,3724,2953,2257
1997-07-03,1337,4690,3748,2943,2276
1997-07-04,1343,4740,3730,2951,2283
1997-07-05,1343,4672,3709,2899,2284
1997-07-06,1343,4743,3759,2981,2304
1997-07-07,1349,4660,3846,2961,2289
1997-07-08,1354,4812,3794,2982,2320
1997-07-09,1361,4764,3798,2972,2264
1997-07-10,1367,4755,3858,2980,2346
1997-07-11,1371,4784,3832,3061,2305
1997-07-12,1371,4839,3914,2963,2309
1997-07-13,1371,4769,3839,2985,2317
1997-07-14,1372,4765,3870,3063,2354
1997-07-15,1369,4780,3803,3031,2310
1997-07-16,1369,4733,3853,3002,2314
1997-07-17,1372,4893,3853,3056,2313
1997-07-18,1368,4760,3828,3023,2331
1997-07-19,1368,4830,3810,3017,2340
1997-07-20,1368,4798,3805,3016,2360
1997-07-21,1362,4718,3825,3010,2363
1997-07-22,1353,4735,3814,2992,2313
1997-07-23,1341,4733,3750,3016,2287
1997-07-24,1326,4632,3724,2911,2230
1997-07-25,1310,4645,3666,2877,2265
1997-07-26,1310,4636,3672,2845,2231
1997-07-27,1310,4631,3660,2880,2221
1997-07-28,1294,4506,3624,2903,2208
1997-07-29,1287,4451,3712,2861,2175
1997-07-30,1283,4460,3605,2806,2134
1997-07-31,1280,4490,3610,2817,2187
1997-08-01,1279,4504,3599,2775,2201
1997-08-02,1279,4368,3571,2785,2185
1997-08-03,1279,4476,3633,2818,2174
1997-08-04,1283,4498,3581,2808,2181
1997-08-05,1280,4466,3626,2785,2179
1997-08-06,1279,4541,3568,2828,2177
1997-08-07,1284,4515,3557,2822,2182
1997-08-08,1280,4546,3599,2769,2177
1997-08-09,1280,4469,3540,2754,2207
1997-08-10,1280,4527,3605,2799,2185
1997-08-11,1281,4565,3539,2771,2180
1997-08-12,1281,4549,3574,2762,2191
1997-08-13,1283,4436,3535,2856,2194
1997-08-14,1287,4492,3717,2828,2207
1997-08-15,1293,4508,3554,2837,2183
1997-08-16,1293,4550,3621,2839,2188
1997-08-17,1293,4560,3666,2810,2182
1997-08-18,1292,4480,3659,2855,2212
1997-08-19,1293,4529,3654,2841,2212
1997-08-20,1297,4439,3619,2831,2179
1997-08-21,1301,4626,3697,2844,2220
1997-08-22,1304,4538,3688,2832,2244
1997-08-23,1304,4567,3660,2857,2212
1997-08-24,1304,4549,3661,2862,2223
1997-08-25,1304,4621,3639,2856,2231
1997-08-26,1307,4433,3623,2877,2195
1997-08-27,1318,4612,3740,2897,2244
1997-08-28,1327,4639,3768,2926,2281
1997-08-29,1330,4632,3689,2954,2249
1997-08-30,1330,4741,3718,2944,2278
1997-08-31,1330,4611,3718,2955,2262
1997-09-01,1332,4701,3728,2905,2251
1997-09-02,1334,4687,3738,2920,2266
1997-09-03,1333,4729,3770,2952,2256
1997-09-04,1332,4629,3700,2951,2247
1997-09-05,1323,4594,3671,2890,2244
1997-09-06,1323,4685,3754,2929,2250
1997-09-07,1323,4652,3686,2882,2246
1997-09-08,1315,4525,3631,2907,2230
1997-09-09,1309,4555,3646,2879,2230
1997-09-10,1305,4587,3641,2829,2229
1997-09-11,1299,4588,3699,2845,2185
1997-09-12,1293,4492,3657,2910,2193
1997-09-13,1293,4380,3666,2851,2159
1997-09-14,1293,4552,3653,2914,2195
1997-09-15,1287,4443,3641,2788,2191
1997-09-16,1285,4397,3570,2850,2196
1997-09-17,1281,4342,3579,2742,2181
1997-09-18,1283,4531,3553,2823,2192
1997-09-19,1283,4497,3584,2842,2182
1997-09-20,1283,4479,3620,2848,2168
1997-09-21,1283,4560,3598,2799,2159
1997-09-22,1283,4522,3645,2854,2176
1997-09-23,1281,4564,3541,2802,2162
1997-09-24,1276,4396,3593,2802,2167
1997-09-25,1277,4468,3526,2796,2161
1997-09-26,1277,4389,3579,2775,2179
1997-09-27,1277,4458,3605,2856,2172
1997-09-28,1277,4457,3567,2811,2180
1997-09-29,1279,4508,3603,2846,2183
1997-09-30,1277,4472,3537,2841,2167
1997-10-01,1281,4515,3520,2789,2175
1997-10-02,1281,4519,3609,2855,2188
1997-10-03,1286,4609,3671,2844,2235
1997-10-04,1286,4485,3561,2798,2166
1997-10-05,1286,4454,3650,2843,2187
1997-10-06,1287,4517,3605,2801,2164
1997-10-07,1292,4482,3564,2891,2196
1997-10-08,1302,4631,3600,2889,2200
1997-10-09,1317,4595,3688,2895,2237
1997-10-10,1328,4620,3702,2960,2261
1997-10-11,1328,4624,3666,2874,2248
1997-10-12,1328,4684,3651,2899,2222
1997-10-13,1339,4679,3715,2938,2305
1997-10-14,1352,4700,3793,3041,2315
1997-10-15,1361,4847,3811,2962,2311
1997-10-16,1359,4714,3785,2939,2292
1997-10-17,1352,4734,3794,2931,2300
1997-10-18,1352,4765,3827,3002,2306
1997-10-19,1352,4650,3801,2957,2314
1997-10-20,1343,4725,3756,2950,2300
1997-10-21,1336,4623,3778,2962,2292
1997-10-22,1330,4696,3686,2921,2226
1997-10-23,1334,4621,3726,2941,2262
1997-10-24,1334,4704,3727,2951,2288
1997-10-25,1334,4724,3686,2922,2249
1997-10-26,1334,4712,3718,2930,2292
1997-10-27,1333,4678,3649,2940,2302
1997-10-28,1331,4647,3803,2954,2287
1997-10-29,1327,4616,3678,2896,2269
1997-10-30,1323,4704,3768,2820,2240
1997-10-31,1318,4578,3692,2920,2246
1997-11-01,1318,4561,3713,2927,2214
1997-11-02,1318,4646,3671,2906,2225
1997-11-03,1314,4559,3688,2899,2220
1997-11-04,1308,4530,3688,2861,2225
1997-11-05,1301,4481,3669,2877,2204
1997-11-06,1295,4508,3657,2875,2207
1997-11-07,1289,4507,3594,2837,2209
1997-11-08,1289,4524,3590,2911,2177
1997-11-09,1289,4559,3545,2789,2194
1997-11-10,1283,4517,3613,2827,2173
1997-11-11,1277,4460,3619,2774,2175
1997-11-12,1272,4442,3626,2825,2176
1997-11-13,1255,4418,3526,2714,2152
1997-11-14,1242,4411,3447,2692,2125
1997-11-15,1242,4353,3410,2713,2120
1997-11-16,1242,4324,3519,2740,2083
1997-11-17,1234,4269,3383,2697,2076
1997-11-18,1223,4208,3411,2673,2063
1997-11-19,1214,4282,3390,2665,2071
1997-11-20,1198,4222,3352,2628,2011
1997-11-21,1180,4159,3305,2641,2013
1997-11-22,1180,4124,3310,2617,2011
1997-11-23,1180,4200,3207,2586,1967
1997-11-24,1173,4081,3285,2644,1972
1997-11-25,1169,4139,3184,2587,2008
1997-11-26,1168,4086,3300,2541,2000
1997-11-27,1171,4068,3257,2584,1974
1997-11-28,1175,4142,3204,2601,1977
1997-11-29,1175,4133,3257,2564,1948
1997-11-30,1175,4130,3267,2553,2027
1997-12-01,1176,4120,3340,2590,2000
1997-12-02,1180,4128,3312,2585,2044
1997-12-03,1184,4263,3329,2649,2009
1997-12-04,1188,4217,3374,2636,2025
1997-12-05,1200,4236,3356,2621,2058
1997-12-06,1200,4206,3390,2653,2073
1997-12-07,1200,4250,3387,2678,2050
1997-12-08,1211,4264,3339,2622,2059
1997-12-09,1221,4275,3478,2656,2076
1997-12-10,1251,4363,3446,2752,2106
1997-12-11,1266,4427,3581,2786,2145
1997-12-12,1287,4346,3543,2830,2189
1997-12-13,1287,4515,3628,2822,2216
1997-12-14,1287,4480,3678,2822,2179
1997-12-15,1289,4591,3601,2847,2213
1997-12-16,1286,4502,3591,2863,2185
1997-12-17,1276,4407,3597,2793,2194
1997-12-18,1261,4411,3518,2847,2157
1997-12-19,1253,4333,3581,2815,2142
1997-12-20,1253,4409,3516,2796,2150
1997-12-21,1253,4400,3496,2775,2147
1997-12-22,1244,4402,3462,2797,2136
1997-12-23,1236,4286,3423,2710,2144
1997-12-24,1236,4328,3436,2694,2134
1997-12-25,1236,4258,3447,2703,2111
1997-12-26,1236,4361,3441,2689,2092
1997-12-27,1236,4352,3434,2723,2109
1997-12-28,1236,4351,3545,2728,2063
1997-12-29,1229,4302,3400,2710,2106
1997-12-30,1229,4322,3447,2703,2068
1997-12-31,1231,4389,3471,2712,2115
1998-01-01,1231,4294,3472,2760,2132
1998-01-02,1231,4315,3444,2727,2064
1998-01-03,1231,4254,3437,2736,2092
1998-01-04,1231,4265,3465,2714,2071
1998-01-05,1232,4317,3460,2662,2060
1998-01-06,1228,4353,3428,2647,2085
1998-01-07,1226,4278,3370,2760,2097
1998-01-08,1223,4269,3406,2675,2094
1998-01-09,1224,4264,3381,2674,2084
1998-01-10,1224,4257,3401,2700,2048
1998-01-11,1224,4299,3429,2709,2083
1998-01-12,1221,4199,3433,2707,2046
1998-01-13,1214,4313,3470,2724,2035
1998-01-14,1204,4181,3350,2694,2027
1998-01-15,1191,4205,3366,2596,2046
1998-01-16,1175,4049,3302,2614,2008
1998-01-17,1175,4146,3342,2573,2004
1998-01-18,1175,4146,3313,2581,1980
1998-01-19,1159,4076,3205,2517,1963
1998-01-20,1144,3954,3134,2466,1917
1998-01-21,1131,3971,3179,2487,1950
1998-01-22,1116,3847,3104,2427,1941
1998-01-23,1099,3834,3038,2446,1879
1998-01-24,1099,3898,3026,2409,1883
1998-01-25,1099,3886,3084,2427,1865
1998-01-26,1086,3802,3101,2430,1814
1998-01-27,1078,3724,3002,2327,1816
1998-01-28,1070,3777,3020,2332,1810
1998-01-29,1054,3690,2947,2324,1784
1998-01-30,1039,3520,2858,2295,1754
1998-01-31,1039,3676,2939,2319,1767
1998-02-01,1039,3635,2865,2312,1749
1998-02-02,1026,3651,2874,2260,1788
1998-02-03,1016,3501,2831,2244,1700
1998-02-04,988,3299,2802,2184,1697
1998-02-05,950,3339,2618,2046,1610
1998-02-06,938,3298,2642,2059,1604
1998-02-07,938,3198,2593,2071,1605
1998-02-08,938,3234,2606,2077,1598
1998-02-09,935,3410,2473,2029,1567
1998-02-10,935,3257,2702,2019,1583
1998-02-11,932,3299,2632,2043,1588
1998-02-12,933,3233,2582,2112,1588
1998-02-13,936,3171,2576,2035,1571
1998-02-14,936,3267,2601,2094,1617
1998-02-15,936,3263,2649,2107,1541
1998-02-16,943,3281,2565,2076,1598
1998-02-17,949,3316,2652,2067,1595
1998-02-18,967,3398,2778,2143,1648
1998-02-19,989,3454,2724,2182,1702
1998-02-20,1017,3496,2851,2212,1701
1998-02-21,1017,3584,2936,2218,1776
1998-02-22,1017,3462,2873,2251,1733
1998-02-23,1030,3502,2889,2294,1759
1998-02-24,1037,3666,2924,2272,1734
1998-02-25,1047,3690,2916,2301,1779
1998-02-26,1059,3704,3017,2350,1820
1998-02-27,1080,3710,3008,2371,1840
1998-02-28,1080,3745,2946,2367,1839
1998-03-01,1080,3767,3008,2353,1835
1998-03-02,1088,3728,3008,2370,1822
1998-03-03,1096,3799,3058,2491,1836
1998-03-04,1103,3893,3078,2421,1898
1998-03-05,1104,3935,3139,2470,1894
1998-03-06,1102,3836,3113,2475,1894
1998-03-07,1102,3895,3096,2419,1857
1998-03-08,1102,3761,3085,2435,1870
1998-03-09,1105,3900,3052,2434,1903
1998-03-10,1102,3817,2998,2376,1849
1998-03-11,1097,3855,3076,2367,1887
1998-03-12,1096,3824,3101,2413,1851
1998-03-13,1091,3885,3050,2387,1838
1998-03-14,1091,3775,3033,2457,1854
1998-03-15,1091,3850,3073,2393,1832
1998-03-16,1084,3780,3032,2443,1805
1998-03-17,1071,3741,3066,2342,1822
1998-03-18,1057,3690,3009,2383,1808
1998-03-19,1046,3619,2967,2316,1803
1998-03-20,1035,3622,2928,2294,1772
1998-03-21,1035,3619,2846,2262,1799
1998-03-22,1035,3635,2925,2294,1787
1998-03-23,1025,3592,2885,2306,1757
1998-03-24,1011,3578,2855,2220,1728
1998-03-25,997,3536,2811,2183,1720
1998-03-26,989,3409,2787,2168,1637
1998-03-27,982,3480,2858,2209,1660
1998-03-28,982,3378,2747,2186,1632
1998-03-29,982,3466,2787,2204,1683
1998-03-30,973,3436,2706,2150,1639
1998-03-31,966,3285,2736,2126,1703
1998-04-01,960,3365,2726,2125,1622
1998-04-02,956,3323,2691,2135,1627
1998-04-03,955,3305,2741,2094,1615
1998-04-04,955,3410,2639,2142,1614
1998-04-05,955,3310,2655,2112,1599
1998-04-06,952,3292,2674,2022,1593
1998-04-07,956,3350,2712,2130,1582
1998-04-08,961,3398,2698,2076,1645
1998-04-09,966,3374,2756,2151,1634
1998-04-10,966,3439,2678,2152,1681
1998-04-11,966,3408,2659,2135,1617
1998-04-12,966,3272,2717,2142,1672
1998-04-13,966,3355,2702,2158,1674
1998-04-14,970,3367,2738,2119,1675
1998-04-15,975,3436,2729,2169,1662
1998-04-16,983,3309,2739,2197,1664
1998-04-17,992,3599,2775,2235,1712
1998-04-18,992,3499,2779,2149,1671
1998-04-19,992,3479,2765,2195,1692
1998-04-20,996,3545,2781,2162,1692
1998-04-21,1004,3631,2795,2179,1689
1998-04-22,1005,3561,2848,2222,1714
1998-04-23,1006,3568,2825,2216,1725
1998-04-24,1011,3545,2921,2259,1700
1998-04-25,1011,3531,2837,2214,1728
1998-04-26,1011,3515,2809,2220,1674
1998-04-27,1011,3497,2938,2231,1698
1998-04-28,1008,3494,2839,2192,1704
1998-04-29,1007,3457,2859,2194,1719
1998-04-30,1004,3510,2835,2242,1724
1998-05-01,1001,3419,2828,2186,1703
1998-05-02,1001,3513,2824,2238,1713
1998-05-03,1001,3502,2759,2220,1698
1998-05-04,1001,3511,2818,2156,1710
1998-05-05,998,3467,2741,2212,1704
1998-05-06,1002,3661,2799,2220,1693
1998-05-07,1004,3582,2782,2221,1700
1998-05-08,1004,3452,2825,2205,1719
1998-05-09,1004,3526,2825,2181,1743
1998-05-10,1004,3484,2830,2249,1731
1998-05-11,1001,3453,2814,2199,1679
1998-05-12,993,3408,2756,2158,1666
1998-05-13,987,3476,2753,2185,1667
1998-05-14,986,3417,2798,2147,1678
1998-05-15,983,3489,2795,2134,1672
1998-05-16,983,3490,2707,2151,1696
1998-05-17,983,3509,2691,2143,1697
1998-05-18,985,3405,2729,2140,1675
1998-05-19,982,3461,2791,2185,1665
1998-05-20,977,3451,2784,2146,1671
1998-05-21,970,3371,2679,2172,1670
1998-05-22,966,3342,2717,2100,1653
1998-05-23,966,3461,2778,2073,1634
1998-05-24,966,3392,2721,2130,1630
1998-05-25,966,3413,2762,2181,1620
1998-05-26,960,3319,2728,2128,1636
1998-05-27,955,3282,2638,2197,1636
1998-05-28,948,3290,2647,2096,1626
1998-05-29,946,3305,2650,2088,1631
1998-05-30,946,3258,2653,2017,1638
1998-05-31,946,3311,2685,2094,1581
1998-06-01,941,3209,2651,2075,1608
1998-06-02,930,3199,2487,2034,1590
1998-06-03,918,3247,2518,2015,1559
1998-06-04,909,3212,2458,1998,1529
1998-06-05,900,3130,2527,1975,1559
1998-06-06,900,3099,2530,2043,1518
1998-06-07,900,3099,2531,1969,1486
1998-06-08,893,3107,2462,1970,1519
1998-06-09,890,3147,2519,1946,1508
1998-06-10,887,3151,2512,1975,1545
1998-06-11,887,3080,2433,1957,1518
1998-06-12,894,3071,2445,1958,1514
1998-06-13,894,3142,2503,1909,1516
1998-06-14,894,3088,2575,1974,1516
1998-06-15,904,3138,2599,1980,1581
1998-06-16,908,3244,2565,1996,1557
1998-06-17,911,3230,2522,1969,1521
1998-06-18,908,3186,2578,2041,1539
1998-06-19,904,3100,2513,2015,1536
1998-06-20,904,3175,2500,2032,1515
1998-06-21,904,3217,2445,2023,1501
1998-06-22,901,3135,2527,2000,1544
1998-06-23,896,3204,2484,1937,1507
1998-06-24,888,3173,2490,2009,1535
1998-06-25,876,3149,2361,1899,1489
1998-06-26,869,3057,2440,1904,1468
1998-06-27,869,3071,2336,1933,1429
1998-06-28,869,3112,2477,1934,1502
1998-06-29,864,3046,2440,1918,1475
1998-06-30,856,2971,2386,1871,1446
1998-07-01,849,2949,2400,1850,1425
1998-07-02,844,2966,2324,1933,1467
1998-07-03,838,2868,2349,1842,1403
1998-07-04,838,2926,2378,1839,1417
1998-07-05,838,2988,2223,1822,1436
1998-07-06,837,2820,2326,1849,1452
1998-07-07,837,3006,2343,1847,1419
1998-07-08,841,3000,2347,1850,1415
1998-07-09,840,2917,2410,1859,1426
1998-07-10,842,2974,2313,1905,1449
1998-07-11,842,2947,2333,1835,1454
1998-07-12,842,3008,2281,1854,1404
1998-07-13,844,3003,2424,1837,1437
1998-07-14,846,2891,2359,1870,1410
1998-07-15,845,2987,2348,1842,1454
1998-07-16,845,2947,2364,1843,1445
1998-07-17,847,2969,2397,1820,1421
1998-07-18,847,2928,2385,1866,1471
1998-07-19,847,3052,2478,1876,1447
1998-07-20,850,3027,2398,1926,1450
1998-07-21,847,2928,2353,1877,1436
1998-07-22,844,2887,2341,1843,1435
1998-07-23,841,2924,2339,1809,1422
1998-07-24,837,2951,2284,1805,1408
1998-07-25,837,2942,2345,1803,1447
1998-07-26,837,2992,2375,1898,1413
1998-07-27,833,2955,2308,1841,1406
1998-07-28,832,2960,2297,1813,1412
1998-07-29,829,2918,2382,1795,1438
1998-07-30,828,2829,2261,1796,1430
1998-07-31,825,2878,2227,1797,1395
1998-08-01,825,2941,2264,1854,1427
1998-08-02,825,2885,2248,1814,1405
1998-08-03,822,2902,2317,1765,1381
1998-08-04,815,2837,2268,1862,1376
1998-08-05,808,2777,2254,1743,1401
1998-08-06,798,2787,2281,1738,1398
1998-08-07,792,2787,2190,1782,1353
1998-08-08,792,2739,2249,1755,1335
1998-08-09,792,2760,2278,1728,1344
1998-08-10,788,2711,2188,1697,1324
1998-08-11,783,2796,2222,1694,1319
1998-08-12,780,2715,2174,1689,1312
1998-08-13,780,2803,2221,1716,1324
1998-08-14,783,2817,2130,1728,1334
1998-08-15,783,2736,2127,1718,1328
1998-08-16,783,2690,2177,1721,1327
1998-08-17,784,2640,2160,1693,1348
1998-08-18,785,2674,2177,1736,1330
1998-08-19,790,2696,2203,1776,1340
1998-08-20,799,2865,2266,1753,1355
1998-08-21,806,2827,2240,1768,1401
1998-08-22,806,2840,2224,1776,1360
1998-08-23,806,2710,2243,1807,1382
1998-08-24,810,2775,2237,1755,1362
1998-08-25,815,2897,2245,1837,1392
1998-08-26,816,2870,2220,1808,1398
1998-08-27,816,2849,2288,1796,1409
1998-08-28,817,2888,2265,1834,1381
1998-08-29,817,2941,2326,1762,1367
1998-08-30,817,2848,2230,1813,1373
1998-08-31,817,2863,2266,1810,1408
1998-09-01,817,2869,2360,1769,1431
1998-09-02,817,2979,2250,1811,1406
1998-09-03,824,2779,2298,1821,1376
1998-09-04,827,2929,2267,1814,1422
1998-09-05,827,2889,2262,1845,1387
1998-09-06,827,2923,2377,1802,1399
1998-09-07,830,2872,2331,1834,1415
1998-09-08,833,2913,2338,1829,1423
1998-09-09,839,2972,2281,1827,1428
1998-09-10,846,3117,2383,1876,1426
1998-09-11,855,3033,2440,1875,1475
1998-09-12,855,2950,2440,1837,1443
1998-09-13,855,2971,2421,1827,1479
1998-09-14,859,2984,2360,1913,1433
1998-09-15,867,2945,2440,1871,1478
1998-09-16,872,3035,2468,1927,1458
1998-09-17,876,3103,2381,1929,1473
1998-09-18,882,3023,2425,1929,1489
1998-09-19,882,3139,2505,1999,1530
1998-09-20,882,3111,2505,1946,1526
1998-09-21,891,3082,2433,1983,1532
1998-09-22,900,3143,2552,1989,1531
1998-09-23,906,3251,2541,1986,1544
1998-09-24,911,3225,2582,2004,1574
1998-09-25,917,3210,2542,2061,1573
1998-09-26,917,3198,2593,2050,1559
1998-09-27,917,3213,2601,2076,1589
1998-09-28,924,3208,2573,2039,1587
1998-09-29,935,3167,2619,2031,1594
1998-09-30,946,3413,2623,2068,1599
1998-10-01,959,3364,2751,2074,1619
1998-10-02,967,3404,2703,2150,1637
1998-10-03,967,3382,2671,2110,1653
1998-10-04,967,3348,2679,2036,1661
1998-10-05,975,3403,2735,2219,1629
1998-10-06,980,3350,2774,2139,1627
1998-10-07,985,3561,2705,2150,1655
1998-10-08,990,3403,2846,2228,1675
1998-10-09,1000,3448,2812,2164,1724
1998-10-10,1000,3478,2819,2234,1694
1998-10-11,1000,3564,2796,2182,1705
1998-10-12,1004,3515,2812,2169,1715
1998-10-13,1007,3463,2814,2267,1691
1998-10-14,1008,3591,2863,2245,1743
1998-10-15,1008,3565,2822,2245,1700
1998-10-16,1005,3544,2845,2222,1740
1998-10-17,1005,3553,2797,2229,1706
1998-10-18,1005,3637,2822,2174,1702
1998-10-19,1003,3620,2776,2210,1683
1998-10-20,999,3462,2846,2170,1702
1998-10-21,992,3553,2744,2141,1731
1998-10-22,987,3474,2751,2184,1686
1998-10-23,978,3448,2726,2186,1668
1998-10-24,978,3338,2724,2140,1649
1998-10-25,978,3414,2767,2145,1674
1998-10-26,970,3354,2703,2100,1652
1998-10-27,966,3422,2761,2125,1641
1998-10-28,959,3410,2652,2133,1640
1998-10-29,954,3235,2678,2123,1585
1998-10-30,955,3341,2643,2117,1621
1998-10-31,955,3399,2691,2082,1600
1998-11-01,955,3333,2673,2081,1624
1998-11-02,958,3389,2676,2131,1614
1998-11-03,958,3371,2730,2132,1615
1998-11-04,958,3370,2656,2102,1602
1998-11-05,957,3336,2703,2093,1649
1998-11-06,959,3296,2654,2145,1617
1998-11-07,959,3300,2690,2099,1618
1998-11-08,959,3392,2637,2132,1661
1998-11-09,959,3357,2659,2106,1642
1998-11-10,960,3353,2685,2081,1591
1998-11-11,962,3346,2766,2165,1663
1998-11-12,965,3362,2706,2127,1673
1998-11-13,965,3430,2768,2102,1672
1998-11-14,965,3361,2711,2081,1654
1998-11-15,965,3310,2687,2084,1618
1998-11-16,966,3418,2766,2114,1641
1998-11-17,966,3371,2722,2183,1613
1998-11-18,965,3379,2676,2105,1623
1998-11-19,964,3454,2718,2164,1617
1998-11-20,962,3366,2682,2112,1623
1998-11-21,962,3381,2614,2081,1639
1998-11-22,962,3308,2731,2102,1627
1998-11-23,960,3349,2732,2074,1622
1998-11-24,959,3387,2759,2084,1624
1998-11-25,955,3265,2691,2074,1653
1998-11-26,949,3332,2647,2031,1657
1998-11-27,945,3313,2679,2124,1597
1998-11-28,945,3310,2680,2085,1613
1998-11-29,945,3359,2712,2058,1590
1998-11-30,941,3310,2633,2077,1615
1998-12-01,935,3346,2611,2032,1580
1998-12-02,925,3188,2561,1955,1558
1998-12-03,917,3216,2589,2106,1599
1998-12-04,908,3182,2480,2003,1516
1998-12-05,908,3125,2573,1980,1495
1998-12-06,908,3226,2566,1940,1558
1998-12-07,898,3259,2538,1931,1519
1998-12-08,884,3093,2481,1994,1490
1998-12-09,877,3095,2517,1974,1546
1998-12-10,866,3035,2460,1928,1487
1998-12-11,856,2960,2373,1850,1454
1998-12-12,856,2905,2373,1928,1441
1998-12-13,856,2961,2362,1897,1464
1998-12-14,852,2912,2408,1894,1414
1998-12-15,842,3032,2318,1866,1421
1998-12-16,834,2913,2379,1790,1417
1998-12-17,825,2870,2363,1779,1407
1998-12-18,820,2914,2261,1789,1391
1998-12-19,820,2814,2289,1823,1380
1998-12-20,820,2832,2297,1763,1412
1998-12-21,813,2849,2312,1783,1349
1998-12-22,806,2872,2321,1768,1365
1998-12-23,801,2829,2175,1786,1351
1998-12-24,794,2791,2210,1767,1370
1998-12-25,794,2783,2213,1716,1341
1998-12-26,794,2799,2167,1790,1359
1998-12-27,794,2789,2204,1712,1356
1998-12-28,794,2728,2240,1780,1313
1998-12-29,794,2781,2212,1730,1348
1998-12-30,791,2715,2153,1745,1310
1998-12-31,794,2783,2338,1754,1357
1999-01-01,794,2755,2234,1753,1335
1999-01-02,794,2906,2228,1767,1374
1999-01-03,794,2777,2179,1759,1346
1999-01-04,784,2674,2206,1748,1317
1999-01-05,779,2720,2175,1728,1348
1999-01-06,791,2794,2139,1702,1327
1999-01-07,792,2856,2175,1750,1364
1999-01-08,791,2739,2247,1723,1354
1999-01-09,791,2689,2293,1707,1337
1999-01-10,791,2809,2229,1732,1318
1999-01-11,787,2685,2248,1737,1363
1999-01-12,786,2729,2195,1737,1346
1999-01-13,780,2717,2181,1748,1311
1999-01-14,778,2720,2222,1751,1327
1999-01-15,778,2757,2245,1722,1343
1999-01-16,778,2689,2230,1727,1325
1999-01-17,778,2709,2136,1714,1327
1999-01-18,776,2715,2170,1730,1340
1999-01-19,777,2727,2187,1724,1352
1999-01-20,791,2773,2204,1739,1342
1999-01-21,826,2913,2328,1882,1377
1999-01-22,843,2993,2393,1838,1407
1999-01-23,843,2970,2401,1898,1419
1999-01-24,843,2973,2428,1814,1414
1999-01-25,848,2889,2361,1890,1408
1999-01-26,847,2967,2317,1906,1477
1999-01-27,843,2974,2375,1797,1444
1999-01-28,835,2959,2413,1841,1409
1999-01-29,827,2860,2297,1841,1405
1999-01-30,827,2862,2343,1827,1370
1999-01-31,827,2866,2343,1831,1429
1999-02-01,816,2883,2292,1799,1348
1999-02-02,803,2862,2249,1734,1375
1999-02-03,794,2759,2186,1818,1313
1999-02-04,794,2824,2132,1732,1342
1999-02-05,800,2806,2196,1773,1385
1999-02-06,800,2794,2224,1741,1327
1999-02-07,800,2789,2284,1692,1357
1999-02-08,802,2844,2241,1737,1376
1999-02-09,805,2834,2233,1728,1378
1999-02-10,807,2938,2224,1808,1373
1999-02-11,807,2782,2286,1757,1382
1999-02-12,812,2868,2328,1771,1368
1999-02-13,812,2816,2316,1754,1419
1999-02-14,812,2799,2298,1789,1348
1999-02-15,818,2862,2231,1778,1414
1999-02-16,821,2880,2285,1836,1399
1999-02-17,825,3033,2388,1824,1415
1999-02-18,831,2899,2372,1811,1429
1999-02-19,843,2894,2299,1880,1444
1999-02-20,843,2964,2358,1855,1417
1999-02-21,843,2847,2375,1855,1427
1999-02-22,859,3002,2375,1846,1431
1999-02-23,876,3067,2360,1925,1483
1999-02-24,898,3183,2518,1985,1533
1999-02-25,935,3321,2586,2097,1602
1999-02-26,964,3349,2668,2098,1647
1999-02-27,964,3366,2685,2189,1604
1999-02-28,964,3336,2694,2138,1628
1999-03-01,978,3367,2738,2106,1649
1999-03-02,979,3442,2706,2128,1638
1999-03-03,975,3349,2721,2188,1641
1999-03-04,967,3364,2637,2165,1644
1999-03-05,956,3296,2689,2104,1653
1999-03-06,956,3373,2563,2108,1606
1999-03-07,956,3436,2665,2068,1603
1999-03-08,958,3288,2719,2147,1617
1999-03-09,964,3281,2657,2091,1646
1999-03-10,968,3382,2739,2155,1670
1999-03-11,978,3424,2785,2192,1661
1999-03-12,997,3500,2659,2195,1666
1999-03-13,997,3467,2786,2222,1670
1999-03-14,997,3479,2677,2249,1699
1999-03-15,1000,3518,2795,2208,1720
1999-03-16,1001,3556,2803,2197,1738
1999-03-17,995,3385,2687,2187,1668
1999-03-18,987,3436,2841,2149,1681
1999-03-19,982,3448,2761,2137,1649
1999-03-20,982,3391,2716,2174,1651
1999-03-21,982,3524,2808,2155,1650
1999-03-22,974,3377,2655,2153,1649
1999-03-23,969,3389,2664,2087,1630
1999-03-24,963,3398,2604,2116,1687
1999-03-25,957,3320,2752,2136,1618
1999-03-26,948,3226,2668,2052,1631
1999-03-27,948,3297,2681,2086,1598
1999-03-28,948,3369,2666,2030,1656
1999-03-29,936,3259,2644,2020,1598
1999-03-30,918,3171,2574,2044,1577
1999-03-31,902,3203,2536,1975,1522
1999-04-01,891,3102,2499,2015,1534
1999-04-02,891,3093,2470,1973,1521
1999-04-03,891,3126,2493,1976,1507
1999-04-04,891,3157,2506,1928,1493
1999-04-05,891,3238,2499,1949,1510
1999-04-06,883,3132,2413,1921,1495
1999-04-07,873,3113,2391,1889,1501
1999-04-08,862,2992,2457,1916,1461
1999-04-09,860,2959,2396,1918,1424
1999-04-10,860,3013,2431,1904,1475
1999-04-11,860,3015,2364,1867,1488
1999-04-12,858,2949,2343,1898,1425
1999-04-13,856,2987,2363,1826,1491
1999-04-14,864,3044,2410,1940,1497
1999-04-15,873,3074,2418,1882,1471
1999-04-16,887,3130,2535,1918,1486
1999-04-17,887,3119,2491,1955,1529
1999-04-18,887,3079,2558,1958,1481
1999-04-19,897,3114,2528,1971,1512
1999-04-20,906,3111,2440,1960,1514
1999-04-21,921,3313,2621,2060,1566
1999-04-22,941,3294,2574,2020,1629
1999-04-23,959,3345,2694,2065,1638
1999-04-24,959,3310,2654,2107,1651
1999-04-25,959,3503,2771,2072,1623
1999-04-26,972,3348,2779,2175,1654
1999-04-27,995,3461,2756,2154,1667
1999-04-28,1029,3622,2876,2311,1747
1999-04-29,1057,3730,2969,2356,1782
1999-04-30,1091,3866,3089,2437,1851
1999-05-01,1091,3909,3056,2457,1850
1999-05-02,1091,3844,3014,2403,1848
1999-05-03,1091,3766,3026,2370,1897
1999-05-04,1095,3820,3066,2406,1897
1999-05-05,1094,3844,3113,2390,1888
1999-05-06,1104,3967,3108,2408,1913
1999-05-07,1120,3850,3105,2469,1932
1999-05-08,1120,3980,3162,2455,1904
1999-05-09,1120,3929,3121,2441,1902
1999-05-10,1125,3979,3186,2468,1917
1999-05-11,1121,3918,3240,2483,1901
1999-05-12,1112,3850,3099,2475,1870
1999-05-13,1097,3877,3104,2365,1871
1999-05-14,1083,3823,3003,2374,1810
1999-05-15,1083,3839,3028,2378,1844
1999-05-16,1083,3790,3034,2347,1821
1999-05-17,1072,3722,2994,2355,1821
1999-05-18,1061,3636,3069,2339,1808
1999-05-19,1043,3691,2908,2310,1766
1999-05-20,1027,3616,2899,2262,1713
1999-05-21,1027,3546,2798,2233,1722
1999-05-22,1027,3568,2893,2320,1755
1999-05-23,1027,3571,2921,2284,1735
1999-05-24,1022,3503,2840,2265,1749
1999-05-25,1017,3519,2747,2268,1729
1999-05-26,1007,3468,2818,2223,1708
1999-05-27,988,3437,2767,2212,1687
1999-05-28,982,3400,2779,2162,1656
1999-05-29,982,3356,2830,2160,1677
1999-05-30,982,3538,2734,2179,1661
1999-05-31,982,3500,2715,2208,1720
1999-06-01,975,3374,2683,2190,1635
1999-06-02,972,3416,2730,2156,1645
1999-06-03,978,3444,2758,2167,1656
1999-06-04,998,3553,2773,2216,1670
1999-06-05,998,3452,2826,2225,1711
1999-06-06,998,3548,2813,2235,1688
1999-06-07,1009,3504,2827,2213,1668
1999-06-08,1014,3482,2803,2270,1738
1999-06-09,1024,3620,2848,2263,1728
1999-06-10,1027,3659,2778,2279,1744
1999-06-11,1027,3724,2885,2301,1759
1999-06-12,1027,3535,2877,2282,1739
1999-06-13,1027,3629,2883,2287,1738
1999-06-14,1023,3560,2885,2239,1788
1999-06-15,1014,3588,2855,2276,1681
1999-06-16,999,3423,2793,2219,1673
1999-06-17,975,3349,2732,2149,1636
1999-06-18,961,3325,2635,2147,1669
1999-06-19,961,3367,2667,2192,1621
1999-06-20,961,3331,2693,2079,1639
1999-06-21,956,3379,2647,2079,1616
1999-06-22,955,3394,2708,2182,1636
1999-06-23,967,3414,2681,2140,1644
1999-06-24,977,3500,2744,2155,1666
1999-06-25,984,3465,2760,2161,1699
1999-06-26,984,3383,2785,2201,1682
1999-06-27,984,3512,2791,2243,1658
1999-06-28,982,3407,2777,2140,1676
1999-06-29,976,3462,2649,2144,1708
1999-06-30,970,3474,2764,2123,1660
1999-07-01,960,3383,2749,2134,1635
1999-07-02,955,3268,2655,2138,1596
1999-07-03,955,3297,2683,2150,1638
1999-07-04,955,3409,2638,2124,1641
1999-07-05,949,3313,2579,2163,1620
1999-07-06,947,3318,2622,2066,1612
1999-07-07,957,3387,2658,2080,1684
1999-07-08,976,3451,2719,2191,1676
1999-07-09,986,3465,2722,2173,1701
1999-07-10,986,3441,2731,2128,1678
1999-07-11,986,3435,2760,2160,1674
1999-07-12,986,3494,2730,2177,1689
1999-07-13,984,3472,2777,2145,1670
1999-07-14,985,3435,2785,2137,1673
1999-07-15,988,3512,2862,2167,1689
1999-07-16,987,3448,2809,2139,1668
1999-07-17,987,3412,2773,2190,1682
1999-07-18,987,3417,2739,2113,1680
1999-07-19,988,3409,2778,2176,1699
1999-07-20,983,3427,2765,2178,1659
1999-07-21,978,3485,2718,2149,1623
1999-07-22,973,3365,2756,2173,1648
1999-07-23,973,3415,2668,2099,1662
1999-07-24,973,3373,2715,2120,1673
1999-07-25,973,3392,2747,2131,1640
1999-07-26,974,3333,2716,2164,1667
1999-07-27,979,3415,2733,2160,1687
1999-07-28,987,3445,2758,2236,1693
1999-07-29,996,3513,2755,2167,1677
1999-07-30,1003,3522,2855,2165,1691
1999-07-31,1003,3451,2768,2260,1714
1999-08-01,1003,3565,2821,2164,1738
1999-08-02,1013,3556,2853,2249,1722
1999-08-03,1019,3576,2815,2212,1729
1999-08-04,1021,3573,2862,2184,1708
1999-08-05,1025,3562,2834,2244,1735
1999-08-06,1033,3626,2948,2300,1742
1999-08-07,1033,3639,2847,2236,1757
1999-08-08,1033,3528,2866,2290,1726
1999-08-09,1041,3617,2866,2313,1763
1999-08-10,1045,3645,2872,2261,1756
1999-08-11,1049,3684,3001,2301,1802
1999-08-12,1056,3756,2979,2371,1778
1999-08-13,1058,3664,2968,2347,1787
1999-08-14,1058,3678,2936,2320,1804
1999-08-15,1058,3677,2999,2340,1790
1999-08-16,1061,3673,2938,2314,1851
1999-08-17,1064,3707,3011,2374,1827
1999-08-18,1066,3770,2950,2379,1813
1999-08-19,1066,3678,2959,2349,1820
1999-08-20,1065,3749,3012,2350,1763
1999-08-21,1065,3642,3017,2313,1835
1999-08-22,1065,3699,3006,2302,1821
1999-08-23,1061,3697,2929,2323,1802
1999-08-24,1053,3769,2931,2314,1801
1999-08-25,1044,3640,2929,2329,1789
1999-08-26,1041,3533,2881,2318,1761
1999-08-27,1041,3544,2970,2296,1777
1999-08-28,1041,3645,2819,2326,1791
1999-08-29,1041,3674,2884,2262,1779
1999-08-30,1041,3662,2894,2323,1765
1999-08-31,1038,3641,2793,2260,1771
1999-09-01,1039,3695,2853,2323,1794
1999-09-02,1038,3606,2931,2283,1780
1999-09-03,1039,3681,2910,2226,1743
1999-09-04,1039,3555,2972,2308,1778
1999-09-05,1039,3591,2971,2310,1775
1999-09-06,1043,3560,2938,2281,1796
1999-09-07,1051,3665,2955,2301,1787
1999-09-08,1066,3729,2987,2340,1805
1999-09-09,1086,3807,2935,2331,1819
1999-09-10,1107,3878,3044,2364,1868
1999-09-11,1107,3828,3104,2474,1906
1999-09-12,1107,3865,3124,2411,1886
1999-09-13,1124,3859,3159,2528,1909
1999-09-14,1143,4069,3165,2556,1969
1999-09-15,1161,4048,3288,2601,1995
1999-09-16,1182,4113,3369,2581,1995
1999-09-17,1190,4244,3370,2570,2047
1999-09-18,1190,4103,3372,2585,1990
1999-09-19,1190,4109,3310,2605,2032
1999-09-20,1197,4135,3395,2562,2042
1999-09-21,1205,4214,3380,2637,2071
1999-09-22,1211,4260,3411,2658,2066
1999-09-23,1213,4282,3411,2630,2057
1999-09-24,1213,4374,3392,2637,2059
1999-09-25,1213,4133,3362,2662,2116
1999-09-26,1213,4276,3393,2679,2064
1999-09-27,1216,4228,3444,2648,2079
1999-09-28,1217,4230,3390,2686,2028
1999-09-29,1223,4250,3460,2695,2063
1999-09-30,1243,4305,3510,2736,2123
1999-10-01,1257,4484,3508,2746,2105
1999-10-02,1257,4442,3575,2725,2148
1999-10-03,1257,4401,3505,2816,2122
1999-10-04,1263,4488,3597,2798,2126
1999-10-05,1267,4359,3565,2818,2139
1999-10-06,1271,4382,3558,2794,2191
1999-10-07,1280,4371,3548,2811,2183
1999-10-08,1294,4494,3620,2862,2182
1999-10-09,1294,4537,3615,2792,2215
1999-10-10,1294,4534,3573,2813,2216
1999-10-11,1301,4561,3634,2838,2204
1999-10-12,1308,4507,3630,2864,2243
1999-10-13,1324,4674,3731,2886,2271
1999-10-14,1342,4709,3810,2962,2298
1999-10-15,1362,4804,3765,2999,2302
1999-10-16,1362,4672,3882,3038,2292
1999-10-17,1362,4783,3808,3071,2282
1999-10-18,1374,4750,3808,2985,2323
1999-10-19,1385,4828,3908,3051,2347
1999-10-20,1397,4916,3894,3078,2369
1999-10-21,1406,4926,3934,3093,2389
1999-10-22,1404,4871,3915,3056,2421
1999-10-23,1404,4914,3899,3061,2380
1999-10-24,1404,4837,3960,3096,2386
1999-10-25,1399,4954,3906,3049,2342
1999-10-26,1390,4855,3835,3063,2408
1999-10-27,1380,4886,3886,3029,2320
1999-10-28,1368,4762,3782,3014,2311
1999-10-29,1351,4702,3737,2944,2311
1999-10-30,1351,4690,3831,2977,2302
1999-10-31,1351,4772,3735,2946,2330
1999-11-01,1334,4634,3643,2940,2282
1999-11-02,1320,4652,3721,2944,2242
1999-11-03,1313,4576,3664,2896,2253
1999-11-04,1301,4455,3634,2872,2235
1999-11-05,1296,4507,3616,2876,2190
1999-11-06,1296,4477,3638,2809,2222
1999-11-07,1296,4538,3599,2903,2199
1999-11-08,1296,4476,3688,2820,2201
1999-11-09,1301,4600,3584,2889,2215
1999-11-10,1311,4584,3689,2907,2221
1999-11-11,1325,4629,3736,2888,2244
1999-11-12,1335,4705,3708,2967,2289
1999-11-13,1335,4721,3697,2952,2239
1999-11-14,1335,4671,3779,2994,2248
1999-11-15,1342,4658,3718,2958,2295
1999-11-16,1346,4622,3745,2958,2287
1999-11-17,1349,4687,3813,2952,2313
1999-11-18,1350,4694,3781,2918,2302
1999-11-19,1354,4744,3719,2969,2275
1999-11-20,1354,4722,3861,2971,2303
1999-11-21,1354,4773,3770,2987,2312
1999-11-22,1356,4715,3781,2941,2310
1999-11-23,1355,4740,3804,2974,2294
1999-11-24,1354,4798,3816,2996,2296
1999-11-25,1356,4763,3875,3003,2294
1999-11-26,1355,4739,3728,2925,2277
1999-11-27,1355,4712,3827,3002,2274
1999-11-28,1355,4711,3824,2974,2311
1999-11-29,1355,4700,3789,2975,2286
1999-11-30,1351,4701,3814,2901,2308
1999-12-01,1344,4742,3801,3002,2273
1999-12-02,1342,4686,3702,2958,2255
1999-12-03,1341,4626,3825,2904,2272
1999-12-04,1341,4782,3692,2961,2322
1999-12-05,1341,4709,3709,2961,2278
1999-12-06,1341,4623,3744,2987,2293
1999-12-07,1344,4682,3840,2948,2288
1999-12-08,1349,4727,3765,2968,2265
1999-12-09,1356,4831,3796,2964,2334
1999-12-10,1360,4705,3865,3010,2307
1999-12-11,1360,4809,3796,2968,2286
1999-12-12,1360,4830,3761,2965,2302
1999-12-13,1360,4729,3791,2990,2308
1999-12-14,1358,4739,3857,2951,2324
1999-12-15,1353,4684,3791,3025,2286
1999-12-16,1349,4711,3854,3026,2346
1999-12-17,1343,4699,3790,2941,2264
1999-12-18,1343,4733,3735,2913,2295
1999-12-19,1343,4755,3762,2965,2244
1999-12-20,1334,4632,3701,2920,2265
1999-12-21,1329,4553,3694,2959,2267
1999-12-22,1324,4633,3886,2889,2228
1999-12-23,1320,4635,3737,2920,2274
1999-12-24,1319,4629,3728,2905,2251
1999-12-25,1319,4600,3668,2882,2236
1999-12-26,1319,4623,3756,2909,2251
1999-12-27,1319,4692,3737,2928,2230
1999-12-28,1319,4636,3768,2904,2267
1999-12-29,1319,4598,3767,2905,2263
1999-12-30,1319,4591,3634,2876,2250
1999-12-31,1319,4608,3649,2936,2255
2000-01-01,1319,4698,3653,2933,2213
2000-01-02,1319,4607,3655,2889,2272
2000-01-03,1319,4616,3706,2898,2240
2000-01-04,1320,4596,3673,2946,2265
2000-01-05,1329,4706,3804,2890,2274
2000-01-06,1351,4826,3859,2990,2317
2000-01-07,1368,4811,3830,2993,2305
2000-01-08,1368,4792,3909,3063,2307
2000-01-09,1368,4790,3890,3012,2371
2000-01-10,1376,4697,3835,3065,2309
2000-01-11,1388,4895,3806,3031,2338
2000-01-12,1396,4893,3900,3034,2374
2000-01-13,1403,4932,3903,3080,2386
2000-01-14,1404,4878,3939,3097,2376
2000-01-15,1404,4895,3935,3073,2399
2000-01-16,1404,4893,3934,3112,2405
2000-01-17,1406,4972,3958,3087,2390
2000-01-18,1405,4899,3885,3029,2383
2000-01-19,1400,5004,3936,3097,2380
2000-01-20,1393,4897,3883,3038,2358
2000-01-21,1384,4780,3883,3034,2319
2000-01-22,1384,4838,3913,3091,2359
2000-01-23,1384,4811,3826,3098,2368
2000-01-24,1378,4713,3847,3014,2340
2000-01-25,1368,4868,3826,3027,2280
2000-01-26,1354,4774,3771,2962,2290
2000-01-27,1340,4717,3788,2939,2296
2000-01-28,1329,4660,3692,2906,2231
2000-01-29,1329,4582,3699,2872,2273
2000-01-30,1329,4627,3693,2927,2250
2000-01-31,1319,4659,3737,2910,2242
2000-02-01,1311,4536,3651,2864,2215
2000-02-02,1296,4409,3647,2884,2180
2000-02-03,1286,4490,3680,2816,2215
2000-02-04,1280,4473,3581,2797,2192
2000-02-05,1280,4487,3628,2832,2189
2000-02-06,1280,4516,3651,2770,2194
2000-02-07,1276,4498,3614,2834,2179
2000-02-08,1277,4482,3575,2797,2190
2000-02-09,1293,4585,3646,2874,2185
2000-02-10,1317,4534,3636,2936,2266
2000-02-11,1345,4733,3735,2978,2312
2000-02-12,1345,4739,3742,2935,2294
2000-02-13,1345,4646,3856,2921,2281
2000-02-14,1365,4702,3789,2960,2296
2000-02-15,1393,4838,3867,3098,2373
2000-02-16,1419,4933,3931,3118,2446
2000-02-17,1438,5071,4049,3146,2421
2000-02-18,1454,5058,4077,3195,2492
2000-02-19,1454,5046,4115,3231,2462
2000-02-20,1454,5058,4098,3222,2464
2000-02-21,1466,5187,4050,3238,2469
2000-02-22,1481,5184,4115,3277,2503
2000-02-23,1491,5210,4229,3286,2548
2000-02-24,1501,5248,4195,3311,2567
2000-02-25,1511,5353,4278,3331,2573
2000-02-26,1511,5251,4225,3324,2559
2000-02-27,1511,5354,4192,3347,2547
2000-02-28,1521,5334,4247,3357,2587
2000-02-29,1531,5350,4248,3342,2595
2000-03-01,1547,5540,4309,3419,2634
2000-03-02,1561,5411,4379,3442,2647
2000-03-03,1578,5505,4439,3490,2677
2000-03-04,1578,5461,4355,3468,2686
2000-03-05,1578,5571,4418,3496,2690
2000-03-06,1588,5642,4423,3492,2724
2000-03-07,1602,5690,4460,3546,2717
2000-03-08,1618,5724,4536,3546,2762
2000-03-09,1634,5709,4553,3583,2814
2000-03-10,1645,5739,4661,3637,2808
2000-03-11,1645,5674,4654,3609,2820
2000-03-12,1645,5859,4653,3685,2784
2000-03-13,1649,5795,4597,3645,2789
2000-03-14,1645,5733,4568,3620,2793
2000-03-15,1640,5806,4595,3633,2787
2000-03-16,1633,5667,4566,3578,2798
2000-03-17,1633,5736,4548,3620,2762
2000-03-18,1633,5707,4525,3619,2774
2000-03-19,1633,5747,4571,3630,2798
2000-03-20,1628,5695,4542,3568,2772
2000-03-21,1624,5611,4575,3536,2761
2000-03-22,1620,5674,4563,3546,2759
2000-03-23,1617,5712,4572,3549,2726
2000-03-24,1618,5662,4480,3610,2728
2000-03-25,1618,5702,4546,3625,2719
2000-03-26,1618,5611,4501,3570,2755
2000-03-27,1623,5679,4496,3571,2777
2000-03-28,1627,5663,4538,3569,2781
2000-03-29,1638,5770,4629,3628,2807
2000-03-30,1651,5780,4608,3698,2836
2000-03-31,1660,5845,4711,3706,2825
2000-04-01,1660,5864,4670,3686,2821
2000-04-02,1660,5845,4632,3686,2852
2000-04-03,1669,5855,4720,3697,2823
2000-04-04,1676,5816,4711,3686,2826
2000-04-05,1679,5876,4664,3672,2848
2000-04-06,1682,5860,4784,3700,2850
2000-04-07,1684,5877,4726,3717,2864
2000-04-08,1684,5875,4716,3661,2846
2000-04-09,1684,5845,4681,3700,2870
2000-04-10,1686,5803,4768,3684,2855
2000-04-11,1684,5861,4736,3735,2887
2000-04-12,1681,5893,4732,3682,2834
2000-04-13,1679,5809,4681,3704,2852
2000-04-14,1679,5877,4735,3673,2848
2000-04-15,1679,5972,4738,3742,2859
2000-04-16,1679,5928,4674,3643,2873
2000-04-17,1674,5941,4631,3697,2851
2000-04-18,1670,5865,4699,3636,2836
2000-04-19,1661,5872,4588,3639,2838
2000-04-20,1656,5760,4643,3649,2832
2000-04-21,1656,5764,4619,3651,2821
2000-04-22,1656,5659,4686,3650,2823
2000-04-23,1656,5855,4621,3648,2828
2000-04-24,1656,5873,4681,3624,2782
2000-04-25,1647,5737,4591,3618,2793
2000-04-26,1641,5731,4635,3611,2797
2000-04-27,1635,5685,4660,3603,2774
2000-04-28,1628,5717,4516,3580,2762
2000-04-29,1628,5754,4570,3603,2775
2000-04-30,1628,5611,4668,3584,2776
2000-05-01,1628,5718,4561,3588,2777
2000-05-02,1622,5663,4544,3557,2742
2000-05-03,1615,5658,4554,3521,2717
2000-05-04,1609,5654,4507,3544,2751
2000-05-05,1609,5622,4437,3576,2720
2000-05-06,1609,5626,4550,3553,2719
2000-05-07,1609,5621,4425,3515,2717
2000-05-08,1607,5673,4483,3560,2755
2000-05-09,1609,5652,4553,3530,2740
2000-05-10,1611,5650,4497,3566,2746
2000-05-11,1614,5585,4491,3540,2758
2000-05-12,1616,5637,4560,3566,2746
2000-05-13,1616,5701,4491,3540,2767
2000-05-14,1616,5658,4476,3540,2723
2000-05-15,1616,5689,4536,3508,2725
2000-05-16,1612,5730,4506,3562,2718
2000-05-17,1610,5687,4458,3553,2745
2000-05-18,1609,5636,4531,3553,2745
2000-05-19,1607,5599,4518,3544,2722
2000-05-20,1607,5497,4485,3513,2727
2000-05-21,1607,5616,4488,3564,2757
2000-05-22,1606,5605,4516,3563,2716
2000-05-23,1598,5613,4522,3492,2723
2000-05-24,1589,5554,4438,3512,2688
2000-05-25,1582,5521,4456,3507,2711
2000-05-26,1576,5427,4435,3453,2692
2000-05-27,1576,5469,4448,3458,2651
2000-05-28,1576,5540,4414,3483,2674
2000-05-29,1576,5602,4376,3422,2638
2000-05-30,1569,5487,4375,3419,2685
2000-05-31,1566,5497,4399,3416,2703
2000-06-01,1562,5515,4446,3383,2612
2000-06-02,1562,5426,4354,3469,2627
2000-06-03,1562,5485,4406,3377,2659
2000-06-04,1562,5430,4360,3447,2655
2000-06-05,1561,5507,4375,3459,2645
2000-06-06,1559,5464,4426,3421,2616
2000-06-07,1559,5471,4396,3410,2657
2000-06-08,1562,5428,4324,3443,2673
2000-06-09,1564,5509,4356,3441,2716
2000-06-10,1564,5578,4429,3471,2685
2000-06-11,1564,5424,4385,3362,2633
2000-06-12,1566,5464,4339,3418,2662
2000-06-13,1569,5503,4360,3469,2679
2000-06-14,1570,5534,4424,3456,2655
2000-06-15,1577,5492,4455,3492,2697
2000-06-16,1586,5409,4442,3497,2710
2000-06-17,1586,5619,4540,3485,2721
2000-06-18,1586,5589,4474,3480,2712
2000-06-19,1592,5485,4448,3572,2712
2000-06-20,1599,5566,4445,3564,2706
2000-06-21,1612,5720,4475,3561,2715
2000-06-22,1620,5742,4549,3566,2758
2000-06-23,1624,5731,4528,3589,2753
2000-06-24,1624,5675,4614,3598,2755
2000-06-25,1624,5688,4606,3585,2783
2000-06-26,1626,5684,4578,3555,2792
2000-06-27,1625,5744,4503,3629,2738
2000-06-28,1621,5630,4512,3574,2751
2000-06-29,1618,5623,4581,3620,2742
2000-06-30,1616,5707,4502,3561,2753
2000-07-01,1616,5654,4570,3548,2702
2000-07-02,1616,5725,4544,3597,2718
2000-07-03,1613,5612,4518,3558,2740
2000-07-04,1610,5632,4480,3546,2753
2000-07-05,1607,5578,4496,3499,2733
2000-07-06,1603,5611,4496,3546,2739
2000-07-07,1601,5530,4524,3507,2726
2000-07-08,1601,5579,4447,3509,2747
2000-07-09,1601,5532,4472,3507,2751
2000-07-10,1600,5635,4482,3533,2705
2000-07-11,1600,5636,4507,3474,2738
2000-07-12,1604,5527,4455,3522,2737
2000-07-13,1609,5698,4453,3569,2785
2000-07-14,1616,5781,4552,3518,2731
2000-07-15,1616,5658,4464,3560,2745
2000-07-16,1616,5624,4576,3536,2727
2000-07-17,1621,5815,4533,3554,2736
2000-07-18,1626,5625,4491,3627,2772
2000-07-19,1626,5692,4534,3528,2768
2000-07-20,1629,5710,4576,3607,2780
2000-07-21,1628,5765,4537,3567,2778
2000-07-22,1628,5716,4559,3566,2763
2000-07-23,1628,5673,4588,3548,2763
2000-07-24,1629,5654,4553,3606,2750
2000-07-25,1629,5684,4524,3578,2755
2000-07-26,1629,5651,4549,3574,2768
2000-07-27,1628,5700,4615,3585,2772
2000-07-28,1634,5691,4643,3590,2792
2000-07-29,1634,5644,4494,3535,2790
2000-07-30,1634,5782,4619,3580,2809
2000-07-31,1642,5722,4608,3639,2772
2000-08-01,1645,5694,4643,3574,2792
2000-08-02,1646,5753,4587,3589,2780
2000-08-03,1648,5771,4544,3613,2827
2000-08-04,1648,5681,4638,3604,2792
2000-08-05,1648,5785,4577,3625,2825
2000-08-06,1648,5716,4559,3593,2831
2000-08-07,1651,5864,4570,3621,2815
2000-08-08,1647,5791,4636,3622,2806
2000-08-09,1642,5727,4603,3632,2792
2000-08-10,1641,5706,4626,3648,2783
2000-08-11,1640,5735,4619,3600,2779
2000-08-12,1640,5771,4575,3665,2785
2000-08-13,1640,5739,4589,3602,2824
2000-08-14,1637,5719,4563,3626,2762
2000-08-15,1634,5722,4567,3653,2782
2000-08-16,1632,5682,4531,3595,2789
2000-08-17,1631,5691,4582,3547,2767
2000-08-18,1629,5597,4604,3587,2778
2000-08-19,1629,5750,4529,3565,2739
2000-08-20,1629,5716,4612,3576,2796
2000-08-21,1628,5659,4563,3641,2790
2000-08-22,1627,5789,4565,3543,2764
2000-08-23,1629,5706,4493,3593,2752
2000-08-24,1633,5664,4500,3566,2792
2000-08-25,1638,5776,4592,3594,2762
2000-08-26,1638,5753,4618,3626,2765
2000-08-27,1638,5753,4560,3613,2784
2000-08-28,1638,5712,4653,3597,2815
2000-08-29,1641,5766,4624,3591,2803
2000-08-30,1645,5744,4570,3628,2784
2000-08-31,1652,5810,4627,3686,2775
2000-09-01,1661,5718,4750,3627,2825
2000-09-02,1661,5792,4601,3712,2829
2000-09-03,1661,5900,4672,3690,2822
2000-09-04,1666,5793,4652,3706,2868
2000-09-05,1671,5818,4707,3685,2838
2000-09-06,1676,5844,4743,3722,2804
2000-09-07,1689,5851,4714,3686,2863
2000-09-08,1696,5826,4794,3711,2892
2000-09-09,1696,5924,4838,3754,2891
2000-09-10,1696,5943,4751,3740,2880
2000-09-11,1701,5951,4794,3738,2885
2000-09-12,1705,5960,4750,3676,2859
2000-09-13,1708,5980,4783,3745,2905
2000-09-14,1711,6040,4784,3729,2902
2000-09-15,1714,5989,4831,3786,2919
2000-09-16,1714,5970,4847,3765,2924
2000-09-17,1714,5985,4795,3752,2939
2000-09-18,1719,6045,4875,3861,2903
2000-09-19,1725,6108,4891,3826,2907
2000-09-20,1732,6031,4883,3842,2933
2000-09-21,1737,6084,4843,3887,2938
2000-09-22,1738,6100,4842,3848,2938
2000-09-23,1738,6033,4834,3800,2983
2000-09-24,1738,6084,4904,3797,2958
2000-09-25,1740,6017,4824,3857,2997
2000-09-26,1739,5998,4896,3764,2956
2000-09-27,1738,6101,4823,3821,2931
2000-09-28,1737,6060,4897,3756,2937
2000-09-29,1739,6097,4870,3829,2977
2000-09-30,1739,6086,4923,3851,2934
2000-10-01,1739,6038,4915,3834,2967
2000-10-02,1735,6070,4915,3845,2942
2000-10-03,1729,5990,4900,3863,2921
2000-10-04,1726,6111,4839,3793,2962
2000-10-05,1721,5956,4772,3870,2914
2000-10-06,1720,6010,4774,3790,2907
2000-10-07,1720,5968,4733,3812,2922
2000-10-08,1720,6049,4773,3766,2914
2000-10-09,1719,6000,4816,3830,2967
2000-10-10,1719,5991,4791,3813,2944
2000-10-11,1718,6056,4803,3824,2909
2000-10-12,1718,6014,4830,3781,2911
2000-10-13,1721,6049,4807,3749,2885
2000-10-14,1721,5974,4774,3800,2928
2000-10-15,1721,5953,4817,3735,2911
2000-10-16,1724,6039,4791,3783,2933
2000-10-17,1727,6029,4825,3805,2897
2000-10-18,1732,6093,4903,3882,2944
2000-10-19,1736,6072,4850,3829,2985
2000-10-20,1740,6100,4943,3832,2959
2000-10-21,1740,6009,4929,3826,2943
2000-10-22,1740,6184,4849,3788,2958
2000-10-23,1744,6096,4839,3839,2964
2000-10-24,1748,6153,4892,3849,3015
2000-10-25,1751,6087,4949,3823,2970
2000-10-26,1754,6154,4892,3823,2958
2000-10-27,1756,6081,4953,3849,2986
2000-10-28,1756,6169,4965,3865,2989
2000-10-29,1756,6128,4886,3849,2996
2000-10-30,1758,6154,4895,3836,3004
2000-10-31,1759,6191,4954,3878,3029
2000-11-01,1759,6095,4931,3886,2978
2000-11-02,1761,6129,4903,3878,2980
2000-11-03,1762,6190,4920,3860,2958
2000-11-04,1762,6272,4931,3894,3009
2000-11-05,1762,6160,4871,3871,2978
2000-11-06,1761,6193,4961,3839,3012
2000-11-07,1759,6151,4906,3901,2980
2000-11-08,1756,6243,4805,3874,3020
2000-11-09,1752,6045,4905,3851,2950
2000-11-10,1747,6119,4862,3796,2990
2000-11-11,1747,6033,4959,3821,2988
2000-11-12,1747,5989,4868,3904,2980
2000-11-13,1742,6112,4834,3787,2939
2000-11-14,1732,6069,4870,3803,2955
2000-11-15,1723,6016,4798,3790,2932
2000-11-16,1716,6001,4774,3785,2881
2000-11-17,1711,6143,4811,3719,2940
2000-11-18,1711,5976,4749,3769,2902
2000-11-19,1711,6014,4733,3714,2938
2000-11-20,1708,5946,4851,3761,2902
2000-11-21,1701,5968,4786,3723,2911
2000-11-22,1696,5924,4738,3705,2866
2000-11-23,1693,5905,4740,3750,2882
2000-11-24,1691,6009,4755,3713,2878
2000-11-25,1691,5977,4774,3734,2868
2000-11-26,1691,5925,4705,3735,2857
2000-11-27,1688,5793,4741,3752,2808
2000-11-28,1683,5872,4692,3666,2844
2000-11-29,1678,6008,4691,3719,2867
2000-11-30,1672,5840,4688,3679,2814
2000-12-01,1664,5879,4659,3649,2805
2000-12-02,1664,5896,4689,3626,2800
2000-12-03,1664,5835,4679,3679,2833
2000-12-04,1657,5757,4579,3618,2799
2000-12-05,1647,5643,4557,3639,2824
2000-12-06,1639,5771,4574,3664,2801
2000-12-07,1633,5675,4646,3622,2780
2000-12-08,1621,5682,4505,3608,2762
2000-12-09,1621,5611,4530,3545,2740
2000-12-10,1621,5660,4517,3589,2740
2000-12-11,1614,5651,4497,3516,2758
2000-12-12,1598,5606,4482,3509,2735
2000-12-13,1587,5499,4500,3544,2712
2000-12-14,1581,5593,4445,3460,2678
2000-12-15,1582,5507,4397,3514,2682
2000-12-16,1582,5453,4540,3511,2671
2000-12-17,1582,5532,4433,3513,2705
2000-12-18,1584,5546,4412,3447,2654
2000-12-19,1588,5566,4503,3509,2656
2000-12-20,1592,5640,4439,3498,2666
2000-12-21,1596,5574,4535,3544,2670
2000-12-22,1598,5587,4440,3466,2744
2000-12-23,1598,5538,4532,3527,2732
2000-12-24,1598,5634,4482,3522,2693
2000-12-25,1598,5602,4526,3456,2714
2000-12-26,1598,5572,4550,3489,2746
2000-12-27,1600,5505,4435,3465,2730
2000-12-28,1598,5665,4525,3494,2759
2000-12-29,1599,5535,4421,3534,2716
2000-12-30,1599,5567,4435,3524,2705
2000-12-31,1599,5614,4445,3523,2697
2001-01-01,1599,5537,4497,3487,2719
2001-01-02,1599,5522,4479,3551,2737
2001-01-03,1596,5480,4462,3511,2715
2001-01-04,1594,5615,4469,3508,2703
2001-01-05,1591,5541,4478,3528,2730
2001-01-06,1591,5715,4482,3470,2715
2001-01-07,1591,5519,4499,3507,2702
2001-01-08,1591,5522,4528,3513,2689
2001-01-09,1593,5547,4460,3488,2703
2001-01-10,1592,5584,4437,3522,2716
2001-01-11,1587,5531,4468,3506,2682
2001-01-12,1582,5568,4384,3477,2665
2001-01-13,1582,5488,4402,3476,2680
2001-01-14,1582,5468,4470,3496,2688
2001-01-15,1581,5444,4422,3502,2715
2001-01-16,1579,5415,4373,3476,2661
2001-01-17,1573,5480,4345,3494,2679
2001-01-18,1567,5469,4390,3467,2658
2001-01-19,1566,5449,4430,3392,2658
2001-01-20,1566,5543,4430,3403,2693
2001-01-21,1566,5542,4389,3481,2664
2001-01-22,1559,5440,4446,3422,2632
2001-01-23,1552,5342,4341,3419,2656
2001-01-24,1543,5372,4315,3429,2639
2001-01-25,1537,5350,4201,3381,2593
2001-01-26,1528,5315,4261,3363,2574
2001-01-27,1528,5313,4312,3336,2606
2001-01-28,1528,5315,4341,3373,2597
2001-01-29,1523,5311,4231,3368,2580
2001-01-30,1514,5267,4258,3313,2595
2001-01-31,1504,5274,4253,3281,2545
2001-02-01,1493,5244,4181,3363,2547
2001-02-02,1488,5162,4075,3271,2553
2001-02-03,1488,5272,4176,3253,2523
2001-02-04,1488,5159,4197,3295,2493
2001-02-05,1480,5099,4106,3254,2508
2001-02-06,1472,5171,4111,3206,2506
2001-02-07,1461,5073,4045,3229,2504
2001-02-08,1455,5109,3971,3175,2463
2001-02-09,1449,4951,4098,3235,2498
2001-02-10,1449,5141,4057,3203,2437
2001-02-11,1449,5105,4121,3179,2467
2001-02-12,1445,4982,4080,3182,2452
2001-02-13,1445,4984,4032,3206,2483
2001-02-14,1446,5145,4045,3187,2429
2001-02-15,1453,5049,4091,3260,2479
2001-02-16,1461,5072,4129,3248,2479
2001-02-17,1461,5000,4104,3229,2514
2001-02-18,1461,5096,4135,3186,2467
2001-02-19,1469,5130,4101,3227,2506
2001-02-20,1477,5205,4096,3264,2494
2001-02-21,1488,5138,4164,3249,2533
2001-02-22,1501,5177,4211,3341,2544
2001-02-23,1510,5308,4180,3293,2559
2001-02-24,1510,5335,4175,3303,2527
2001-02-25,1510,5206,4246,3305,2575
2001-02-26,1522,5381,4245,3371,2566
2001-02-27,1531,5360,4280,3344,2580
2001-02-28,1537,5434,4289,3327,2582
2001-03-01,1538,5379,4367,3416,2593
2001-03-02,1537,5253,4354,3368,2623
2001-03-03,1537,5372,4254,3349,2622
2001-03-04,1537,5433,4282,3359,2626
2001-03-05,1537,5335,4338,3433,2592
2001-03-06,1527,5325,4300,3340,2600
2001-03-07,1520,5311,4254,3340,2572
2001-03-08,1511,5144,4185,3311,2588
2001-03-09,1500,5334,4173,3263,2559
2001-03-10,1500,5205,4179,3278,2537
2001-03-11,1500,5275,4211,3261,2571
2001-03-12,1496,5232,4257,3320,2553
2001-03-13,1493,5288,4153,3288,2510
2001-03-14,1497,5260,4151,3368,2511
2001-03-15,1502,5245,4201,3283,2526
2001-03-16,1506,5226,4258,3287,2593
2001-03-17,1506,5311,4159,3359,2540
2001-03-18,1506,5177,4275,3345,2598
2001-03-19,1508,5310,4216,3329,2542
2001-03-20,1508,5223,4193,3284,2540
2001-03-21,1508,5341,4158,3370,2581
2001-03-22,1505,5276,4242,3309,2577
2001-03-23,1502,5289,4199,3291,2565
2001-03-24,1502,5261,4212,3339,2567
2001-03-25,1502,5169,4170,3304,2537
2001-03-26,1496,5193,4176,3256,2560
2001-03-27,1486,5235,4141,3270,2531
2001-03-28,1468,5146,4106,3206,2488
2001-03-29,1452,5141,4039,3104,2470
2001-03-30,1438,5053,3965,3137,2466
2001-03-31,1438,4985,4136,3148,2452
2001-04-01,1438,4993,3972,3129,2401
2001-04-02,1430,5010,4011,3163,2449
2001-04-03,1424,4868,3916,3109,2437
2001-04-04,1423,5064,3905,3145,2412
2001-04-05,1424,5006,3991,3096,2423
2001-04-06,1427,5056,4003,3167,2428
2001-04-07,1427,4915,4046,3101,2386
2001-04-08,1427,5057,4012,3069,2418
2001-04-09,1427,5106,3990,3177,2419
2001-04-10,1428,4932,3960,3116,2424
2001-04-11,1428,5037,4058,3194,2417
2001-04-12,1429,5002,4038,3161,2443
2001-04-13,1429,4924,3951,3168,2413
2001-04-14,1429,5026,4003,3175,2448
2001-04-15,1429,5043,4007,3147,2442
2001-04-16,1429,4971,3987,3148,2457
2001-04-17,1429,5060,4032,3182,2464
2001-04-18,1432,4929,4043,3154,2469
2001-04-19,1441,4969,4027,3148,2426
2001-04-20,1453,5092,4057,3214,2477
2001-04-21,1453,5087,4128,3133,2456
2001-04-22,1453,5050,4106,3236,2536
2001-04-23,1462,5157,4096,3257,2498
2001-04-24,1460,5137,4023,3248,2510
2001-04-25,1460,5153,4102,3247,2491
2001-04-26,1463,5114,4124,3216,2434
2001-04-27,1461,5144,3981,3211,2468
2001-04-28,1461,5091,4101,3177,2470
2001-04-29,1461,5216,4074,3267,2476
2001-04-30,1459,5066,4076,3195,2487
2001-05-01,1453,5191,4032,3207,2480
2001-05-02,1453,5087,4062,3204,2418
2001-05-03,1454,5020,4127,3159,2467
2001-05-04,1456,5164,4059,3151,2465
2001-05-05,1456,5102,4115,3203,2503
2001-05-06,1456,5139,4045,3190,2487
2001-05-07,1456,5157,4107,3201,2472
2001-05-08,1460,5127,4088,3244,2486
2001-05-09,1465,5098,4116,3230,2457
2001-05-10,1472,5201,4122,3261,2516
2001-05-11,1478,5173,4164,3265,2505
2001-05-12,1478,5207,4036,3242,2496
2001-05-13,1478,5065,4082,3222,2539
2001-05-14,1481,5206,4163,3266,2523
2001-05-15,1479,5145,4059,3256,2501
2001-05-16,1473,5238,4103,3268,2492
2001-05-17,1466,5162,4103,3221,2500
2001-05-18,1461,5125,4058,3205,2489
2001-05-19,1461,5138,4063,3207,2484
2001-05-20,1461,5064,4102,3187,2460
2001-05-21,1452,5163,4106,3238,2447
2001-05-22,1442,5147,3999,3207,2436
2001-05-23,1433,5035,3989,3116,2432
2001-05-24,1423,5060,3955,3155,2418
2001-05-25,1416,4928,3868,3060,2404
2001-05-26,1416,4916,3970,3145,2405
2001-05-27,1416,4958,4002,3094,2445
2001-05-28,1416,4978,4005,3126,2424
2001-05-29,1408,4908,3908,3040,2417
2001-05-30,1400,4927,3870,3044,2389
2001-05-31,1389,4877,3890,3070,2363
2001-06-01,1382,4787,3903,3019,2358
2001-06-02,1382,4863,3876,3015,2354
2001-06-03,1382,4880,3881,3082,2366
2001-06-04,1372,4811,3887,3085,2313
2001-06-05,1366,4839,3795,3033,2337
2001-06-06,1360,4699,3799,2959,2315
2001-06-07,1356,4769,3862,3036,2269
2001-06-08,1356,4687,3789,2936,2307
2001-06-09,1356,4690,3746,2974,2279
2001-06-10,1356,4714,3770,2985,2295
2001-06-11,1355,4695,3756,3039,2300
2001-06-12,1358,4726,3817,3015,2278
2001-06-13,1366,4770,3789,2991,2321
2001-06-14,1373,4847,3855,2992,2335
2001-06-15,1380,4814,3835,3066,2361
2001-06-16,1380,4751,3779,3020,2337
2001-06-17,1380,4887,3876,3043,2351
2001-06-18,1386,4809,3887,3008,2354
2001-06-19,1387,4852,3904,3068,2350
2001-06-20,1390,4887,3865,3073,2330
2001-06-21,1391,4878,3864,3023,2362
2001-06-22,1392,4927,3914,3093,2381
2001-06-23,1392,4896,3958,3079,2348
2001-06-24,1392,4829,3898,3085,2362
2001-06-25,1393,4984,3917,3053,2367
2001-06-26,1394,4889,3890,3072,2392
2001-06-27,1393,4868,3839,3067,2369
2001-06-28,1391,4917,3933,3056,2370
2001-06-29,1386,4863,3917,3054,2356
2001-06-30,1386,4871,3909,3087,2346
2001-07-01,1386,4976,3874,3081,2334
2001-07-02,1386,4837,3905,3014,2350
2001-07-03,1375,4797,3886,3055,2345
2001-07-04,1375,4818,3915,3061,2340
2001-07-05,1347,4768,3811,2959,2319
2001-07-06,1331,4583,3729,2943,2282
2001-07-07,1331,4560,3674,2943,2288
2001-07-08,1331,4629,3733,2903,2222
2001-07-09,1320,4538,3706,2893,2276
2001-07-10,1303,4539,3677,2889,2220
2001-07-11,1286,4526,3655,2814,2194
2001-07-12,1271,4404,3555,2825,2179
2001-07-13,1256,4325,3601,2802,2136
2001-07-14,1256,4399,3446,2798,2114
2001-07-15,1256,4439,3534,2823,2164
2001-07-16,1233,4231,3420,2710,2081
2001-07-17,1213,4287,3320,2674,2042
2001-07-18,1190,4206,3324,2628,2018
2001-07-19,1168,4136,3212,2568,1978
2001-07-20,1148,4079,3208,2542,1952
2001-07-21,1148,4128,3216,2474,1950
2001-07-22,1148,4000,3259,2532,1979
2001-07-23,1138,3988,3126,2462,1944
2001-07-24,1132,3941,3206,2462,1907
2001-07-25,1117,3910,3132,2479,1884
2001-07-26,1102,3934,3127,2418,1866
2001-07-27,1084,3727,3018,2406,1835
2001-07-28,1084,3751,2982,2378,1833
2001-07-29,1084,3863,2987,2418,1821
2001-07-30,1067,3786,2936,2340,1820
2001-07-31,1049,3653,2956,2249,1774
2001-08-01,1037,3672,2963,2288,1744
2001-08-02,1023,3598,2842,2186,1749
2001-08-03,1021,3649,2884,2203,1753
2001-08-04,1021,3577,2798,2220,1731
2001-08-05,1021,3625,2866,2216,1771
2001-08-06,1014,3681,2866,2214,1768
2001-08-07,1007,3554,2762,2184,1722
2001-08-08,1001,3506,2795,2160,1692
2001-08-09,992,3508,2806,2229,1692
2001-08-10,982,3419,2632,2140,1645
2001-08-11,982,3556,2803,2093,1652
2001-08-12,982,3446,2764,2150,1636
2001-08-13,975,3399,2759,2111,1645
2001-08-14,971,3357,2702,2110,1626
2001-08-15,963,3425,2627,2140,1650
2001-08-16,967,3428,2729,2114,1629
2001-08-17,978,3398,2735,2117,1668
2001-08-18,978,3452,2740,2165,1678
2001-08-19,978,3348,2782,2186,1686
2001-08-20,979,3436,2772,2170,1657
2001-08-21,976,3439,2810,2074,1665
2001-08-22,973,3491,2731,2107,1661
2001-08-23,968,3349,2683,2131,1671
2001-08-24,961,3300,2683,2107,1649
2001-08-25,961,3319,2707,2104,1660
2001-08-26,961,3297,2731,2085,1600
2001-08-27,961,3430,2632,2072,1620
2001-08-28,955,3420,2674,2161,1644
2001-08-29,949,3338,2722,2089,1625
2001-08-30,939,3348,2620,2085,1594
2001-08-31,927,3251,2633,2040,1566
2001-09-01,927,3240,2615,2041,1592
2001-09-02,927,3228,2634,2038,1536
2001-09-03,918,3197,2538,1986,1576
2001-09-04,910,3108,2516,1957,1549
2001-09-05,903,3174,2529,1998,1525
2001-09-06,898,3141,2453,1981,1537
2001-09-07,899,3184,2506,2006,1521
2001-09-08,899,3151,2527,2000,1529
2001-09-09,899,3138,2589,1954,1527
2001-09-10,902,3113,2542,2018,1548
2001-09-11,908,3182,2567,2021,1547
2001-09-12,918,3250,2617,2040,1522
2001-09-13,924,3177,2549,2100,1543
2001-09-14,934,3273,2609,2116,1566
2001-09-15,934,3281,2712,2075,1597
2001-09-16,934,3233,2612,2072,1599
2001-09-17,950,3296,2705,2122,1648
2001-09-18,974,3421,2766,2125,1636
2001-09-19,987,3398,2704,2154,1704
2001-09-20,994,3496,2796,2207,1651
2001-09-21,995,3438,2792,2163,1692
2001-09-22,995,3536,2799,2207,1696
2001-09-23,995,3599,2756,2194,1696
2001-09-24,995,3439,2741,2163,1685
2001-09-25,991,3495,2756,2181,1687
2001-09-26,983,3404,2748,2202,1646
2001-09-27,969,3444,2761,2134,1665
2001-09-28,952,3269,2738,2097,1623
2001-09-29,952,3356,2721,2104,1626
2001-09-30,952,3288,2700,2108,1613
2001-10-01,939,3276,2589,2056,1590
2001-10-02,926,3189,2576,2048,1585
2001-10-03,917,3251,2576,1986,1591
2001-10-04,910,3143,2523,1978,1519
2001-10-05,900,3178,2543,1960,1501
2001-10-06,900,3133,2549,1994,1535
2001-10-07,900,3144,2541,1985,1523
2001-10-08,893,3133,2541,1961,1521
2001-10-09,889,3073,2453,1977,1511
2001-10-10,888,3119,2524,1965,1522
2001-10-11,889,3188,2461,1947,1506
2001-10-12,893,3087,2463,1934,1494
2001-10-13,893,3184,2522,1940,1502
2001-10-14,893,3200,2549,1921,1515
2001-10-15,897,3099,2531,1978,1500
2001-10-16,902,3084,2526,1959,1533
2001-10-17,905,3183,2546,1976,1540
2001-10-18,907,3147,2545,1992,1535
2001-10-19,908,3271,2497,2029,1548
2001-10-20,908,3180,2493,2025,1511
2001-10-21,908,3138,2539,1996,1525
2001-10-22,907,3117,2543,2033,1519
2001-10-23,903,3215,2529,1926,1553
2001-10-24,897,3111,2539,2030,1571
2001-10-25,891,3121,2486,1981,1497
2001-10-26,884,3142,2498,1948,1498
2001-10-27,884,3070,2469,1918,1489
2001-10-28,884,3092,2548,1932,1507
2001-10-29,879,3076,2464,1952,1482
2001-10-30,870,3079,2530,1933,1485
2001-10-31,861,3043,2425,1914,1477
2001-11-01,853,2974,2380,1855,1426
2001-11-02,850,2978,2344,1842,1450
2001-11-03,850,2956,2322,1876,1409
2001-11-04,850,2901,2340,1893,1440
2001-11-05,847,2977,2336,1863,1433
2001-11-06,845,3052,2382,1903,1432
2001-11-07,843,2906,2339,1856,1427
2001-11-08,844,2915,2371,1857,1425
2001-11-09,846,2917,2420,1881,1433
2001-11-10,846,2997,2365,1898,1443
2001-11-11,846,2983,2452,1821,1444
2001-11-12,849,2964,2330,1834,1446
2001-11-13,851,2933,2377,1863,1435
2001-11-14,854,2994,2370,1974,1473
2001-11-15,854,2911,2429,1871,1482
2001-11-16,855,3000,2304,1877,1428
2001-11-17,855,3036,2336,1900,1457
2001-11-18,855,2930,2390,1910,1444
2001-11-19,857,2923,2462,1890,1475
2001-11-20,857,3078,2409,1920,1457
2001-11-21,859,2976,2351,1854,1461
2001-11-22,857,3056,2352,1862,1467
2001-11-23,861,3006,2478,1929,1458
2001-11-24,861,3005,2386,1895,1497
2001-11-25,861,3035,2373,1856,1474
2001-11-26,864,2980,2478,1861,1487
2001-11-27,866,3038,2465,1881,1468
2001-11-28,868,3019,2481,1910,1473
2001-11-29,867,2968,2390,1921,1490
2001-11-30,868,3055,2369,1900,1490
2001-12-01,868,3025,2436,1921,1451
2001-12-02,868,3030,2444,1896,1478
2001-12-03,868,2977,2445,1946,1485
2001-12-04,869,3121,2492,1988,1475
2001-12-05,869,3085,2364,1900,1485
2001-12-06,871,3097,2473,1931,1479
2001-12-07,872,3037,2398,1930,1437
2001-12-08,872,2966,2476,1923,1456
2001-12-09,872,3150,2423,1938,1502
2001-12-10,874,3056,2415,1937,1481
2001-12-11,873,3018,2420,1906,1488
2001-12-12,873,3076,2387,1960,1484
2001-12-13,872,3110,2443,1924,1466
2001-12-14,870,3044,2405,1902,1470
2001-12-15,870,3109,2467,1987,1486
2001-12-16,870,3099,2462,1911,1488
2001-12-17,868,2984,2498,1917,1519
2001-12-18,866,2997,2439,1910,1463
2001-12-19,865,3075,2443,1899,1504
2001-12-20,867,2899,2484,1921,1457
2001-12-21,869,3034,2408,1886,1487
2001-12-22,869,2970,2374,1930,1481
2001-12-23,869,3018,2441,1859,1475
2001-12-24,869,3027,2376,1873,1477
2001-12-25,869,3024,2531,1967,1465
2001-12-26,869,3014,2491,1874,1495
2001-12-27,871,2994,2525,1857,1464
2001-12-28,876,3181,2455,1890,1496
2001-12-29,876,3159,2475,1979,1504
2001-12-30,876,3008,2434,1873,1517
2001-12-31,876,3145,2488,1899,1509
2002-01-01,876,3046,2404,1883,1501
2002-01-02,882,3093,2368,1932,1487
2002-01-03,889,3108,2458,1943,1496
2002-01-04,896,3103,2451,1957,1500
2002-01-05,896,3185,2568,2027,1499
2002-01-06,896,3142,2581,1935,1523
2002-01-07,906,3147,2481,1990,1526
2002-01-08,917,3144,2619,2028,1583
2002-01-09,929,3207,2639,2014,1568
2002-01-10,941,3211,2572,2085,1602
2002-01-11,950,3326,2644,2078,1610
2002-01-12,950,3265,2637,2101,1587
2002-01-13,950,3312,2690,2087,1637
2002-01-14,956,3415,2628,2042,1639
2002-01-15,964,3434,2695,2160,1655
2002-01-16,969,3390,2686,2194,1659
2002-01-17,969,3387,2732,2126,1632
2002-01-18,964,3468,2691,2094,1624
2002-01-19,964,3400,2678,2166,1648
2002-01-20,964,3358,2691,2178,1670
2002-01-21,958,3282,2764,2103,1636
2002-01-22,950,3345,2643,2083,1635
2002-01-23,941,3335,2593,2068,1589
2002-01-24,931,3227,2630,1998,1605
2002-01-25,924,3249,2581,2024,1562
2002-01-26,924,3216,2531,2084,1576
2002-01-27,924,3225,2676,2028,1563
2002-01-28,920,3096,2562,1993,1582
2002-01-29,915,3191,2547,2028,1574
2002-01-30,910,3233,2554,1982,1517
2002-01-31,908,3146,2612,1996,1570
2002-02-01,908,3181,2475,1960,1591
2002-02-02,908,3140,2553,1967,1536
2002-02-03,908,3196,2626,2020,1541
2002-02-04,909,3171,2550,2003,1570
2002-02-05,909,3135,2496,1977,1547
2002-02-06,911,3255,2526,2008,1549
2002-02-07,915,3249,2570,1995,1593
2002-02-08,922,3197,2635,2005,1540
2002-02-09,922,3252,2568,2063,1552
2002-02-10,922,3254,2615,2052,1576
2002-02-11,927,3277,2538,2039,1544
2002-02-12,933,3181,2555,2057,1579
2002-02-13,940,3340,2613,2068,1590
2002-02-14,947,3286,2709,2098,1629
2002-02-15,955,3325,2677,2077,1637
2002-02-16,955,3474,2686,2127,1590
2002-02-17,955,3358,2685,2112,1610
2002-02-18,963,3351,2741,2111,1623
2002-02-19,970,3285,2692,2119,1645
2002-02-20,978,3492,2766,2177,1641
2002-02-21,992,3405,2744,2178,1695
2002-02-22,1009,3481,2905,2199,1701
2002-02-23,1009,3515,2793,2208,1727
2002-02-24,1009,3602,2790,2243,1715
2002-02-25,1018,3602,2872,2191,1711
2002-02-26,1025,3580,2873,2244,1770
2002-02-27,1029,3617,2894,2296,1778
2002-02-28,1031,3578,2896,2263,1759
2002-03-01,1033,3622,2849,2281,1751
2002-03-02,1033,3619,2957,2305,1735
2002-03-03,1033,3664,2928,2299,1778
2002-03-04,1035,3671,2952,2264,1776
2002-03-05,1038,3658,2885,2280,1748
2002-03-06,1044,3636,2940,2324,1761
2002-03-07,1047,3702,2939,2332,1789
2002-03-08,1051,3674,2988,2310,1763
2002-03-09,1051,3624,2989,2311,1774
2002-03-10,1051,3658,2951,2320,1766
2002-03-11,1056,3700,2896,2364,1775
2002-03-12,1059,3752,3036,2362,1786
2002-03-13,1064,3715,3001,2362,1827
2002-03-14,1067,3674,2963,2315,1779
2002-03-15,1073,3758,3021,2352,1833
2002-03-16,1073,3761,2944,2354,1829
2002-03-17,1073,3765,3047,2403,1843
2002-03-18,1074,3805,2948,2356,1831
2002-03-19,1076,3817,3004,2405,1822
2002-03-20,1078,3743,3028,2354,1816
2002-03-21,1081,3753,3068,2363,1858
2002-03-22,1085,3745,3042,2401,1854
2002-03-23,1085,3832,3063,2434,1835
2002-03-24,1085,3870,3037,2381,1863
2002-03-25,1086,3785,3040,2312,1837
2002-03-26,1084,3782,3039,2338,1843
2002-03-27,1082,3860,3022,2389,1827
2002-03-28,1082,3812,2962,2336,1850
2002-03-29,1082,3809,2999,2354,1820
2002-03-30,1082,3727,3039,2381,1833
2002-03-31,1082,3821,3020,2307,1826
2002-04-01,1082,3741,3023,2369,1845
2002-04-02,1081,3727,3014,2343,1845
2002-04-03,1082,3770,2995,2335,1817
2002-04-04,1083,3761,3013,2359,1849
2002-04-05,1085,3786,3026,2355,1815
2002-04-06,1085,3725,3038,2401,1888
2002-04-07,1085,3845,3054,2423,1834
2002-04-08,1086,3857,3034,2378,1867
2002-04-09,1091,3721,3014,2382,1859
2002-04-10,1096,3885,3013,2399,1868
2002-04-11,1100,3809,3184,2387,1847
2002-04-12,1103,3903,3043,2388,1892
2002-04-13,1103,3857,3068,2377,1876
2002-04-14,1103,3862,3109,2387,1885
2002-04-15,1104,3855,3106,2478,1875
2002-04-16,1103,3921,3109,2406,1878
2002-04-17,1098,3781,3057,2327,1849
2002-04-18,1090,3845,3062,2380,1850
2002-04-19,1080,3835,3026,2328,1828
2002-04-20,1080,3816,3012,2378,1822
2002-04-21,1080,3896,3034,2375,1839
2002-04-22,1071,3722,3041,2358,1828
2002-04-23,1064,3772,2978,2340,1814
2002-04-24,1059,3701,2965,2319,1798
2002-04-25,1049,3733,2980,2264,1792
2002-04-26,1042,3647,2956,2290,1776
2002-04-27,1042,3628,2981,2323,1773
2002-04-28,1042,3712,2847,2347,1775
2002-04-29,1033,3591,2929,2265,1780
2002-04-30,1027,3524,2900,2256,1722
2002-05-01,1020,3544,2821,2259,1728
2002-05-02,1016,3587,2855,2280,1734
2002-05-03,1016,3626,2887,2221,1696
2002-05-04,1016,3562,2812,2256,1755
2002-05-05,1016,3622,2863,2211,1732
2002-05-06,1016,3488,2880,2245,1746
2002-05-07,1018,3541,2808,2269,1753
2002-05-08,1025,3573,2864,2216,1751
2002-05-09,1034,3613,2907,2259,1713
2002-05-10,1038,3637,2875,2312,1768
2002-05-11,1038,3668,2871,2302,1769
2002-05-12,1038,3611,2901,2315,1743
2002-05-13,1040,3647,2944,2313,1732
2002-05-14,1041,3641,2941,2280,1779
2002-05-15,1038,3587,2872,2350,1740
2002-05-16,1035,3617,2924,2281,1801
2002-05-17,1033,3608,2859,2181,1761
2002-05-18,1033,3607,2828,2264,1783
2002-05-19,1033,3617,2878,2259,1757
2002-05-20,1031,3612,2932,2292,1768
2002-05-21,1031,3587,2913,2255,1754
2002-05-22,1031,3672,2887,2301,1773
2002-05-23,1032,3554,2873,2287,1714
2002-05-24,1035,3586,2882,2247,1777
2002-05-25,1035,3761,2902,2273,1773
2002-05-26,1035,3571,2855,2254,1756
2002-05-27,1038,3565,2892,2289,1756
2002-05-28,1040,3677,2903,2265,1762
2002-05-29,1044,3550,2869,2299,1780
2002-05-30,1046,3649,2895,2293,1802
2002-05-31,1042,3754,2934,2288,1761
2002-06-01,1042,3570,2918,2354,1737
2002-06-02,1042,3548,2905,2282,1821
2002-06-03,1042,3572,2881,2234,1785
2002-06-04,1042,3692,2981,2323,1764
2002-06-05,1027,3651,2842,2290,1770
2002-06-06,1015,3527,2852,2174,1744
2002-06-07,1005,3552,2794,2190,1718
2002-06-08,1005,3587,2815,2224,1699
2002-06-09,1005,3607,2832,2227,1722
2002-06-10,998,3481,2740,2195,1718
2002-06-11,991,3353,2775,2181,1650
2002-06-12,984,3403,2803,2137,1677
2002-06-13,978,3402,2809,2080,1669
2002-06-14,978,3410,2733,2213,1668
2002-06-15,978,3414,2740,2123,1664
2002-06-16,978,3479,2827,2157,1686
2002-06-17,978,3487,2784,2147,1658
2002-06-18,981,3425,2722,2185,1668
2002-06-19,984,3499,2730,2168,1679
2002-06-20,988,3476,2805,2178,1676
2002-06-21,993,3479,2740,2106,1660
2002-06-22,993,3521,2824,2160,1692
2002-06-23,993,3479,2794,2207,1693
2002-06-24,997,3592,2812,2213,1688
2002-06-25,1000,3428,2790,2171,1697
2002-06-26,1003,3485,2783,2159,1642
2002-06-27,1006,3515,2875,2217,1734
2002-06-28,1005,3539,2804,2124,1727
2002-06-29,1005,3581,2798,2177,1682
2002-06-30,1005,3516,2811,2264,1695
2002-07-01,1005,3446,2822,2254,1737
2002-07-02,1004,3556,2770,2223,1684
2002-07-03,1002,3545,2783,2214,1713
2002-07-04,1003,3413,2784,2148,1695
2002-07-05,1004,3514,2845,2187,1715
2002-07-06,1004,3434,2776,2200,1708
2002-07-07,1004,3481,2741,2187,1701
2002-07-08,1005,3472,2735,2200,1716
2002-07-09,1006,3561,2758,2252,1700
2002-07-10,1007,3530,2874,2199,1676
2002-07-11,1005,3453,2815,2201,1690
2002-07-12,1004,3558,2831,2231,1686
2002-07-13,1004,3442,2833,2166,1675
2002-07-14,1004,3531,2813,2184,1714
2002-07-15,1002,3466,2803,2182,1700
2002-07-16,998,3475,2836,2197,1704
2002-07-17,993,3501,2786,2174,1699
2002-07-18,985,3474,2814,2158,1690
2002-07-19,981,3500,2772,2138,1676
2002-07-20,981,3429,2722,2126,1648
2002-07-21,981,3449,2727,2176,1679
2002-07-22,976,3394,2704,2137,1664
2002-07-23,972,3411,2770,2157,1696
2002-07-24,964,3396,2683,2087,1639
2002-07-25,962,3362,2662,2096,1643
2002-07-26,962,3277,2706,2110,1634
2002-07-27,962,3384,2690,2113,1636
2002-07-28,962,3385,2705,2139,1635
2002-07-29,964,3340,2775,2108,1630
2002-07-30,965,3313,2739,2145,1644
2002-07-31,968,3462,2711,2141,1658
2002-08-01,970,3420,2660,2131,1641
2002-08-02,971,3387,2699,2108,1667
2002-08-03,971,3342,2747,2159,1665
2002-08-04,971,3357,2672,2108,1633
2002-08-05,971,3464,2804,2136,1631
2002-08-06,971,3405,2719,2135,1660
2002-08-07,972,3374,2724,2132,1641
2002-08-08,978,3448,2712,2140,1642
2002-08-09,986,3410,2781,2145,1711
2002-08-10,986,3526,2714,2121,1657
2002-08-11,986,3519,2847,2211,1646
2002-08-12,992,3449,2830,2168,1671
2002-08-13,999,3465,2837,2194,1703
2002-08-14,1006,3390,2761,2209,1712
2002-08-15,1010,3461,2836,2255,1755
2002-08-16,1013,3479,2885,2287,1707
2002-08-17,1013,3552,2860,2233,1727
2002-08-18,1013,3529,2796,2224,1745
2002-08-19,1014,3482,2813,2197,1711
2002-08-20,1014,3535,2821,2187,1738
2002-08-21,1014,3574,2815,2178,1687
2002-08-22,1018,3589,2912,2216,1766
2002-08-23,1021,3479,2782,2183,1756
2002-08-24,1021,3567,2885,2279,1722
2002-08-25,1021,3504,2807,2259,1752
2002-08-26,1021,3619,2820,2239,1762
2002-08-27,1025,3627,2790,2288,1717
2002-08-28,1026,3546,2851,2225,1732
2002-08-29,1030,3567,2944,2241,1778
2002-08-30,1036,3603,2911,2221,1763
2002-08-31,1036,3513,2853,2302,1770
2002-09-01,1036,3643,2941,2255,1763
2002-09-02,1039,3623,2958,2286,1784
2002-09-03,1044,3703,2927,2327,1785
2002-09-04,1050,3620,3021,2351,1787
2002-09-05,1063,3690,3009,2338,1765
2002-09-06,1085,3722,3065,2399,1857
2002-09-07,1085,3747,3006,2360,1859
2002-09-08,1085,3738,3063,2438,1820
2002-09-09,1102,3907,3094,2419,1850
2002-09-10,1126,3906,3174,2480,1925
2002-09-11,1146,4017,3181,2509,1952
2002-09-12,1163,4051,3262,2595,1938
2002-09-13,1178,4060,3266,2598,1986
2002-09-14,1178,4115,3213,2614,2009
2002-09-15,1178,4153,3338,2602,2016
2002-09-16,1186,4091,3261,2603,2005
2002-09-17,1194,4219,3347,2655,2027
2002-09-18,1202,4165,3379,2655,2026
2002-09-19,1215,4228,3415,2644,2092
2002-09-20,1226,4318,3421,2668,2088
2002-09-21,1226,4258,3444,2702,2071
2002-09-22,1226,4293,3452,2724,2061
2002-09-23,1238,4317,3496,2773,2079
2002-09-24,1255,4399,3583,2708,2170
2002-09-25,1285,4378,3607,2828,2181
2002-09-26,1320,4529,3699,2919,2236
2002-09-27,1346,4742,3733,2970,2284
2002-09-28,1346,4763,3786,2991,2276
2002-09-29,1346,4665,3795,2981,2286
2002-09-30,1367,4772,3820,2978,2325
2002-10-01,1371,4813,3861,2986,2331
2002-10-02,1365,4812,3810,3012,2295
2002-10-03,1358,4652,3829,3017,2326
2002-10-04,1354,4695,3828,2983,2291
2002-10-05,1354,4722,3827,2931,2289
2002-10-06,1354,4774,3796,2947,2288
2002-10-07,1351,4853,3741,2993,2276
2002-10-08,1348,4707,3750,2955,2297
2002-10-09,1347,4644,3795,2967,2308
2002-10-10,1346,4731,3867,2993,2274
2002-10-11,1343,4767,3747,2919,2246
2002-10-12,1343,4706,3779,2942,2263
2002-10-13,1343,4655,3738,2939,2274
2002-10-14,1340,4738,3713,2959,2253
2002-10-15,1335,4706,3711,2960,2258
2002-10-16,1334,4618,3652,2890,2257
2002-10-17,1343,4720,3815,2954,2283
2002-10-18,1356,4796,3708,3009,2276
2002-10-19,1356,4805,3786,2928,2317
2002-10-20,1356,4743,3750,2981,2338
2002-10-21,1364,4756,3784,2964,2347
2002-10-22,1369,4853,3888,2993,2316
2002-10-23,1376,4755,3861,2952,2353
2002-10-24,1385,4869,3839,3089,2366
2002-10-25,1393,4807,3877,3054,2367
2002-10-26,1393,4929,3870,3040,2372
2002-10-27,1393,4863,3899,3074,2382
2002-10-28,1397,4953,3919,3042,2393
2002-10-29,1403,4935,4004,3052,2369
2002-10-30,1409,4870,3869,3145,2410
2002-10-31,1417,5031,3966,3172,2442
2002-11-01,1428,5076,3986,3124,2445
2002-11-02,1428,5042,4036,3174,2458
2002-11-03,1428,4960,4013,3152,2376
2002-11-04,1430,4990,4028,3104,2443
2002-11-05,1435,5030,4032,3129,2445
2002-11-06,1442,5012,4000,3219,2472
2002-11-07,1445,5142,4094,3136,2434
2002-11-08,1446,5068,4081,3250,2448
2002-11-09,1446,4926,4085,3164,2476
2002-11-10,1446,5078,4099,3229,2437
2002-11-11,1445,5040,4063,3170,2461
2002-11-12,1445,5054,4105,3203,2456
2002-11-13,1443,5032,4056,3216,2449
2002-11-14,1444,5094,4034,3218,2466
2002-11-15,1446,5117,4049,3164,2436
2002-11-16,1446,5075,4048,3155,2443
2002-11-17,1446,5044,4028,3179,2455
2002-11-18,1445,5055,4111,3140,2432
2002-11-19,1446,5062,4061,3188,2483
2002-11-20,1447,5024,4055,3159,2444
2002-11-21,1451,5107,4078,3225,2482
2002-11-22,1459,5130,4204,3193,2463
2002-11-23,1459,5184,4040,3158,2494
2002-11-24,1459,5169,4051,3252,2448
2002-11-25,1469,5107,4058,3237,2525
2002-11-26,1489,5253,4160,3277,2554
2002-11-27,1514,5251,4249,3364,2563
2002-11-28,1540,5425,4293,3414,2601
2002-11-29,1560,5434,4346,3409,2661
2002-11-30,1560,5409,4374,3419,2621
2002-12-01,1560,5474,4348,3399,2653
2002-12-02,1573,5372,4417,3417,2658
2002-12-03,1582,5449,4474,3498,2684
2002-12-04,1592,5563,4485,3514,2694
2002-12-05,1602,5611,4521,3547,2707
2002-12-06,1612,5624,4557,3585,2774
2002-12-07,1612,5563,4525,3570,2756
2002-12-08,1612,5601,4507,3572,2711
2002-12-09,1625,5707,4519,3513,2745
2002-12-10,1637,5759,4568,3592,2800
2002-12-11,1651,5778,4602,3661,2826
2002-12-12,1663,5878,4686,3624,2799
2002-12-13,1689,5931,4743,3719,2885
2002-12-14,1689,5874,4757,3731,2877
2002-12-15,1689,5897,4683,3729,2832
2002-12-16,1704,5894,4828,3760,2889
2002-12-17,1714,5994,4782,3789,2911
2002-12-18,1728,6104,4794,3807,2939
2002-12-19,1735,6107,4840,3773,2923
2002-12-20,1737,6150,4963,3837,2938
2002-12-21,1737,6064,4848,3830,2940
2002-12-22,1737,6147,4851,3778,2942
2002-12-23,1739,6077,4862,3867,2946
2002-12-24,1738,6157,4860,3840,2952
2002-12-25,1738,6082,4835,3782,2961
2002-12-26,1738,6118,4872,3799,2990
2002-12-27,1738,6157,4909,3807,2972
2002-12-28,1738,6073,4879,3807,2981
2002-12-29,1738,6094,4822,3832,2945
2002-12-30,1738,6147,4853,3794,2935
2002-12-31,1738,6076,4844,3857,2971
2003-01-01,1738,6017,4869,3855,2954
2003-01-02,1738,6190,4920,3842,2969
2003-01-03,1739,6063,4863,3827,2939
2003-01-04,1739,6094,4866,3854,2969
2003-01-05,1739,6144,4940,3818,2953
2003-01-06,1742,6067,4913,3811,2952
2003-01-07,1746,6061,4912,3877,2961
2003-01-08,1749,6134,4976,3857,2983
2003-01-09,1758,6063,4942,3847,3004
2003-01-10,1761,6149,4851,3862,2986
2003-01-11,1761,6176,4964,3852,3001
2003-01-12,1761,6150,4867,3935,3001
2003-01-13,1760,6083,4946,3872,3007
2003-01-14,1753,6215,4840,3861,3000
2003-01-15,1748,6123,4876,3867,3008
2003-01-16,1733,6137,4838,3776,2937
2003-01-17,1722,6014,4791,3821,2957
2003-01-18,1722,5983,4808,3770,2930
2003-01-19,1722,6040,4863,3843,2906
2003-01-20,1718,6002,4782,3770,2908
2003-01-21,1715,5944,4824,3804,2925
2003-01-22,1704,6037,4733,3674,2911
2003-01-23,1680,5849,4696,3661,2836
2003-01-24,1653,5693,4641,3628,2795
2003-01-25,1653,5852,4589,3576,2799
2003-01-26,1653,5760,4576,3655,2793
2003-01-27,1626,5661,4572,3587,2727
2003-01-28,1593,5487,4505,3475,2664
2003-01-29,1557,5537,4356,3425,2639
2003-01-30,1540,5326,4294,3412,2623
2003-01-31,1530,5358,4290,3303,2614
2003-02-01,1530,5401,4286,3328,2574
2003-02-02,1530,5376,4294,3356,2574
2003-02-03,1530,5352,4183,3367,2590
2003-02-04,1542,5312,4275,3391,2621
2003-02-05,1559,5416,4331,3456,2670
2003-02-06,1577,5529,4422,3484,2695
2003-02-07,1596,5547,4476,3532,2706
2003-02-08,1596,5596,4494,3470,2720
2003-02-09,1596,5620,4479,3516,2696
2003-02-10,1610,5683,4456,3533,2738
2003-02-11,1627,5633,4613,3623,2765
2003-02-12,1639,5846,4640,3611,2814
2003-02-13,1659,5845,4595,3630,2830
2003-02-14,1673,5855,4698,3706,2829
2003-02-15,1673,5910,4661,3697,2829
2003-02-16,1673,5974,4690,3656,2837
2003-02-17,1693,5854,4783,3714,2847
2003-02-18,1709,5970,4870,3750,2901
2003-02-19,1728,5929,4868,3838,2935
2003-02-20,1745,6117,4898,3845,2976
2003-02-21,1758,6171,4909,3889,3001
2003-02-22,1758,6151,4930,3853,2991
2003-02-23,1758,6120,4977,3878,2956
2003-02-24,1767,6082,4946,3927,2979
2003-02-25,1768,6207,4915,3879,2993
2003-02-26,1767,6257,4883,3891,3017
2003-02-27,1763,6141,4957,3838,3009
2003-02-28,1764,6196,4949,3858,2994
2003-03-01,1764,6096,4913,3871,3046
2003-03-02,1764,6197,4980,3849,3030
2003-03-03,1762,6147,4917,3916,3020
2003-03-04,1754,6101,4906,3834,2996
2003-03-05,1749,6083,4897,3871,2982
2003-03-06,1748,6098,4880,3851,2979
2003-03-07,1753,6155,4918,3858,2944
2003-03-08,1753,6070,4954,3901,2959
2003-03-09,1753,6116,4863,3789,2976
2003-03-10,1756,6144,4936,3857,2988
2003-03-11,1765,6123,4949,3851,2998
2003-03-12,1779,6316,4987,3855,3030
2003-03-13,1802,6264,5080,3929,3021
2003-03-14,1833,6382,5134,4033,3126
2003-03-15,1833,6367,5152,4011,3117
2003-03-16,1833,6505,5161,4059,3112
2003-03-17,1863,6548,5196,4092,3186
2003-03-18,1887,6558,5296,4142,3187
2003-03-19,1909,6737,5335,4190,3241
2003-03-20,1924,6744,5382,4230,3276
2003-03-21,1935,6785,5405,4244,3272
2003-03-22,1935,6755,5437,4231,3249
2003-03-23,1935,6735,5421,4287,3266
2003-03-24,1940,6807,5448,4249,3297
2003-03-25,1940,6763,5431,4256,3293
2003-03-26,1936,6867,5357,4272,3291
2003-03-27,1933,6702,5414,4262,3273
2003-03-28,1938,6860,5429,4237,3268
2003-03-29,1938,6777,5436,4286,3297
2003-03-30,1938,6798,5403,4280,3291
2003-03-31,1939,6828,5381,4271,3309
2003-04-01,1943,6769,5465,4262,3288
2003-04-02,1959,6900,5474,4298,3290
2003-04-03,1977,6784,5542,4343,3309
2003-04-04,1997,6954,5580,4356,3387
2003-04-05,1997,6943,5591,4392,3397
2003-04-06,1997,6927,5574,4420,3390
2003-04-07,2011,7028,5592,4450,3407
2003-04-08,2022,7096,5681,4437,3406
2003-04-09,2034,7154,5671,4507,3420
2003-04-10,2051,7191,5749,4569,3494
2003-04-11,2069,7208,5810,4542,3513
2003-04-12,2069,7260,5770,4573,3510
2003-04-13,2069,7248,5745,4484,3486
2003-04-14,2081,7330,5924,4540,3518
2003-04-15,2088,7347,5825,4596,3551
2003-04-16,2091,7320,5880,4570,3560
2003-04-17,2093,7281,5938,4666,3555
2003-04-18,2093,7293,5892,4623,3586
2003-04-19,2093,7298,5848,4634,3547
2003-04-20,2093,7310,5858,4604,3584
2003-04-21,2093,7339,5827,4575,3562
2003-04-22,2097,7375,5907,4598,3567
2003-04-23,2105,7365,5917,4639,3597
2003-04-24,2115,7403,5901,4634,3583
2003-04-25,2124,7441,5906,4693,3604
2003-04-26,2124,7408,5894,4694,3586
2003-04-27,2124,7388,5987,4673,3630
2003-04-28,2133,7378,5977,4638,3633
2003-04-29,2139,7452,5998,4757,3658
2003-04-30,2142,7521,5965,4706,3645
2003-05-01,2145,7472,5947,4800,3669
2003-05-02,2152,7520,6064,4754,3643
2003-05-03,2152,7555,6027,4728,3678
2003-05-04,2152,7558,6062,4748,3650
2003-05-05,2152,7478,6010,4674,3658
2003-05-06,2160,7610,6039,4783,3687
2003-05-07,2173,7662,6113,4858,3741
2003-05-08,2193,7619,6170,4762,3745
2003-05-09,2212,7701,6226,4858,3779
2003-05-10,2212,7802,6182,4863,3749
2003-05-11,2212,7735,6218,4893,3764
2003-05-12,2227,7684,6280,4963,3784
2003-05-13,2248,7798,6290,4957,3850
2003-05-14,2266,7919,6324,5049,3849
2003-05-15,2291,7960,6469,5045,3921
2003-05-16,2317,8089,6461,5111,3913
2003-05-17,2317,8111,6513,5107,3967
2003-05-18,2317,8183,6485,5134,3922
2003-05-19,2335,8158,6464,5124,3987
2003-05-20,2337,8233,6589,5166,3956
2003-05-21,2325,8209,6400,5078,3965
2003-05-22,2303,8132,6369,5058,3896
2003-05-23,2272,7966,6383,4979,3883
2003-05-24,2272,7854,6383,5001,3879
2003-05-25,2272,7975,6336,4989,3850
2003-05-26,2272,8004,6368,5032,3874
2003-05-27,2218,7759,6109,4853,3790
2003-05-28,2178,7710,6127,4740,3684
2003-05-29,2145,7550,6016,4678,3626
2003-05-30,2127,7473,5954,4709,3594
2003-05-31,2127,7499,5956,4650,3592
2003-06-01,2127,7461,5975,4691,3594
2003-06-02,2116,7281,5924,4646,3616
2003-06-03,2123,7406,5869,4695,3620
2003-06-04,2128,7508,6046,4675,3584
2003-06-05,2135,7432,6026,4780,3619
2003-06-06,2139,7475,5938,4763,3613
2003-06-07,2139,7434,5975,4696,3654
2003-06-08,2139,7576,5980,4692,3627
2003-06-09,2134,7553,6018,4789,3597
2003-06-10,2130,7411,5878,4654,3624
2003-06-11,2132,7469,5950,4689,3637
2003-06-12,2135,7438,5908,4698,3610
2003-06-13,2141,7524,5983,4710,3634
2003-06-14,2141,7519,5976,4658,3622
2003-06-15,2141,7534,5998,4725,3665
2003-06-16,2146,7528,5985,4692,3640
2003-06-17,2149,7668,5987,4771,3639
2003-06-18,2154,7488,6056,4695,3661
2003-06-19,2153,7450,6047,4738,3656
2003-06-20,2150,7505,6042,4664,3669
2003-06-21,2150,7447,6013,4665,3679
2003-06-22,2150,7450,5997,4705,3679
2003-06-23,2143,7450,5996,4694,3635
2003-06-24,2134,7423,5995,4739,3634
2003-06-25,2131,7411,5880,4687,3652
2003-06-26,2129,7477,5977,4723,3650
2003-06-27,2127,7419,5968,4668,3598
2003-06-28,2127,7436,5958,4698,3628
2003-06-29,2127,7489,5950,4658,3624
2003-06-30,2125,7399,5847,4651,3631
2003-07-01,2123,7417,5927,4616,3634
2003-07-02,2127,7463,6027,4689,3595
2003-07-03,2131,7361,5967,4696,3609
2003-07-04,2137,7360,5971,4725,3651
2003-07-05,2137,7497,5984,4708,3636
2003-07-06,2137,7504,5998,4762,3588
2003-07-07,2143,7604,6027,4720,3610
2003-07-08,2155,7550,6025,4771,3677
2003-07-09,2168,7629,6087,4760,3702
2003-07-10,2194,7669,6210,4800,3703
2003-07-11,2217,7774,6248,4899,3791
2003-07-12,2217,7843,6301,4875,3765
2003-07-13,2217,7653,6181,4902,3748
2003-07-14,2231,7829,6314,4919,3781
2003-07-15,2238,7940,6235,4900,3780
2003-07-16,2240,7854,6286,4960,3796
2003-07-17,2236,7909,6290,4893,3764
2003-07-18,2234,7788,6235,4934,3796
2003-07-19,2234,7817,6259,4953,3810
2003-07-20,2234,7821,6292,4903,3771
2003-07-21,2229,7691,6213,4938,3790
2003-07-22,2219,7708,6280,4894,3756
2003-07-23,2211,7684,6135,4890,3772
2003-07-24,2208,7769,6260,4832,3707
2003-07-25,2206,7765,6217,4860,3764
2003-07-26,2206,7737,6173,4811,3714
2003-07-27,2206,7762,6161,4905,3746
2003-07-28,2203,7702,6148,4786,3731
2003-07-29,2197,7750,6146,4823,3728
2003-07-30,2186,7651,6119,4781,3686
2003-07-31,2181,7636,6157,4818,3741
2003-08-01,2176,7603,6172,4845,3673
2003-08-02,2176,7650,6101,4807,3675
2003-08-03,2176,7595,6059,4876,3735
2003-08-04,2181,7682,6085,4757,3714
2003-08-05,2198,7636,6147,4797,3712
2003-08-06,2230,7750,6203,4879,3788
2003-08-07,2262,7951,6286,4980,3841
2003-08-08,2287,8000,6487,5001,3854
2003-08-09,2287,7982,6416,5009,3873
2003-08-10,2287,8049,6370,5050,3887
2003-08-11,2298,8013,6467,5018,3932
2003-08-12,2314,8089,6432,5057,3930
2003-08-13,2326,8211,6469,5105,3952
2003-08-14,2336,8253,6509,5130,3955
2003-08-15,2343,8279,6627,5185,4005
2003-08-16,2343,8186,6550,5128,4001
2003-08-17,2343,8262,6463,5133,3999
2003-08-18,2343,8153,6609,5172,3985
2003-08-19,2340,8145,6540,5172,3946
2003-08-20,2331,8041,6453,5171,3984
2003-08-21,2322,8211,6489,5122,3949
2003-08-22,2314,8056,6500,5095,3928
2003-08-23,2314,8093,6495,5108,3943
2003-08-24,2314,8053,6551,5083,3938
2003-08-25,2314,8134,6445,5083,3912
2003-08-26,2297,8021,6433,5000,3898
2003-08-27,2284,7929,6367,5052,3845
2003-08-28,2272,7974,6300,5005,3864
2003-08-29,2265,7856,6377,5006,3877
2003-08-30,2265,7886,6361,4899,3815
2003-08-31,2265,7822,6353,4982,3853
2003-09-01,2262,7846,6351,4951,3859
2003-09-02,2265,7936,6315,5028,3867
2003-09-03,2273,7857,6324,5019,3849
2003-09-04,2284,7920,6397,5032,3861
2003-09-05,2304,8064,6498,5056,3905
2003-09-06,2304,8037,6516,5081,3941
2003-09-07,2304,8164,6483,5041,3883
2003-09-08,2320,8212,6497,5101,3920
2003-09-09,2327,8101,6526,5102,3947
2003-09-10,2341,8221,6555,5218,3960
2003-09-11,2352,8269,6545,5218,3998
2003-09-12,2364,8244,6620,5233,4047
2003-09-13,2364,8199,6566,5156,3995
2003-09-14,2364,8273,6614,5227,4016
2003-09-15,2379,8318,6727,5239,4044
2003-09-16,2393,8354,6733,5301,4061
2003-09-17,2408,8450,6705,5307,4062
2003-09-18,2431,8471,6804,5348,4120
2003-09-19,2467,8577,6874,5434,4181
2003-09-20,2467,8640,6905,5373,4207
2003-09-21,2467,8654,6949,5404,4202
2003-09-22,2501,8695,7029,5513,4221
2003-09-23,2539,8933,7209,5620,4309
2003-09-24,2605,9029,7342,5714,4418
2003-09-25,2709,9453,7593,5959,4644
2003-09-26,2796,9773,7856,6103,4759
2003-09-27,2796,9754,7821,6195,4732
2003-09-28,2796,9758,7784,6185,4738
2003-09-29,2870,10139,8088,6334,4871
2003-09-30,2993,10433,8421,6597,5095
2003-10-01,3138,11105,8777,6950,5344
2003-10-02,3245,11379,9097,7115,5521
2003-10-03,3372,11807,9491,7391,5728
2003-10-04,3372,11826,9475,7450,5730
2003-10-05,3372,11928,9383,7448,5730
2003-10-06,3529,12302,9891,7728,5964
2003-10-07,3668,12782,10000,8000,6000
2003-10-08,3829,13364,10000,8000,6000
2003-10-09,4049,14173,10000,8000,6000
2003-10-10,4192,14586,10000,8000,6000
2003-10-11,4192,14673,10000,8000,6000
2003-10-12,4192,14757,10000,8000,6000
2003-10-13,4270,14953,10000,8000,6000
2003-10-14,4299,15000,10000,8000,6000
2003-10-15,4286,14970,10000,8000,6000
2003-10-16,4304,15000,10000,8000,6000
2003-10-17,4363,15000,10000,8000,6000
2003-10-18,4363,15000,10000,8000,6000
2003-10-19,4363,15000,10000,8000,6000
2003-10-20,4421,15000,10000,8000,6000
2003-10-21,4477,15000,10000,8000,6000
2003-10-22,4514,15000,10000,8000,6000
2003-10-23,4515,15000,10000,8000,6000
2003-10-24,4517,15000,10000,8000,6000
2003-10-25,4517,15000,10000,8000,6000
2003-10-26,4517,15000,10000,8000,6000
2003-10-27,4539,15000,10000,8000,6000
2003-10-28,4547,15000,10000,8000,6000
2003-10-29,4550,15000,10000,8000,6000
2003-10-30,4560,15000,10000,8000,6000
2003-10-31,4555,15000,10000,8000,6000
2003-11-01,4555,15000,10000,8000,6000
2003-11-02,4555,15000,10000,8000,6000
2003-11-03,4558,15000,10000,8000,6000
2003-11-04,4524,15000,10000,8000,6000
2003-11-05,4432,15000,10000,8000,6000
2003-11-06,4349,15000,10000,8000,6000
2003-11-07,4308,15000,10000,8000,6000
2003-11-08,4308,15000,10000,8000,6000
2003-11-09,4308,15000,10000,8000,6000
2003-11-10,4274,14968,10000,8000,6000
2003-11-11,4243,14810,10000,8000,6000
2003-11-12,4205,14644,10000,8000,6000
2003-11-13,4142,14587,10000,8000,6000
2003-11-14,4078,14241,10000,8000,6000
2003-11-15,4078,14268,10000,8000,6000
2003-11-16,4078,14324,10000,8000,6000
2003-11-17,4046,14337,10000,8000,6000
2003-11-18,4026,14029,10000,8000,6000
2003-11-19,4029,14124,10000,8000,6000
2003-11-20,4076,14231,10000,8000,6000
2003-11-21,4144,14477,10000,8000,6000
2003-11-22,4144,14468,10000,8000,6000
2003-11-23,4144,14448,10000,8000,6000
2003-11-24,4193,14673,10000,8000,6000
2003-11-25,4257,14826,10000,8000,6000
2003-11-26,4329,15000,10000,8000,6000
2003-11-27,4378,15000,10000,8000,6000
2003-11-28,4417,15000,10000,8000,6000
2003-11-29,4417,15000,10000,8000,6000
2003-11-30,4417,15000,10000,8000,6000
2003-12-01,4442,15000,10000,8000,6000
2003-12-02,4464,15000,10000,8000,6000
2003-12-03,4484,15000,10000,8000,6000
2003-12-04,4493,15000,10000,8000,6000
2003-12-05,4515,15000,10000,8000,6000
2003-12-06,4515,15000,10000,8000,6000
2003-12-07,4515,15000,10000,8000,6000
2003-12-08,4526,15000,10000,8000,6000
2003-12-09,4539,15000,10000,8000,6000
2003-12-10,4570,15000,10000,8000,6000
2003-12-11,4608,15000,10000,8000,6000
2003-12-12,4638,15000,10000,8000,6000
2003-12-13,4638,15000,10000,8000,6000
2003-12-14,4638,15000,10000,8000,6000
2003-12-15,4658,15000,10000,8000,6000
2003-12-16,4668,15000,10000,8000,6000
2003-12-17,4675,15000,10000,8000,6000
2003-12-18,4694,15000,10000,8000,6000
2003-12-19,4721,15000,10000,8000,6000
2003-12-20,4721,15000,10000,8000,6000
2003-12-21,4721,15000,10000,8000,6000
2003-12-22,4741,15000,10000,8000,6000
2003-12-23,4761,15000,10000,8000,6000
2003-12-24,4765,15000,10000,8000,6000
2003-12-25,4765,15000,10000,8000,6000
2003-12-26,4765,15000,10000,8000,6000
2003-12-27,4765,15000,10000,8000,6000
2003-12-28,4765,15000,10000,8000,6000
2003-12-29,4765,15000,10000,8000,6000
2003-12-30,4765,15000,10000,8000,6000
2003-12-31,4765,15000,10000,8000,6000
2004-01-01,4765,15000,10000,8000,6000
2004-01-02,4761,15000,10000,8000,6000
2004-01-03,4761,15000,10000,8000,6000
2004-01-04,4761,15000,10000,8000,6000
2004-01-05,4757,15000,10000,8000,6000
2004-01-06,4764,15000,10000,8000,6000
2004-01-07,4804,15000,10000,8000,6000
2004-01-08,4901,15000,10000,8000,6000
2004-01-09,5046,15000,10000,8000,6000
2004-01-10,5046,15000,10000,8000,6000
2004-01-11,5046,15000,10000,8000,6000
2004-01-12,5256,15000,10000,8000,6000
2004-01-13,5391,15000,10000,8000,6000
2004-01-14,5459,15000,10000,8000,6000
2004-01-15,5485,15000,10000,8000,6000
2004-01-16,5493,15000,10000,8000,6000
2004-01-17,5493,15000,10000,8000,6000
2004-01-18,5493,15000,10000,8000,6000
2004-01-19,5481,15000,10000,8000,6000
2004-01-20,5418,15000,10000,8000,6000
2004-01-21,5345,15000,10000,8000,6000
2004-01-22,5299,15000,10000,8000,6000
2004-01-23,5273,15000,10000,8000,6000
2004-01-24,5273,15000,10000,8000,6000
2004-01-25,5273,15000,10000,8000,6000
2004-01-26,5262,15000,10000,8000,6000
2004-01-27,5276,15000,10000,8000,6000
2004-01-28,5340,15000,10000,8000,6000
2004-01-29,5457,15000,10000,8000,6000
2004-01-30,5551,15000,10000,8000,6000
2004-01-31,5551,15000,10000,8000,6000
2004-02-01,5551,15000,10000,8000,6000
2004-02-02,5618,15000,10000,8000,6000
2004-02-03,5664,15000,10000,8000,6000
2004-02-04,5681,15000,10000,8000,6000
2004-02-05,5653,15000,10000,8000,6000
2004-02-06,5608,15000,10000,8000,6000
2004-02-07,5608,15000,10000,8000,6000
2004-02-08,5608,15000,10000,8000,6000
2004-02-09,5545,15000,10000,8000,6000
2004-02-10,5458,15000,10000,8000,6000
2004-02-11,5365,15000,10000,8000,6000
2004-02-12,5276,15000,10000,8000,6000
2004-02-13,5242,15000,10000,8000,6000
2004-02-14,5242,15000,10000,8000,6000
2004-02-15,5242,15000,10000,8000,6000
2004-02-16,5250,15000,10000,8000,6000
2004-02-17,5290,15000,10000,8000,6000
2004-02-18,5376,15000,10000,8000,6000
2004-02-19,5461,15000,10000,8000,6000
2004-02-20,5516,15000,10000,8000,6000
2004-02-21,5516,15000,10000,8000,6000
2004-02-22,5516,15000,10000,8000,6000
2004-02-23,5536,15000,10000,8000,6000
2004-02-24,5488,15000,10000,8000,6000
2004-02-25,5394,15000,10000,8000,6000
2004-02-26,5317,15000,10000,8000,6000
2004-02-27,5263,15000,10000,8000,6000
2004-02-28,5263,15000,10000,8000,6000
2004-02-29,5263,15000,10000,8000,6000
2004-03-01,5205,15000,10000,8000,6000
2004-03-02,5150,15000,10000,8000,6000
2004-03-03,5109,15000,10000,8000,6000
2004-03-04,5135,15000,10000,8000,6000
2004-03-05,5235,15000,10000,8000,6000
2004-03-06,5235,15000,10000,8000,6000
2004-03-07,5235,15000,10000,8000,6000
2004-03-08,5300,15000,10000,8000,6000
2004-03-09,5344,15000,10000,8000,6000
2004-03-10,5382,15000,10000,8000,6000
2004-03-11,5384,15000,10000,8000,6000
2004-03-12,5352,15000,10000,8000,6000
2004-03-13,5352,15000,10000,8000,6000
2004-03-14,5352,15000,10000,8000,6000
2004-03-15,5280,15000,10000,8000,6000
2004-03-16,5204,15000,10000,8000,6000
2004-03-17,5122,15000,10000,8000,6000
2004-03-18,5058,15000,10000,8000,6000
2004-03-19,5045,15000,10000,8000,6000
2004-03-20,5045,15000,10000,8000,6000
2004-03-21,5045,15000,10000,8000,6000
2004-03-22,5042,15000,10000,8000,6000
2004-03-23,5044,15000,10000,8000,6000
2004-03-24,5033,15000,10000,8000,6000
2004-03-25,4999,15000,10000,8000,6000
2004-03-26,4959,15000,10000,8000,6000
2004-03-27,4959,15000,10000,8000,6000
2004-03-28,4959,15000,10000,8000,6000
2004-03-29,4927,15000,10000,8000,6000
2004-03-30,4886,15000,10000,8000,6000
2004-03-31,4822,15000,10000,8000,6000
2004-04-01,4763,15000,10000,8000,6000
2004-04-02,4716,15000,10000,8000,6000
2004-04-03,4716,15000,10000,8000,6000
2004-04-04,4716,15000,10000,8000,6000
2004-04-05,4675,15000,10000,8000,6000
2004-04-06,4631,15000,10000,8000,6000
2004-04-07,4604,15000,10000,8000,6000
2004-04-08,4566,15000,10000,8000,6000
2004-04-09,4566,15000,10000,8000,6000
2004-04-10,4566,15000,10000,8000,6000
2004-04-11,4566,15000,10000,8000,6000
2004-04-12,4566,15000,10000,8000,6000
2004-04-13,4552,15000,10000,8000,6000
2004-04-14,4571,15000,10000,8000,6000
2004-04-15,4590,15000,10000,8000,6000
2004-04-16,4610,15000,10000,8000,6000
2004-04-17,4610,15000,10000,8000,6000
2004-04-18,4610,15000,10000,8000,6000
2004-04-19,4635,15000,10000,8000,6000
2004-04-20,4640,15000,10000,8000,6000
2004-04-21,4616,15000,10000,8000,6000
2004-04-22,4545,15000,10000,8000,6000
2004-04-23,4461,15000,10000,8000,6000
2004-04-24,4461,15000,10000,8000,6000
2004-04-25,4461,15000,10000,8000,6000
2004-04-26,4368,15000,10000,8000,6000
2004-04-27,4229,14818,10000,8000,6000
2004-04-28,4064,14231,10000,8000,6000
2004-04-29,3982,13851,10000,8000,6000
2004-04-30,3958,13839,10000,8000,6000
2004-05-01,3958,13852,10000,8000,6000
2004-05-02,3958,13951,10000,8000,6000
2004-05-03,3958,13887,10000,8000,6000
2004-05-04,3933,13842,10000,8000,6000
2004-05-05,3909,13711,10000,8000,6000
2004-05-06,3910,13649,10000,8000,6000
2004-05-07,3924,13740,10000,8000,6000
2004-05-08,3924,13746,10000,8000,6000
2004-05-09,3924,13687,10000,8000,6000
2004-05-10,3928,13729,10000,8000,6000
2004-05-11,3900,13640,10000,8000,6000
2004-05-12,3827,13475,10000,8000,6000
2004-05-13,3747,13010,10000,8000,6000
2004-05-14,3638,12793,10000,8000,6000
2004-05-15,3638,12686,10000,8000,6000
2004-05-16,3638,12664,10000,8000,6000
2004-05-17,3535,12431,9929,7810,6000
2004-05-18,3452,12119,9715,7608,5848
2004-05-19,3391,11931,9462,7417,5781
2004-05-20,3348,11758,9362,7360,5668
2004-05-21,3336,11779,9377,7404,5680
2004-05-22,3336,11704,9284,7326,5678
2004-05-23,3336,11668,9262,7385,5653
2004-05-24,3331,11676,9336,7330,5642
2004-05-25,3327,11707,9335,7239,5664
2004-05-26,3308,11539,9234,7297,5612
2004-05-27,3288,11475,9183,7272,5586
2004-05-28,3286,11486,9170,7228,5600
2004-05-29,3286,11396,9166,7266,5596
2004-05-30,3286,11508,9229,7179,5568
2004-05-31,3286,11407,9154,7188,5585
2004-06-01,3282,11490,9179,7227,5561
2004-06-02,3266,11474,9109,7200,5570
2004-06-03,3239,11313,9011,7166,5537
2004-06-04,3185,11231,8953,7026,5398
2004-06-05,3185,11074,8897,6971,5414
2004-06-06,3185,11207,8926,7013,5433
2004-06-07,3134,11003,8715,6913,5328
2004-06-08,3067,10649,8558,6691,5225
2004-06-09,3006,10657,8447,6612,5111
2004-06-10,2939,10283,8333,6456,4975
2004-06-11,2887,10061,8005,6332,4910
2004-06-12,2887,10034,8076,6366,4930
2004-06-13,2887,10093,8100,6317,4914
2004-06-14,2849,9965,7953,6280,4876
2004-06-15,2810,9840,7902,6199,4742
2004-06-16,2762,9652,7699,6109,4703
2004-06-17,2718,9545,7617,5946,4608
2004-06-18,2667,9315,7447,5822,4516
2004-06-19,2667,9238,7516,5876,4561
2004-06-20,2667,9327,7441,5859,4529
2004-06-21,2634,9101,7361,5882,4471
2004-06-22,2622,9195,7379,5782,4464
2004-06-23,2632,9163,7328,5792,4431
2004-06-24,2682,9395,7512,5895,4586
2004-06-25,2742,9663,7605,5996,4699
2004-06-26,2742,9550,7634,6049,4680
2004-06-27,2742,9650,7693,6030,4670
2004-06-28,2812,9820,7834,6184,4776
2004-06-29,2895,10220,8084,6372,4900
2004-06-30,3005,10499,8434,6618,5132
2004-07-01,3115,10860,8699,6801,5314
2004-07-02,3207,11259,9013,7081,5461
2004-07-03,3207,11203,8988,7030,5459
2004-07-04,3207,11182,8997,7051,5458
2004-07-05,3287,11481,9253,7270,5577
2004-07-06,3400,11898,9533,7533,5830
2004-07-07,3545,12475,9988,7748,6000
2004-07-08,3716,12909,10000,8000,6000
2004-07-09,3902,13658,10000,8000,6000
2004-07-10,3902,13688,10000,8000,6000
2004-07-11,3902,13667,10000,8000,6000
2004-07-12,4025,14153,10000,8000,6000
2004-07-13,4086,14297,10000,8000,6000
2004-07-14,4068,14229,10000,8000,6000
2004-07-15,4021,14103,10000,8000,6000
2004-07-16,3971,13903,10000,8000,6000
2004-07-17,3971,13879,10000,8000,6000
2004-07-18,3971,13924,10000,8000,6000
2004-07-19,3930,13722,10000,8000,6000
2004-07-20,3888,13577,10000,8000,6000
2004-07-21,3841,13417,10000,8000,6000
2004-07-22,3800,13368,10000,8000,6000
2004-07-23,3799,13135,10000,8000,6000
2004-07-24,3799,13316,10000,8000,6000
2004-07-25,3799,13298,10000,8000,6000
2004-07-26,3814,13265,10000,8000,6000
2004-07-27,3832,13427,10000,8000,6000
2004-07-28,3877,13593,10000,8000,6000
2004-07-29,3953,13865,10000,8000,6000
2004-07-30,4048,14035,10000,8000,6000
2004-07-31,4048,14236,10000,8000,6000
2004-08-01,4048,14131,10000,8000,6000
2004-08-02,4100,14384,10000,8000,6000
2004-08-03,4177,14657,10000,8000,6000
2004-08-04,4205,14674,10000,8000,6000
2004-08-05,4180,14663,10000,8000,6000
2004-08-06,4129,14432,10000,8000,6000
2004-08-07,4129,14348,10000,8000,6000
2004-08-08,4129,14510,10000,8000,6000
2004-08-09,4100,14311,10000,8000,6000
2004-08-10,4088,14265,10000,8000,6000
2004-08-11,4098,14323,10000,8000,6000
2004-08-12,4120,14434,10000,8000,6000
2004-08-13,4148,14515,10000,8000,6000
2004-08-14,4148,14545,10000,8000,6000
2004-08-15,4148,14451,10000,8000,6000
2004-08-16,4161,14526,10000,8000,6000
2004-08-17,4180,14624,10000,8000,6000
2004-08-18,4188,14753,10000,8000,6000
2004-08-19,4193,14670,10000,8000,6000
2004-08-20,4195,14737,10000,8000,6000
2004-08-21,4195,14684,10000,8000,6000
2004-08-22,4195,14658,10000,8000,6000
2004-08-23,4206,14709,10000,8000,6000
2004-08-24,4213,14737,10000,8000,6000
2004-08-25,4224,14814,10000,8000,6000
2004-08-26,4233,14884,10000,8000,6000
2004-08-27,4225,14805,10000,8000,6000
2004-08-28,4225,14847,10000,8000,6000
2004-08-29,4225,14739,10000,8000,6000
2004-08-30,4225,14767,10000,8000,6000
2004-08-31,4186,14615,10000,8000,6000
2004-09-01,4134,14485,10000,8000,6000
2004-09-02,4077,14252,10000,8000,6000
2004-09-03,4040,14176,10000,8000,6000
2004-09-04,4040,14093,10000,8000,6000
2004-09-05,4040,14142,10000,8000,6000
2004-09-06,4014,14083,10000,8000,6000
2004-09-07,4018,13960,10000,8000,6000
2004-09-08,4056,14302,10000,8000,6000
2004-09-09,4109,14367,10000,8000,6000
2004-09-10,4163,14469,10000,8000,6000
2004-09-11,4163,14578,10000,8000,6000
2004-09-12,4163,14572,10000,8000,6000
2004-09-13,4192,14668,10000,8000,6000
2004-09-14,4205,14767,10000,8000,6000
2004-09-15,4208,14765,10000,8000,6000
2004-09-16,4214,14764,10000,8000,6000
2004-09-17,4220,14793,10000,8000,6000
2004-09-18,4220,14765,10000,8000,6000
2004-09-19,4220,14859,10000,8000,6000
2004-09-20,4233,14742,10000,8000,6000
2004-09-21,4229,14808,10000,8000,6000
2004-09-22,4222,14780,10000,8000,6000
2004-09-23,4180,14671,10000,8000,6000
2004-09-24,4149,14479,10000,8000,6000
2004-09-25,4149,14434,10000,8000,6000
2004-09-26,4149,14529,10000,8000,6000
2004-09-27,4123,14445,10000,8000,6000
2004-09-28,4106,14445,10000,8000,6000
2004-09-29,4100,14286,10000,8000,6000
2004-09-30,4105,14425,10000,8000,6000
2004-10-01,4112,14510,10000,8000,6000
2004-10-02,4112,14373,10000,8000,6000
2004-10-03,4112,14327,10000,8000,6000
2004-10-04,4130,14435,10000,8000,6000
2004-10-05,4157,14550,10000,8000,6000
2004-10-06,4190,14693,10000,8000,6000
2004-10-07,4254,14859,10000,8000,6000
2004-10-08,4313,15000,10000,8000,6000
2004-10-09,4313,15000,10000,8000,6000
2004-10-10,4313,15000,10000,8000,6000
2004-10-11,4354,15000,10000,8000,6000
2004-10-12,4408,15000,10000,8000,6000
2004-10-13,4473,15000,10000,8000,6000
2004-10-14,4522,15000,10000,8000,6000
2004-10-15,4572,15000,10000,8000,6000
2004-10-16,4572,15000,10000,8000,6000
2004-10-17,4572,15000,10000,8000,6000
2004-10-18,4602,15000,10000,8000,6000
2004-10-19,4625,15000,10000,8000,6000
2004-10-20,4663,15000,10000,8000,6000
2004-10-21,4727,15000,10000,8000,6000
2004-10-22,4786,15000,10000,8000,6000
2004-10-23,4786,15000,10000,8000,6000
2004-10-24,4786,15000,10000,8000,6000
2004-10-25,4828,15000,10000,8000,6000
2004-10-26,4877,15000,10000,8000,6000
2004-10-27,4901,15000,10000,8000,6000
2004-10-28,4912,15000,10000,8000,6000
2004-10-29,4922,15000,10000,8000,6000
2004-10-30,4922,15000,10000,8000,6000
2004-10-31,4922,15000,10000,8000,6000
2004-11-01,4928,15000,10000,8000,6000
2004-11-02,4937,15000,10000,8000,6000
2004-11-03,4950,15000,10000,8000,6000
2004-11-04,4994,15000,10000,8000,6000
2004-11-05,5027,15000,10000,8000,6000
2004-11-06,5027,15000,10000,8000,6000
2004-11-07,5027,15000,10000,8000,6000
2004-11-08,5040,15000,10000,8000,6000
2004-11-09,5060,15000,10000,8000,6000
2004-11-10,5082,15000,10000,8000,6000
2004-11-11,5107,15000,10000,8000,6000
2004-11-12,5125,15000,10000,8000,6000
2004-11-13,5125,15000,10000,8000,6000
2004-11-14,5125,15000,10000,8000,6000
2004-11-15,5152,15000,10000,8000,6000
2004-11-16,5191,15000,10000,8000,6000
2004-11-17,5264,15000,10000,8000,6000
2004-11-18,5335,15000,10000,8000,6000
2004-11-19,5393,15000,10000,8000,6000
2004-11-20,5393,15000,10000,8000,6000
2004-11-21,5393,15000,10000,8000,6000
2004-11-22,5442,15000,10000,8000,6000
2004-11-23,5514,15000,10000,8000,6000
2004-11-24,5626,15000,10000,8000,6000
2004-11-25,5734,15000,10000,8000,6000
2004-11-26,5870,15000,10000,8000,6000
2004-11-27,5870,15000,10000,8000,6000
2004-11-28,5870,15000,10000,8000,6000
2004-11-29,5974,15000,10000,8000,6000
2004-11-30,6051,15000,10000,8000,6000
2004-12-01,6092,15000,10000,8000,6000
2004-12-02,6134,15000,10000,8000,6000
2004-12-03,6172,15000,10000,8000,6000
2004-12-04,6172,15000,10000,8000,6000
2004-12-05,6172,15000,10000,8000,6000
2004-12-06,6208,15000,10000,8000,6000
2004-12-07,6200,15000,10000,8000,6000
2004-12-08,6136,15000,10000,8000,6000
2004-12-09,6013,15000,10000,8000,6000
2004-12-10,5877,15000,10000,8000,6000
2004-12-11,5877,15000,10000,8000,6000
2004-12-12,5877,15000,10000,8000,6000
2004-12-13,5747,15000,10000,8000,6000
2004-12-14,5551,15000,10000,8000,6000
2004-12-15,5363,15000,10000,8000,6000
2004-12-16,5176,15000,10000,8000,6000
2004-12-17,5003,15000,10000,8000,6000
2004-12-18,5003,15000,10000,8000,6000
2004-12-19,5003,15000,10000,8000,6000
2004-12-20,4899,15000,10000,8000,6000
2004-12-21,4812,15000,10000,8000,6000
2004-12-22,4719,15000,10000,8000,6000
2004-12-23,4639,15000,10000,8000,6000
2004-12-24,4598,15000,10000,8000,6000
2004-12-25,4598,15000,10000,8000,6000
2004-12-26,4598,15000,10000,8000,6000
2004-12-27,4598,15000,10000,8000,6000
2004-12-28,4598,15000,10000,8000,6000
2004-12-29,4598,15000,10000,8000,6000
2004-12-30,4598,15000,10000,8000,6000
2004-12-31,4598,15000,10000,8000,6000
2005-01-01,4598,15000,10000,8000,6000
2005-01-02,4598,15000,10000,8000,6000
2005-01-03,4598,15000,10000,8000,6000
2005-01-04,4456,15000,10000,8000,6000
2005-01-05,4395,15000,10000,8000,6000
2005-01-06,4405,15000,10000,8000,6000
2005-01-07,4485,15000,10000,8000,6000
2005-01-08,4485,15000,10000,8000,6000
2005-01-09,4485,15000,10000,8000,6000
2005-01-10,4627,15000,10000,8000,6000
2005-01-11,4726,15000,10000,8000,6000
2005-01-12,4776,15000,10000,8000,6000
2005-01-13,4774,15000,10000,8000,6000
2005-01-14,4721,15000,10000,8000,6000
2005-01-15,4721,15000,10000,8000,6000
2005-01-16,4721,15000,10000,8000,6000
2005-01-17,4668,15000,10000,8000,6000
2005-01-18,4591,15000,10000,8000,6000
2005-01-19,4471,15000,10000,8000,6000
2005-01-20,4358,15000,10000,8000,6000
2005-01-21,4301,15000,10000,8000,6000
2005-01-22,4301,15000,10000,8000,6000
2005-01-23,4301,15000,10000,8000,6000
2005-01-24,4292,15000,10000,8000,6000
2005-01-25,4307,15000,10000,8000,6000
2005-01-26,4340,15000,10000,8000,6000
2005-01-27,4396,15000,10000,8000,6000
2005-01-28,4461,15000,10000,8000,6000
2005-01-29,4461,15000,10000,8000,6000
2005-01-30,4461,15000,10000,8000,6000
2005-01-31,4488,15000,10000,8000,6000
2005-02-01,4470,15000,10000,8000,6000
2005-02-02,4408,15000,10000,8000,6000
2005-02-03,4313,15000,10000,8000,6000
2005-02-04,4246,14859,10000,8000,6000
2005-02-05,4246,14774,10000,8000,6000
2005-02-06,4246,14862,10000,8000,6000
2005-02-07,4192,14733,10000,8000,6000
2005-02-08,4175,14583,10000,8000,6000
2005-02-09,4223,14801,10000,8000,6000
2005-02-10,4320,15000,10000,8000,6000
2005-02-11,4378,15000,10000,8000,6000
2005-02-12,4378,15000,10000,8000,6000
2005-02-13,4378,15000,10000,8000,6000
2005-02-14,4446,15000,10000,8000,6000
2005-02-15,4511,15000,10000,8000,6000
2005-02-16,4593,15000,10000,8000,6000
2005-02-17,4685,15000,10000,8000,6000
2005-02-18,4763,15000,10000,8000,6000
2005-02-19,4763,15000,10000,8000,6000
2005-02-20,4763,15000,10000,8000,6000
2005-02-21,4833,15000,10000,8000,6000
2005-02-22,4878,15000,10000,8000,6000
2005-02-23,4880,15000,10000,8000,6000
2005-02-24,4834,15000,10000,8000,6000
2005-02-25,4771,15000,10000,8000,6000
2005-02-26,4771,15000,10000,8000,6000
2005-02-27,4771,15000,10000,8000,6000
2005-02-28,4726,15000,10000,8000,6000
2005-03-01,4663,15000,10000,8000,6000
2005-03-02,4619,15000,10000,8000,6000
2005-03-03,4619,15000,10000,8000,6000
2005-03-04,4652,15000,10000,8000,6000
2005-03-05,4652,15000,10000,8000,6000
2005-03-06,4652,15000,10000,8000,6000
2005-03-07,4700,15000,10000,8000,6000
2005-03-08,4745,15000,10000,8000,6000
2005-03-09,4781,15000,10000,8000,6000
2005-03-10,4791,15000,10000,8000,6000
2005-03-11,4768,15000,10000,8000,6000
2005-03-12,4768,15000,10000,8000,6000
2005-03-13,4768,15000,10000,8000,6000
2005-03-14,4741,15000,10000,8000,6000
2005-03-15,4685,15000,10000,8000,6000
2005-03-16,4596,15000,10000,8000,6000
2005-03-17,4575,15000,10000,8000,6000
2005-03-18,4625,15000,10000,8000,6000
2005-03-19,4625,15000,10000,8000,6000
2005-03-20,4625,15000,10000,8000,6000
2005-03-21,4665,15000,10000,8000,6000
2005-03-22,4679,15000,10000,8000,6000
2005-03-23,4685,15000,10000,8000,6000
2005-03-24,4685,15000,10000,8000,6000
2005-03-25,4685,15000,10000,8000,6000
2005-03-26,4685,15000,10000,8000,6000
2005-03-27,4685,15000,10000,8000,6000
2005-03-28,4685,15000,10000,8000,6000
2005-03-29,4672,15000,10000,8000,6000
2005-03-30,4653,15000,10000,8000,6000
2005-03-31,4637,15000,10000,8000,6000
2005-04-01,4627,15000,10000,8000,6000
2005-04-02,4627,15000,10000,8000,6000
2005-04-03,4627,15000,10000,8000,6000
2005-04-04,4631,15000,10000,8000,6000
2005-04-05,4649,15000,10000,8000,6000
2005-04-06,4660,15000,10000,8000,6000
2005-04-07,4676,15000,10000,8000,6000
2005-04-08,4699,15000,10000,8000,6000
2005-04-09,4699,15000,10000,8000,6000
2005-04-10,4699,15000,10000,8000,6000
2005-04-11,4721,15000,10000,8000,6000
2005-04-12,4753,15000,10000,8000,6000
2005-04-13,4804,15000,10000,8000,6000
2005-04-14,4824,15000,10000,8000,6000
2005-04-15,4835,15000,10000,8000,6000
2005-04-16,4835,15000,10000,8000,6000
2005-04-17,4835,15000,10000,8000,6000
2005-04-18,4810,15000,10000,8000,6000
2005-04-19,4735,15000,10000,8000,6000
2005-04-20,4620,15000,10000,8000,6000
2005-04-21,4504,15000,10000,8000,6000
2005-04-22,4381,15000,10000,8000,6000
2005-04-23,4381,15000,10000,8000,6000
2005-04-24,4381,15000,10000,8000,6000
2005-04-25,4284,15000,10000,8000,6000
2005-04-26,4172,14556,10000,8000,6000
2005-04-27,4026,14090,10000,8000,6000
2005-04-28,3921,13711,10000,8000,6000
2005-04-29,3850,13454,10000,8000,6000
2005-04-30,3850,13474,10000,8000,6000
2005-05-01,3850,13418,10000,8000,6000
2005-05-02,3850,13526,10000,8000,6000
2005-05-03,3815,13263,10000,8000,6000
2005-05-04,3835,13449,10000,8000,6000
2005-05-05,3898,13627,10000,8000,6000
2005-05-06,3969,13833,10000,8000,6000
2005-05-07,3969,13902,10000,8000,6000
2005-05-08,3969,13814,10000,8000,6000
2005-05-09,4024,14086,10000,8000,6000
2005-05-10,4016,13985,10000,8000,6000
2005-05-11,3931,13782,10000,8000,6000
2005-05-12,3832,13366,10000,8000,6000
2005-05-13,3770,13172,10000,8000,6000
2005-05-14,3770,13210,10000,8000,6000
2005-05-15,3770,13156,10000,8000,6000
2005-05-16,3737,13077,10000,8000,6000
2005-05-17,3695,12857,10000,8000,6000
2005-05-18,3637,12761,10000,7953,6000
2005-05-19,3559,12545,9985,7806,6000
2005-05-20,3523,12470,9796,7790,5985
2005-05-21,3523,12335,9854,7729,5988
2005-05-22,3523,12370,9762,7749,5965
2005-05-23,3496,12147,9735,7640,5959
2005-05-24,3430,12080,9569,7581,5802
2005-05-25,3366,11820,9469,7348,5730
2005-05-26,3317,11585,9315,7248,5641
2005-05-27,3279,11538,9159,7245,5543
2005-05-28,3279,11464,9210,7271,5544
2005-05-29,3279,11454,9217,7205,5557
2005-05-30,3279,11500,9175,7212,5567
2005-05-31,3219,11213,8958,7109,5502
2005-06-01,3180,11181,8896,7005,5404
2005-06-02,3180,11077,8900,6985,5417
2005-06-03,3093,10773,8611,6790,5283
2005-06-04,3093,10780,8675,6758,5280
2005-06-05,3093,10863,8672,6812,5258
2005-06-06,3041,10613,8533,6687,5156
2005-06-07,2995,10415,8397,6576,5101
2005-06-08,2931,10228,8236,6418,4969
2005-06-09,2889,10110,8082,6329,4948
2005-06-10,2821,9814,7907,6225,4813
2005-06-11,2821,9816,7883,6233,4800
2005-06-12,2821,9979,7875,6196,4806
2005-06-13,2762,9624,7787,6063,4699
2005-06-14,2705,9451,7492,5925,4591
2005-06-15,2636,9208,7416,5827,4491
2005-06-16,2586,9030,7216,5690,4391
2005-06-17,2543,8932,7090,5606,4362
2005-06-18,2543,8948,7131,5605,4309
2005-06-19,2543,8885,7061,5585,4333
2005-06-20,2518,8751,7018,5505,4265
2005-06-21,2510,8849,6994,5492,4251
2005-06-22,2548,8913,7126,5639,4296
2005-06-23,2593,9162,7228,5683,4416
2005-06-24,2617,9047,7392,5745,4438
2005-06-25,2617,9169,7399,5723,4471
2005-06-26,2617,9255,7247,5721,4457
2005-06-27,2621,9156,7361,5743,4459
2005-06-28,2606,9110,7331,5784,4402
2005-06-29,2573,9020,7226,5680,4386
2005-06-30,2521,8796,7032,5530,4272
2005-07-01,2486,8685,6951,5502,4198
2005-07-02,2486,8684,6931,5465,4235
2005-07-03,2486,8670,6944,5510,4201
2005-07-04,2461,8675,6842,5481,4142
2005-07-05,2434,8542,6811,5386,4164
2005-07-06,2402,8420,6665,5287,4072
2005-07-07,2384,8384,6667,5266,4018
2005-07-08,2365,8264,6572,5203,4001
2005-07-09,2365,8239,6630,5148,4006
2005-07-10,2365,8247,6595,5183,4043
2005-07-11,2354,8239,6603,5150,3969
2005-07-12,2345,8155,6609,5139,3960
2005-07-13,2338,8158,6610,5197,3994
2005-07-14,2320,8094,6395,5138,3935
2005-07-15,2307,8181,6426,5089,3926
2005-07-16,2307,7936,6447,5100,3912
2005-07-17,2307,8066,6478,5019,3962
2005-07-18,2285,8084,6332,5049,3859
2005-07-19,2247,7871,6252,4972,3826
2005-07-20,2201,7741,6168,4775,3772
2005-07-21,2133,7470,5976,4716,3619
2005-07-22,2054,7156,5766,4476,3477
2005-07-23,2054,7077,5769,4460,3507
2005-07-24,2054,7199,5765,4559,3512
2005-07-25,2004,6975,5619,4379,3391
2005-07-26,1951,6788,5465,4271,3346
2005-07-27,1896,6611,5335,4201,3224
2005-07-28,1851,6566,5093,4063,3157
2005-07-29,1804,6434,5113,3963,3097
2005-07-30,1804,6325,4963,3963,3082
2005-07-31,1804,6291,5008,3979,3067
2005-08-01,1769,6133,4944,3885,2994
2005-08-02,1749,6145,4924,3851,3027
2005-08-03,1747,6204,4772,3828,2954
2005-08-04,1769,6179,4952,3902,3014
2005-08-05,1819,6248,5125,4011,3102
2005-08-06,1819,6400,5133,4059,3103
2005-08-07,1819,6416,5065,3990,3135
2005-08-08,1868,6459,5218,4104,3177
2005-08-09,1907,6683,5315,4203,3240
2005-08-10,1959,6879,5469,4339,3361
2005-08-11,2044,7150,5682,4464,3472
2005-08-12,2125,7398,5914,4678,3630
2005-08-13,2125,7488,5967,4600,3616
2005-08-14,2125,7417,5955,4667,3631
2005-08-15,2169,7517,6093,4804,3702
2005-08-16,2215,7650,6211,4851,3757
2005-08-17,2286,8064,6429,5035,3849
2005-08-18,2372,8333,6677,5203,3999
2005-08-19,2478,8677,6869,5426,4176
2005-08-20,2478,8651,6904,5481,4211
2005-08-21,2478,8647,6929,5420,4166
2005-08-22,2567,8931,7187,5656,4361
2005-08-23,2612,9120,7287,5756,4443
2005-08-24,2634,9113,7412,5769,4495
2005-08-25,2631,9172,7446,5793,4483
2005-08-26,2625,9172,7357,5747,4481
2005-08-27,2625,9218,7353,5791,4471
2005-08-28,2625,9186,7384,5736,4456
2005-08-29,2625,9227,7275,5765,4460
2005-08-30,2608,9195,7304,5730,4417
2005-08-31,2592,9125,7297,5736,4411
2005-09-01,2548,8942,7109,5610,4300
2005-09-02,2479,8677,6892,5482,4236
2005-09-03,2479,8627,6934,5470,4195
2005-09-04,2479,8713,6939,5470,4217
2005-09-05,2424,8568,6751,5323,4127
2005-09-06,2418,8480,6854,5350,4134
2005-09-07,2480,8776,6925,5445,4182
2005-09-08,2561,8887,7125,5582,4347
2005-09-09,2626,9133,7349,5771,4475
2005-09-10,2626,9234,7389,5791,4499
2005-09-11,2626,9204,7353,5729,4463
2005-09-12,2701,9519,7582,5916,4580
2005-09-13,2766,9680,7710,6048,4743
2005-09-14,2819,9823,7953,6225,4808
2005-09-15,2885,10087,8100,6397,4932
2005-09-16,2949,10245,8299,6482,4989
2005-09-17,2949,10265,8272,6504,5024
2005-09-18,2949,10370,8290,6503,4992
2005-09-19,2977,10463,8301,6596,5035
2005-09-20,3011,10557,8411,6605,5130
2005-09-21,3056,10610,8611,6717,5208
2005-09-22,3073,10738,8667,6750,5214
2005-09-23,3069,10680,8547,6754,5246
2005-09-24,3069,10800,8603,6827,5210
2005-09-25,3069,10712,8576,6753,5212
2005-09-26,3058,10649,8535,6702,5198
2005-09-27,3011,10540,8442,6590,5114
2005-09-28,2953,10303,8314,6534,5046
2005-09-29,2907,10249,8158,6370,4921
2005-09-30,2907,10138,8127,6415,4927
2005-10-01,2907,10105,8160,6375,4918
2005-10-02,2907,10067,8125,6357,4980
2005-10-03,2944,10302,8260,6495,4998
2005-10-04,2981,10405,8403,6539,5052
2005-10-05,3019,10495,8370,6655,5127
2005-10-06,3062,10776,8605,6751,5222
2005-10-07,3098,10876,8613,6832,5280
2005-10-08,3098,10842,8724,6808,5255
2005-10-09,3098,10911,8649,6836,5259
2005-10-10,3137,11013,8735,6874,5304
2005-10-11,3202,11166,8993,6971,5446
2005-10-12,3273,11404,9179,7222,5590
2005-10-13,3337,11720,9304,7346,5661
2005-10-14,3370,11815,9386,7396,5742
2005-10-15,3370,11803,9429,7370,5717
2005-10-16,3370,11753,9388,7353,5707
2005-10-17,3361,11794,9368,7396,5727
2005-10-18,3305,11530,9259,7320,5665
2005-10-19,3227,11289,8997,7095,5497
2005-10-20,3162,11139,8871,6946,5367
2005-10-21,3130,10922,8824,6885,5314
2005-10-22,3130,10876,8758,6951,5359
2005-10-23,3130,10902,8769,6909,5327
2005-10-24,3116,10956,8806,6827,5282
2005-10-25,3125,10950,8702,6876,5311
2005-10-26,3139,10980,8837,6916,5341
2005-10-27,3149,10996,8860,6896,5363
2005-10-28,3140,11014,8826,6931,5368
2005-10-29,3140,10948,8844,6883,5364
2005-10-30,3140,11005,8803,6863,5342
2005-10-31,3113,10859,8693,6851,5291
2005-11-01,3081,10739,8671,6776,5246
2005-11-02,3030,10573,8529,6666,5139
2005-11-03,2988,10439,8411,6551,5099
2005-11-04,2967,10382,8309,6509,5040
2005-11-05,2967,10396,8279,6561,5054
2005-11-06,2967,10200,8315,6541,5078
2005-11-07,2945,10267,8284,6450,5018
2005-11-08,2935,10253,8259,6398,4994
2005-11-09,2946,10386,8232,6454,4998
2005-11-10,3004,10460,8424,6614,5105
2005-11-11,3033,10624,8440,6654,5133
2005-11-12,3033,10690,8532,6651,5167
2005-11-13,3033,10550,8461,6655,5113
2005-11-14,3048,10688,8566,6703,5201
2005-11-15,3029,10561,8435,6687,5164
2005-11-16,2991,10443,8416,6580,5087
2005-11-17,2935,10232,8231,6459,4979
2005-11-18,2898,10106,8083,6369,4926
2005-11-19,2898,10279,8142,6361,4891
2005-11-20,2898,10185,8091,6402,4943
2005-11-21,2869,10097,8063,6334,4874
2005-11-22,2837,9954,7933,6303,4853
2005-11-23,2810,9755,7799,6200,4785
2005-11-24,2786,9771,7762,6114,4741
2005-11-25,2757,9703,7702,6038,4695
2005-11-26,2757,9607,7774,6094,4667
2005-11-27,2757,9698,7756,6041,4678
2005-11-28,2739,9622,7734,6050,4659
2005-11-29,2743,9693,7747,6012,4657
2005-11-30,2770,9674,7735,6104,4697
2005-12-01,2772,9647,7754,6067,4707
2005-12-02,2767,9666,7731,6111,4705
2005-12-03,2767,9756,7721,6050,4750
2005-12-04,2767,9593,7674,6096,4697
2005-12-05,2764,9571,7739,6075,4685
2005-12-06,2746,9615,7637,6044,4665
2005-12-07,2693,9403,7539,5913,4608
2005-12-08,2650,9275,7505,5817,4536
2005-12-09,2639,9284,7369,5810,4525
2005-12-10,2639,9209,7397,5776,4488
2005-12-11,2639,9143,7425,5776,4499
2005-12-12,2624,9286,7358,5762,4440
2005-12-13,2613,9096,7328,5737,4435
2005-12-14,2582,8984,7215,5650,4367
2005-12-15,2566,9036,7176,5673,4372
2005-12-16,2536,8857,7062,5569,4312
2005-12-17,2536,8873,7135,5572,4316
2005-12-18,2536,8900,7031,5539,4294
2005-12-19,2510,8839,7067,5584,4284
2005-12-20,2475,8646,6874,5518,4159
2005-12-21,2439,8612,6868,5342,4141
2005-12-22,2417,8353,6753,5354,4107
2005-12-23,2407,8462,6690,5293,4051
2005-12-24,2407,8383,6763,5344,4100
2005-12-25,2407,8493,6777,5305,4088
2005-12-26,2407,8432,6722,5298,4103
2005-12-27,2407,8391,6768,5220,4132
2005-12-28,2407,8458,6648,5269,4098
2005-12-29,2407,8469,6687,5296,4111
2005-12-30,2407,8457,6791,5301,4120
2005-12-31,2407,8373,6731,5259,4102
2006-01-01,2407,8400,6665,5274,4075
2006-01-02,2407,8424,6712,5312,4059
2006-01-03,2438,8531,6789,5322,4152
2006-01-04,2468,8675,6904,5434,4188
2006-01-05,2495,8632,6971,5526,4267
2006-01-06,2497,8756,6999,5505,4235
2006-01-07,2497,8725,6989,5503,4245
2006-01-08,2497,8698,7046,5433,4222
2006-01-09,2493,8688,6997,5460,4231
2006-01-10,2470,8634,6934,5496,4180
2006-01-11,2428,8318,6845,5324,4111
2006-01-12,2382,8302,6654,5278,4048
2006-01-13,2341,8150,6504,5132,3968
2006-01-14,2341,8220,6603,5142,4032
2006-01-15,2341,8153,6560,5166,3996
2006-01-16,2307,8064,6465,5078,3944
2006-01-17,2263,7998,6311,4990,3845
2006-01-18,2214,7799,6175,4846,3766
2006-01-19,2169,7637,6107,4738,3679
2006-01-20,2121,7399,5978,4640,3658
2006-01-21,2121,7451,5970,4650,3604
2006-01-22,2121,7412,5971,4659,3594
2006-01-23,2084,7284,5858,4616,3528
2006-01-24,2050,7195,5745,4513,3492
2006-01-25,2033,7086,5685,4487,3485
2006-01-26,2037,7204,5752,4486,3485
2006-01-27,2057,7191,5745,4492,3482
2006-01-28,2057,7230,5774,4526,3481
2006-01-29,2057,7272,5727,4529,3522
2006-01-30,2069,7293,5767,4575,3559
2006-01-31,2081,7213,5817,4546,3535
2006-02-01,2087,7327,5811,4530,3572
2006-02-02,2115,7445,5954,4658,3566
2006-02-03,2145,7552,5952,4730,3630
2006-02-04,2145,7452,6010,4714,3626
2006-02-05,2145,7475,6011,4720,3655
2006-02-06,2167,7634,5995,4794,3680
2006-02-07,2192,7634,6120,4809,3731
2006-02-08,2223,7766,6235,4882,3803
2006-02-09,2256,7975,6334,4966,3822
2006-02-10,2297,8037,6423,5017,3907
2006-02-11,2297,8003,6459,5049,3878
2006-02-12,2297,7996,6427,5051,3928
2006-02-13,2328,8165,6519,5171,3980
2006-02-14,2389,8295,6699,5247,4069
2006-02-15,2484,8682,6992,5471,4225
2006-02-16,2621,9190,7312,5794,4446
2006-02-17,2740,9655,7653,6003,4630
2006-02-18,2740,9623,7645,6069,4664
2006-02-19,2740,9554,7659,6081,4673
2006-02-20,2798,9852,7891,6155,4797
2006-02-21,2792,9757,7841,6126,4739
2006-02-22,2668,9276,7425,5918,4541
2006-02-23,2626,9182,7329,5801,4486
2006-02-24,2622,9249,7357,5771,4480
2006-02-25,2622,9185,7305,5811,4445
2006-02-26,2622,9178,7313,5808,4452
2006-02-27,2644,9336,7457,5807,4484
2006-02-28,2680,9308,7479,5903,4538
2006-03-01,2708,9414,7621,5975,4633
2006-03-02,2698,9362,7605,5936,4588
2006-03-03,2682,9406,7480,5859,4558
2006-03-04,2682,9395,7474,5872,4564
2006-03-05,2682,9464,7499,5860,4560
2006-03-06,2674,9371,7444,5898,4541
2006-03-07,2667,9314,7472,5832,4519
2006-03-08,2682,9387,7501,5906,4591
2006-03-09,2702,9463,7580,5999,4582
2006-03-10,2704,9380,7627,5992,4578
2006-03-11,2704,9600,7604,5894,4595
2006-03-12,2704,9490,7591,5910,4640
2006-03-13,2697,9450,7473,5910,4568
2006-03-14,2666,9362,7483,5830,4546
2006-03-15,2605,9153,7363,5681,4424
2006-03-16,2537,8872,6983,5581,4318
2006-03-17,2502,8725,7033,5526,4272
2006-03-18,2502,8787,6999,5533,4219
2006-03-19,2502,8776,6972,5490,4235
2006-03-20,2493,8685,7012,5476,4256
2006-03-21,2511,8859,7099,5535,4271
2006-03-22,2526,8856,7104,5554,4298
2006-03-23,2550,8961,7125,5634,4349
2006-03-24,2565,9047,7144,5656,4343
2006-03-25,2565,8979,7188,5632,4382
2006-03-26,2565,8993,7217,5587,4377
2006-03-27,2569,9032,7178,5697,4372
2006-03-28,2533,8829,7081,5552,4315
2006-03-29,2510,8788,7141,5533,4290
2006-03-30,2496,8742,7032,5434,4231
2006-03-31,2496,8688,7035,5491,4256
2006-04-01,2496,8852,6930,5494,4278
2006-04-02,2496,8666,6961,5496,4256
2006-04-03,2508,8713,7025,5608,4259
2006-04-04,2513,8861,6996,5510,4318
2006-04-05,2508,8814,7086,5542,4268
2006-04-06,2504,8713,7068,5524,4285
2006-04-07,2514,8829,7018,5510,4265
2006-04-08,2514,8872,7111,5555,4295
2006-04-09,2514,8797,7039,5526,4263
2006-04-10,2516,8936,7148,5561,4284
2006-04-11,2515,8716,7048,5592,4263
2006-04-12,2504,8799,7034,5513,4295
2006-04-13,2503,8819,7064,5498,4251
2006-04-14,2503,8805,7060,5538,4233
2006-04-15,2503,8750,7029,5548,4257
2006-04-16,2503,8746,7003,5480,4266
2006-04-17,2503,8783,7029,5493,4255
2006-04-18,2495,8773,6953,5509,4225
2006-04-19,2479,8707,6947,5450,4235
2006-04-20,2451,8631,6818,5364,4192
2006-04-21,2434,8468,6744,5371,4105
2006-04-22,2434,8508,6817,5375,4120
2006-04-23,2434,8472,6866,5345,4135
2006-04-24,2421,8454,6816,5328,4105
2006-04-25,2397,8440,6708,5256,4085
2006-04-26,2378,8328,6728,5199,4079
2006-04-27,2370,8425,6613,5199,4021
2006-04-28,2368,8298,6554,5212,4057
2006-04-29,2368,8291,6543,5165,3996
2006-04-30,2368,8293,6583,5197,4035
2006-05-01,2368,8256,6663,5212,4014
2006-05-02,2364,8271,6594,5237,4028
2006-05-03,2365,8334,6640,5194,3985
2006-05-04,2372,8308,6707,5181,4007
2006-05-05,2383,8301,6628,5236,4061
2006-05-06,2383,8294,6692,5226,4038
2006-05-07,2383,8318,6694,5259,4045
2006-05-08,2399,8400,6683,5268,4115
2006-05-09,2414,8509,6813,5229,4107
2006-05-10,2440,8473,6820,5479,4166
2006-05-11,2472,8636,6906,5443,4187
2006-05-12,2491,8726,7059,5483,4208
2006-05-13,2491,8627,6996,5434,4233
2006-05-14,2491,8677,7012,5436,4205
2006-05-15,2501,8720,7057,5499,4238
2006-05-16,2502,8717,6980,5514,4258
2006-05-17,2492,8732,7028,5503,4234
2006-05-18,2482,8679,6930,5468,4226
2006-05-19,2479,8649,6919,5418,4226
2006-05-20,2479,8698,6930,5379,4190
2006-05-21,2479,8763,6916,5451,4195
2006-05-22,2476,8748,6966,5431,4166
2006-05-23,2468,8542,6921,5392,4188
2006-05-24,2453,8614,6849,5421,4185
2006-05-25,2442,8538,6865,5325,4181
2006-05-26,2432,8520,6799,5369,4138
2006-05-27,2432,8492,6796,5308,4162
2006-05-28,2432,8518,6812,5354,4142
2006-05-29,2432,8520,6828,5378,4137
2006-05-30,2416,8427,6780,5305,4095
2006-05-31,2436,8481,6806,5410,4093
2006-06-01,2478,8651,6972,5509,4237
2006-06-02,2514,8811,7030,5538,4273
2006-06-03,2514,8829,7013,5547,4302
2006-06-04,2514,8842,6980,5563,4255
2006-06-05,2551,8904,7182,5629,4385
2006-06-06,2580,9044,7224,5689,4381
2006-06-07,2599,9145,7286,5702,4404
2006-06-08,2631,9267,7409,5738,4468
2006-06-09,2653,9283,7409,5795,4514
2006-06-10,2653,9274,7373,5908,4509
2006-06-11,2653,9295,7431,5846,4500
2006-06-12,2672,9295,7494,5871,4506
2006-06-13,2699,9437,7547,5976,4572
2006-06-14,2715,9540,7661,5951,4637
2006-06-15,2723,9563,7525,6008,4612
2006-06-16,2725,9524,7675,5997,4598
2006-06-17,2725,9548,7662,6009,4611
2006-06-18,2725,9496,7648,5985,4631
2006-06-19,2728,9583,7505,5973,4622
2006-06-20,2729,9548,7693,5979,4634
2006-06-21,2739,9573,7628,6002,4640
2006-06-22,2774,9691,7747,6103,4736
2006-06-23,2808,9825,7856,6131,4783
2006-06-24,2808,9806,7879,6140,4818
2006-06-25,2808,9861,7888,6182,4766
2006-06-26,2829,9882,7957,6220,4804
2006-06-27,2862,10097,8046,6302,4889
2006-06-28,2898,10216,8125,6374,4934
2006-06-29,2935,10228,8235,6533,4971
2006-06-30,2964,10377,8256,6525,5050
2006-07-01,2964,10341,8269,6509,5047
2006-07-02,2964,10358,8335,6524,5003
2006-07-03,2983,10541,8386,6593,5058
2006-07-04,2965,10362,8331,6522,5044
2006-07-05,2926,10259,8172,6458,5003
2006-07-06,2894,10156,8140,6379,4934
2006-07-07,2870,9995,7990,6305,4868
2006-07-08,2870,10002,8079,6317,4865
2006-07-09,2870,9985,8026,6362,4895
2006-07-10,2864,9980,8087,6308,4820
2006-07-11,2849,9829,7916,6238,4827
2006-07-12,2865,10055,8093,6293,4899
2006-07-13,2905,10270,8120,6328,4944
2006-07-14,2968,10395,8295,6534,5030
2006-07-15,2968,10317,8318,6569,5022
2006-07-16,2968,10356,8283,6489,5062
2006-07-17,3004,10491,8408,6613,5108
2006-07-18,3053,10635,8519,6746,5186
2006-07-19,3116,10949,8697,6888,5305
2006-07-20,3162,11108,8873,6995,5379
2006-07-21,3191,11111,8899,6964,5426
2006-07-22,3191,11205,8904,7035,5398
2006-07-23,3191,11245,8880,6975,5404
2006-07-24,3202,11302,8945,7014,5458
2006-07-25,3221,11417,9071,7111,5487
2006-07-26,3227,11249,9002,7104,5494
2006-07-27,3236,11467,9032,7141,5489
2006-07-28,3260,11392,9136,7144,5557
2006-07-29,3260,11380,9113,7216,5535
2006-07-30,3260,11426,9217,7193,5568
2006-07-31,3285,11468,9191,7254,5570
2006-08-01,3337,11699,9357,7309,5662
2006-08-02,3450,12009,9698,7625,5862
2006-08-03,3560,12448,10000,7823,6000
2006-08-04,3617,12724,10000,7939,6000
2006-08-05,3617,12657,10000,7976,6000
2006-08-06,3617,12667,10000,7975,6000
2006-08-07,3654,12813,10000,8000,6000
2006-08-08,3679,12935,10000,8000,6000
2006-08-09,3678,12790,10000,8000,6000
2006-08-10,3681,12913,10000,8000,6000
2006-08-11,3714,12986,10000,8000,6000
2006-08-12,3714,13007,10000,8000,6000
2006-08-13,3714,13052,10000,8000,6000
2006-08-14,3755,13083,10000,8000,6000
2006-08-15,3824,13333,10000,8000,6000
2006-08-16,3841,13347,10000,8000,6000
2006-08-17,3812,13315,10000,8000,6000
2006-08-18,3755,13209,10000,8000,6000
2006-08-19,3755,13136,10000,8000,6000
2006-08-20,3755,13075,10000,8000,6000
2006-08-21,3720,12996,10000,8000,6000
2006-08-22,3672,12778,10000,8000,6000
2006-08-23,3633,12659,10000,7998,6000
2006-08-24,3644,12773,10000,8000,6000
2006-08-25,3690,12856,10000,8000,6000
2006-08-26,3690,12971,10000,8000,6000
2006-08-27,3690,12911,10000,8000,6000
2006-08-28,3690,12919,10000,8000,6000
2006-08-29,3750,13111,10000,8000,6000
2006-08-30,3795,13321,10000,8000,6000
2006-08-31,3847,13504,10000,8000,6000
2006-09-01,3875,13579,10000,8000,6000
2006-09-02,3875,13591,10000,8000,6000
2006-09-03,3875,13552,10000,8000,6000
2006-09-04,3882,13614,10000,8000,6000
2006-09-05,3882,13570,10000,8000,6000
2006-09-06,3877,13570,10000,8000,6000
2006-09-07,3888,13594,10000,8000,6000
2006-09-08,3914,13676,10000,8000,6000
2006-09-09,3914,13665,10000,8000,6000
2006-09-10,3914,13722,10000,8000,6000
2006-09-11,3948,13884,10000,8000,6000
2006-09-12,4010,14094,10000,8000,6000
2006-09-13,4129,14389,10000,8000,6000
2006-09-14,4207,14789,10000,8000,6000
2006-09-15,4258,14887,10000,8000,6000
2006-09-16,4258,14933,10000,8000,6000
2006-09-17,4258,14858,10000,8000,6000
2006-09-18,4279,14984,10000,8000,6000
2006-09-19,4275,14978,10000,8000,6000
2006-09-20,4244,14780,10000,8000,6000
2006-09-21,4200,14730,10000,8000,6000
2006-09-22,4136,14543,10000,8000,6000
2006-09-23,4136,14467,10000,8000,6000
2006-09-24,4136,14544,10000,8000,6000
2006-09-25,4069,14232,10000,8000,6000
2006-09-26,3979,13969,10000,8000,6000
2006-09-27,3915,13592,10000,8000,6000
2006-09-28,3911,13809,10000,8000,6000
2006-09-29,3944,13879,10000,8000,6000
2006-09-30,3944,13790,10000,8000,6000
2006-10-01,3944,13705,10000,8000,6000
2006-10-02,3956,13860,10000,8000,6000
2006-10-03,3960,13788,10000,8000,6000
2006-10-04,3941,13816,10000,8000,6000
2006-10-05,3931,13779,10000,8000,6000
2006-10-06,3964,13827,10000,8000,6000
2006-10-07,3964,13930,10000,8000,6000
2006-10-08,3964,13914,10000,8000,6000
2006-10-09,4015,14101,10000,8000,6000
2006-10-10,4042,14147,10000,8000,6000
2006-10-11,4070,14174,10000,8000,6000
2006-10-12,4126,14490,10000,8000,6000
2006-10-13,4169,14578,10000,8000,6000
2006-10-14,4169,14522,10000,8000,6000
2006-10-15,4169,14659,10000,8000,6000
2006-10-16,4182,14742,10000,8000,6000
2006-10-17,4159,14554,10000,8000,6000
2006-10-18,4109,14489,10000,8000,6000
2006-10-19,4053,14190,10000,8000,6000
2006-10-20,4017,14040,10000,8000,6000
2006-10-21,4017,14028,10000,8000,6000
2006-10-22,4017,14141,10000,8000,6000
2006-10-23,3996,13947,10000,8000,6000
2006-10-24,3978,13960,10000,8000,6000
2006-10-25,3960,13832,10000,8000,6000
2006-10-26,3955,13819,10000,8000,6000
2006-10-27,3982,13989,10000,8000,6000
2006-10-28,3982,13918,10000,8000,6000
2006-10-29,3982,13917,10000,8000,6000
2006-10-30,4006,14078,10000,8000,6000
2006-10-31,4037,14209,10000,8000,6000
2006-11-01,4100,14382,10000,8000,6000
2006-11-02,4146,14478,10000,8000,6000
2006-11-03,4188,14632,10000,8000,6000
2006-11-04,4188,14662,10000,8000,6000
2006-11-05,4188,14674,10000,8000,6000
2006-11-06,4214,14700,10000,8000,6000
2006-11-07,4242,14883,10000,8000,6000
2006-11-08,4256,14900,10000,8000,6000
2006-11-09,4245,14772,10000,8000,6000
2006-11-10,4210,14689,10000,8000,6000
2006-11-11,4210,14710,10000,8000,6000
2006-11-12,4210,14731,10000,8000,6000
2006-11-13,4180,14724,10000,8000,6000
2006-11-14,4153,14547,10000,8000,6000
2006-11-15,4134,14427,10000,8000,6000
2006-11-16,4121,14435,10000,8000,6000
2006-11-17,4129,14434,10000,8000,6000
2006-11-18,4129,14468,10000,8000,6000
2006-11-19,4129,14481,10000,8000,6000
2006-11-20,4137,14540,10000,8000,6000
2006-11-21,4138,14482,10000,8000,6000
2006-11-22,4144,14586,10000,8000,6000
2006-11-23,4163,14616,10000,8000,6000
2006-11-24,4185,14612,10000,8000,6000
2006-11-25,4185,14758,10000,8000,6000
2006-11-26,4185,14664,10000,8000,6000
2006-11-27,4208,14686,10000,8000,6000
2006-11-28,4255,14975,10000,8000,6000
2006-11-29,4298,15000,10000,8000,6000
2006-11-30,4336,15000,10000,8000,6000
2006-12-01,4369,15000,10000,8000,6000
2006-12-02,4369,15000,10000,8000,6000
2006-12-03,4369,15000,10000,8000,6000
2006-12-04,4400,15000,10000,8000,6000
2006-12-05,4407,15000,10000,8000,6000
2006-12-06,4367,15000,10000,8000,6000
2006-12-07,4323,15000,10000,8000,6000
2006-12-08,4294,15000,10000,8000,6000
2006-12-09,4294,15000,10000,8000,6000
2006-12-10,4294,15000,10000,8000,6000
2006-12-11,4275,14984,10000,8000,6000
2006-12-12,4270,14939,10000,8000,6000
2006-12-13,4294,15000,10000,8000,6000
2006-12-14,4307,15000,10000,8000,6000
2006-12-15,4318,15000,10000,8000,6000
2006-12-16,4318,15000,10000,8000,6000
2006-12-17,4318,15000,10000,8000,6000
2006-12-18,4324,15000,10000,8000,6000
2006-12-19,4330,15000,10000,8000,6000
2006-12-20,4336,15000,10000,8000,6000
2006-12-21,4362,15000,10000,8000,6000
2006-12-22,4397,15000,10000,8000,6000
2006-12-23,4397,15000,10000,8000,6000
2006-12-24,4397,15000,10000,8000,6000
2006-12-25,4397,15000,10000,8000,6000
2006-12-26,4397,15000,10000,8000,6000
2006-12-27,4397,15000,10000,8000,6000
2006-12-28,4397,15000,10000,8000,6000
2006-12-29,4397,15000,10000,8000,6000
2006-12-30,4397,15000,10000,8000,6000
2006-12-31,4397,15000,10000,8000,6000
2007-01-01,4397,15000,10000,8000,6000
2007-01-02,4421,15000,10000,8000,6000
2007-01-03,4452,15000,10000,8000,6000
2007-01-04,4494,15000,10000,8000,6000
2007-01-05,4539,15000,10000,8000,6000
2007-01-06,4539,15000,10000,8000,6000
2007-01-07,4539,15000,10000,8000,6000
2007-01-08,4579,15000,10000,8000,6000
2007-01-09,4617,15000,10000,8000,6000
2007-01-10,4640,15000,10000,8000,6000
2007-01-11,4647,15000,10000,8000,6000
2007-01-12,4642,15000,10000,8000,6000
2007-01-13,4642,15000,10000,8000,6000
2007-01-14,4642,15000,10000,8000,6000
2007-01-15,4629,15000,10000,8000,6000
2007-01-16,4555,15000,10000,8000,6000
2007-01-17,4481,15000,10000,8000,6000
2007-01-18,4411,15000,10000,8000,6000
2007-01-19,4362,15000,10000,8000,6000
2007-01-20,4362,15000,10000,8000,6000
2007-01-21,4362,15000,10000,8000,6000
2007-01-22,4340,15000,10000,8000,6000
2007-01-23,4360,15000,10000,8000,6000
2007-01-24,4381,15000,10000,8000,6000
2007-01-25,4385,15000,10000,8000,6000
2007-01-26,4367,15000,10000,8000,6000
2007-01-27,4367,15000,10000,8000,6000
2007-01-28,4367,15000,10000,8000,6000
2007-01-29,4343,15000,10000,8000,6000
2007-01-30,4287,15000,10000,8000,6000
2007-01-31,4225,14712,10000,8000,6000
2007-02-01,4219,14816,10000,8000,6000
2007-02-02,4243,14806,10000,8000,6000
2007-02-03,4243,14855,10000,8000,6000
2007-02-04,4243,14909,10000,8000,6000
2007-02-05,4265,14974,10000,8000,6000
2007-02-06,4291,15000,10000,8000,6000
2007-02-07,4313,15000,10000,8000,6000
2007-02-08,4323,15000,10000,8000,6000
2007-02-09,4328,15000,10000,8000,6000
2007-02-10,4328,15000,10000,8000,6000
2007-02-11,4328,15000,10000,8000,6000
2007-02-12,4348,15000,10000,8000,6000
2007-02-13,4360,15000,10000,8000,6000
2007-02-14,4366,15000,10000,8000,6000
2007-02-15,4352,15000,10000,8000,6000
2007-02-16,4355,15000,10000,8000,6000
2007-02-17,4355,15000,10000,8000,6000
2007-02-18,4355,15000,10000,8000,6000
2007-02-19,4355,15000,10000,8000,6000
2007-02-20,4359,15000,10000,8000,6000
2007-02-21,4399,15000,10000,8000,6000
2007-02-22,4456,15000,10000,8000,6000
2007-02-23,4545,15000,10000,8000,6000
2007-02-24,4545,15000,10000,8000,6000
2007-02-25,4545,15000,10000,8000,6000
2007-02-26,4609,15000,10000,8000,6000
2007-02-27,4704,15000,10000,8000,6000
2007-02-28,4765,15000,10000,8000,6000
2007-03-01,4818,15000,10000,8000,6000
2007-03-02,4872,15000,10000,8000,6000
2007-03-03,4872,15000,10000,8000,6000
2007-03-04,4872,15000,10000,8000,6000
2007-03-05,4908,15000,10000,8000,6000
2007-03-06,4921,15000,10000,8000,6000
2007-03-07,4937,15000,10000,8000,6000
2007-03-08,4963,15000,10000,8000,6000
2007-03-09,5000,15000,10000,8000,6000
2007-03-10,5000,15000,10000,8000,6000
2007-03-11,5000,15000,10000,8000,6000
2007-03-12,5041,15000,10000,8000,6000
2007-03-13,5069,15000,10000,8000,6000
2007-03-14,5077,15000,10000,8000,6000
2007-03-15,5071,15000,10000,8000,6000
2007-03-16,5086,15000,10000,8000,6000
2007-03-17,5086,15000,10000,8000,6000
2007-03-18,5086,15000,10000,8000,6000
2007-03-19,5123,15000,10000,8000,6000
2007-03-20,5172,15000,10000,8000,6000
2007-03-21,5226,15000,10000,8000,6000
2007-03-22,5275,15000,10000,8000,6000
2007-03-23,5330,15000,10000,8000,6000
2007-03-24,5330,15000,10000,8000,6000
2007-03-25,5330,15000,10000,8000,6000
2007-03-26,5357,15000,10000,8000,6000
2007-03-27,5364,15000,10000,8000,6000
2007-03-28,5356,15000,10000,8000,6000
2007-03-29,5355,15000,10000,8000,6000
2007-03-30,5388,15000,10000,8000,6000
2007-03-31,5388,15000,10000,8000,6000
2007-04-01,5388,15000,10000,8000,6000
2007-04-02,5417,15000,10000,8000,6000
2007-04-03,5439,15000,10000,8000,6000
2007-04-04,5487,15000,10000,8000,6000
2007-04-05,5532,15000,10000,8000,6000
2007-04-06,5532,15000,10000,8000,6000
2007-04-07,5532,15000,10000,8000,6000
2007-04-08,5532,15000,10000,8000,6000
2007-04-09,5532,15000,10000,8000,6000
2007-04-10,5552,15000,10000,8000,6000
2007-04-11,5556,15000,10000,8000,6000
2007-04-12,5546,15000,10000,8000,6000
2007-04-13,5553,15000,10000,8000,6000
2007-04-14,5553,15000,10000,8000,6000
2007-04-15,5553,15000,10000,8000,6000
2007-04-16,5562,15000,10000,8000,6000
2007-04-17,5601,15000,10000,8000,6000
2007-04-18,5700,15000,10000,8000,6000
2007-04-19,5782,15000,10000,8000,6000
2007-04-20,5850,15000,10000,8000,6000
2007-04-21,5850,15000,10000,8000,6000
2007-04-22,5850,15000,10000,8000,6000
2007-04-23,5922,15000,10000,8000,6000
2007-04-24,6029,15000,10000,8000,6000
2007-04-25,6122,15000,10000,8000,6000
2007-04-26,6192,15000,10000,8000,6000
2007-04-27,6230,15000,10000,8000,6000
2007-04-28,6230,15000,10000,8000,6000
2007-04-29,6230,15000,10000,8000,6000
2007-04-30,6248,15000,10000,8000,6000
2007-05-01,6255,15000,10000,8000,6000
2007-05-02,6262,15000,10000,8000,6000
2007-05-03,6276,15000,10000,8000,6000
2007-05-04,6321,15000,10000,8000,6000
2007-05-05,6321,15000,10000,8000,6000
2007-05-06,6321,15000,10000,8000,6000
2007-05-07,6321,15000,10000,8000,6000
2007-05-08,6395,15000,10000,8000,6000
2007-05-09,6478,15000,10000,8000,6000
2007-05-10,6585,15000,10000,8000,6000
2007-05-11,6648,15000,10000,8000,6000
2007-05-12,6648,15000,10000,8000,6000
2007-05-13,6648,15000,10000,8000,6000
2007-05-14,6685,15000,10000,8000,6000
2007-05-15,6688,15000,10000,8000,6000
2007-05-16,6650,15000,10000,8000,6000
2007-05-17,6603,15000,10000,8000,6000
2007-05-18,6554,15000,10000,8000,6000
2007-05-19,6554,15000,10000,8000,6000
2007-05-20,6554,15000,10000,8000,6000
2007-05-21,6521,15000,10000,8000,6000
2007-05-22,6471,15000,10000,8000,6000
2007-05-23,6422,15000,10000,8000,6000
2007-05-24,6304,15000,10000,8000,6000
2007-05-25,6212,15000,10000,8000,6000
2007-05-26,6212,15000,10000,8000,6000
2007-05-27,6212,15000,10000,8000,6000
2007-05-28,6212,15000,10000,8000,6000
2007-05-29,6123,15000,10000,8000,6000
2007-05-30,6023,15000,10000,8000,6000
2007-05-31,5971,15000,10000,8000,6000
2007-06-01,5983,15000,10000,8000,6000
2007-06-02,5983,15000,10000,8000,6000
2007-06-03,5983,15000,10000,8000,6000
2007-06-04,6011,15000,10000,8000,6000
2007-06-05,6023,15000,10000,8000,6000
2007-06-06,5988,15000,10000,8000,6000
2007-06-07,5877,15000,10000,8000,6000
2007-06-08,5736,15000,10000,8000,6000
2007-06-09,5736,15000,10000,8000,6000
2007-06-10,5736,15000,10000,8000,6000
2007-06-11,5661,15000,10000,8000,6000
2007-06-12,5538,15000,10000,8000,6000
2007-06-13,5407,15000,10000,8000,6000
2007-06-14,5302,15000,10000,8000,6000
2007-06-15,5258,15000,10000,8000,6000
2007-06-16,5258,15000,10000,8000,6000
2007-06-17,5258,15000,10000,8000,6000
2007-06-18,5254,15000,10000,8000,6000
2007-06-19,5310,15000,10000,8000,6000
2007-06-20,5438,15000,10000,8000,6000
2007-06-21,5672,15000,10000,8000,6000
2007-06-22,5922,15000,10000,8000,6000
2007-06-23,5922,15000,10000,8000,6000
2007-06-24,5922,15000,10000,8000,6000
2007-06-25,6038,15000,10000,8000,6000
2007-06-26,6105,15000,10000,8000,6000
2007-06-27,6180,15000,10000,8000,6000
2007-06-28,6234,15000,10000,8000,6000
2007-06-29,6278,15000,10000,8000,6000
2007-06-30,6278,15000,10000,8000,6000
2007-07-01,6278,15000,10000,8000,6000
2007-07-02,6304,15000,10000,8000,6000
2007-07-03,6302,15000,10000,8000,6000
2007-07-04,6293,15000,10000,8000,6000
2007-07-05,6251,15000,10000,8000,6000
2007-07-06,6201,15000,10000,8000,6000
2007-07-07,6201,15000,10000,8000,6000
2007-07-08,6201,15000,10000,8000,6000
2007-07-09,6220,15000,10000,8000,6000
2007-07-10,6301,15000,10000,8000,6000
2007-07-11,6484,15000,10000,8000,6000
2007-07-12,6656,15000,10000,8000,6000
2007-07-13,6706,15000,10000,8000,6000
2007-07-14,6706,15000,10000,8000,6000
2007-07-15,6706,15000,10000,8000,6000
2007-07-16,6692,15000,10000,8000,6000
2007-07-17,6637,15000,10000,8000,6000
2007-07-18,6582,15000,10000,8000,6000
2007-07-19,6567,15000,10000,8000,6000
2007-07-20,6601,15000,10000,8000,6000
2007-07-21,6601,15000,10000,8000,6000
2007-07-22,6601,15000,10000,8000,6000
2007-07-23,6659,15000,10000,8000,6000
2007-07-24,6720,15000,10000,8000,6000
2007-07-25,6780,15000,10000,8000,6000
2007-07-26,6838,15000,10000,8000,6000
2007-07-27,6890,15000,10000,8000,6000
2007-07-28,6890,15000,10000,8000,6000
2007-07-29,6890,15000,10000,8000,6000
2007-07-30,6936,15000,10000,8000,6000
2007-07-31,6967,15000,10000,8000,6000
2007-08-01,6993,15000,10000,8000,6000
2007-08-02,7000,15000,10000,8000,6000
2007-08-03,7007,15000,10000,8000,6000
2007-08-04,7007,15000,10000,8000,6000
2007-08-05,7007,15000,10000,8000,6000
2007-08-06,6990,15000,10000,8000,6000
2007-08-07,6966,15000,10000,8000,6000
2007-08-08,6917,15000,10000,8000,6000
2007-08-09,6936,15000,10000,8000,6000
2007-08-10,7011,15000,10000,8000,6000
2007-08-11,7011,15000,10000,8000,6000
2007-08-12,7011,15000,10000,8000,6000
2007-08-13,7066,15000,10000,8000,6000
2007-08-14,7143,15000,10000,8000,6000
2007-08-15,7231,15000,10000,8000,6000
2007-08-16,7319,15000,10000,8000,6000
2007-08-17,7313,15000,10000,8000,6000
2007-08-18,7313,15000,10000,8000,6000
2007-08-19,7313,15000,10000,8000,6000
2007-08-20,7289,15000,10000,8000,6000
2007-08-21,7243,15000,10000,8000,6000
2007-08-22,7211,15000,10000,8000,6000
2007-08-23,7237,15000,10000,8000,6000
2007-08-24,7277,15000,10000,8000,6000
2007-08-25,7277,15000,10000,8000,6000
2007-08-26,7277,15000,10000,8000,6000
2007-08-27,7277,15000,10000,8000,6000
2007-08-28,7381,15000,10000,8000,6000
2007-08-29,7474,15000,10000,8000,6000
2007-08-30,7586,15000,10000,8000,6000
2007-08-31,7702,15000,10000,8000,6000
2007-09-01,7702,15000,10000,8000,6000
2007-09-02,7702,15000,10000,8000,6000
2007-09-03,7783,15000,10000,8000,6000
2007-09-04,7907,15000,10000,8000,6000
2007-09-05,8090,15000,10000,8000,6000
2007-09-06,8270,15000,10000,8000,6000
2007-09-07,8410,15000,10000,8000,6000
2007-09-08,8410,15000,10000,8000,6000
2007-09-09,8410,15000,10000,8000,6000
2007-09-10,8477,15000,10000,8000,6000
2007-09-11,8468,15000,10000,8000,6000
2007-09-12,8421,15000,10000,8000,6000
2007-09-13,8340,15000,10000,8000,6000
2007-09-14,8302,15000,10000,8000,6000
2007-09-15,8302,15000,10000,8000,6000
2007-09-16,8302,15000,10000,8000,6000
2007-09-17,8296,15000,10000,8000,6000
2007-09-18,8313,15000,10000,8000,6000
2007-09-19,8429,15000,10000,8000,6000
2007-09-20,8619,15000,10000,8000,6000
2007-09-21,8956,15000,10000,8000,6000
2007-09-22,8956,15000,10000,8000,6000
2007-09-23,8956,15000,10000,8000,6000
2007-09-24,9082,15000,10000,8000,6000
2007-09-25,9215,15000,10000,8000,6000
2007-09-26,9259,15000,10000,8000,6000
2007-09-27,9370,15000,10000,8000,6000
2007-09-28,9474,15000,10000,8000,6000
2007-09-29,9474,15000,10000,8000,6000
2007-09-30,9474,15000,10000,8000,6000
2007-10-01,9537,15000,10000,8000,6000
2007-10-02,9566,15000,10000,8000,6000
2007-10-03,9561,15000,10000,8000,6000
2007-10-04,9513,15000,10000,8000,6000
2007-10-05,9535,15000,10000,8000,6000
2007-10-06,9535,15000,10000,8000,6000
2007-10-07,9535,15000,10000,8000,6000
2007-10-08,9665,15000,10000,8000,6000
2007-10-09,9860,15000,10000,8000,6000
2007-10-10,10218,15000,10000,8000,6000
2007-10-11,10513,15000,10000,8000,6000
2007-10-12,10695,15000,10000,8000,6000
2007-10-13,10695,15000,10000,8000,6000
2007-10-14,10695,15000,10000,8000,6000
2007-10-15,10756,15000,10000,8000,6000
2007-10-16,10748,15000,10000,8000,6000
2007-10-17,10724,15000,10000,8000,6000
2007-10-18,10732,15000,10000,8000,6000
2007-10-19,10798,15000,10000,8000,6000
2007-10-20,10798,15000,10000,8000,6000
2007-10-21,10798,15000,10000,8000,6000
2007-10-22,10853,15000,10000,8000,6000
2007-10-23,10944,15000,10000,8000,6000
2007-10-24,10984,15000,10000,8000,6000
2007-10-25,10984,15000,10000,8000,6000
2007-10-26,11025,15000,10000,8000,6000
2007-10-27,11025,15000,10000,8000,6000
2007-10-28,11025,15000,10000,8000,6000
2007-10-29,11033,15000,10000,8000,6000
2007-10-30,10886,15000,10000,8000,6000
2007-10-31,10656,15000,10000,8000,6000
2007-11-01,10581,15000,10000,8000,6000
2007-11-02,10548,15000,10000,8000,6000
2007-11-03,10548,15000,10000,8000,6000
2007-11-04,10548,15000,10000,8000,6000
2007-11-05,10539,15000,10000,8000,6000
2007-11-06,10605,15000,10000,8000,6000
2007-11-07,10674,15000,10000,8000,6000
2007-11-08,10744,15000,10000,8000,6000
2007-11-09,10867,15000,10000,8000,6000
2007-11-10,10867,15000,10000,8000,6000
2007-11-11,10867,15000,10000,8000,6000
2007-11-12,10995,15000,10000,8000,6000
2007-11-13,11039,15000,10000,8000,6000
2007-11-14,10995,15000,10000,8000,6000
2007-11-15,10938,15000,10000,8000,6000
2007-11-16,10870,15000,10000,8000,6000
2007-11-17,10870,15000,10000,8000,6000
2007-11-18,10870,15000,10000,8000,6000
2007-11-19,10780,15000,10000,8000,6000
2007-11-20,10647,15000,10000,8000,6000
2007-11-21,10517,15000,10000,8000,6000
2007-11-22,10328,15000,10000,8000,6000
2007-11-23,10148,15000,10000,8000,6000
2007-11-24,10148,15000,10000,8000,6000
2007-11-25,10148,15000,10000,8000,6000
2007-11-26,10003,15000,10000,8000,6000
2007-11-27,9897,15000,10000,8000,6000
2007-11-28,9922,15000,10000,8000,6000
2007-11-29,10092,15000,10000,8000,6000
2007-11-30,10210,15000,10000,8000,6000
2007-12-01,10210,15000,10000,8000,6000
2007-12-02,10210,15000,10000,8000,6000
2007-12-03,10270,15000,10000,8000,6000
2007-12-04,10285,15000,10000,8000,6000
2007-12-05,10216,15000,10000,8000,6000
2007-12-06,10142,15000,10000,8000,6000
2007-12-07,10068,15000,10000,8000,6000
2007-12-08,10068,15000,10000,8000,6000
2007-12-09,10068,15000,10000,8000,6000
2007-12-10,9992,15000,10000,8000,6000
2007-12-11,9929,15000,10000,8000,6000
2007-12-12,9936,15000,10000,8000,6000
2007-12-13,9949,15000,10000,8000,6000
2007-12-14,9918,15000,10000,8000,6000
2007-12-15,9918,15000,10000,8000,6000
2007-12-16,9918,15000,10000,8000,6000
2007-12-17,9848,15000,10000,8000,6000
2007-12-18,9751,15000,10000,8000,6000
2007-12-19,9591,15000,10000,8000,6000
2007-12-20,9392,15000,10000,8000,6000
2007-12-21,9236,15000,10000,8000,6000
2007-12-22,9236,15000,10000,8000,6000
2007-12-23,9236,15000,10000,8000,6000
2007-12-24,9143,15000,10000,8000,6000
2007-12-25,9143,15000,10000,8000,6000
2007-12-26,9143,15000,10000,8000,6000
2007-12-27,9143,15000,10000,8000,6000
2007-12-28,9143,15000,10000,8000,6000
2007-12-29,9143,15000,10000,8000,6000
2007-12-30,9143,15000,10000,8000,6000
2007-12-31,9143,15000,10000,8000,6000
2008-01-01,9143,15000,10000,8000,6000
2008-01-02,8891,15000,10000,8000,6000
2008-01-03,8756,15000,10000,8000,6000
2008-01-04,8702,15000,10000,8000,6000
2008-01-05,8702,15000,10000,8000,6000
2008-01-06,8702,15000,10000,8000,6000
2008-01-07,8732,15000,10000,8000,6000
2008-01-08,8730,15000,10000,8000,6000
2008-01-09,8621,15000,10000,8000,6000
2008-01-10,8333,15000,10000,8000,6000
2008-01-11,7949,15000,10000,8000,6000
2008-01-12,7949,15000,10000,8000,6000
2008-01-13,7949,15000,10000,8000,6000
2008-01-14,7654,15000,10000,8000,6000
2008-01-15,7336,15000,10000,8000,6000
2008-01-16,6915,15000,10000,8000,6000
2008-01-17,6472,15000,10000,8000,6000
2008-01-18,6462,15000,10000,8000,6000
2008-01-19,6462,15000,10000,8000,6000
2008-01-20,6462,15000,10000,8000,6000
2008-01-21,6513,15000,10000,8000,6000
2008-01-22,6437,15000,10000,8000,6000
2008-01-23,6246,15000,10000,8000,6000
2008-01-24,5948,15000,10000,8000,6000
2008-01-25,5780,15000,10000,8000,6000
2008-01-26,5780,15000,10000,8000,6000
2008-01-27,5780,15000,10000,8000,6000
2008-01-28,5692,15000,10000,8000,6000
2008-01-29,5615,15000,10000,8000,6000
2008-01-30,5900,15000,10000,8000,6000
2008-01-31,6052,15000,10000,8000,6000
2008-02-01,6134,15000,10000,8000,6000
2008-02-02,6134,15000,10000,8000,6000
2008-02-03,6134,15000,10000,8000,6000
2008-02-04,6121,15000,10000,8000,6000
2008-02-05,6032,15000,10000,8000,6000
2008-02-06,6002,15000,10000,8000,6000
2008-02-07,6135,15000,10000,8000,6000
2008-02-08,6353,15000,10000,8000,6000
2008-02-09,6353,15000,10000,8000,6000
2008-02-10,6353,15000,10000,8000,6000
2008-02-11,6520,15000,10000,8000,6000
2008-02-12,6712,15000,10000,8000,6000
2008-02-13,6965,15000,10000,8000,6000
2008-02-14,7212,15000,10000,8000,6000
2008-02-15,7355,15000,10000,8000,6000
2008-02-16,7355,15000,10000,8000,6000
2008-02-17,7355,15000,10000,8000,6000
2008-02-18,7381,15000,10000,8000,6000
2008-02-19,7319,15000,10000,8000,6000
2008-02-20,7081,15000,10000,8000,6000
2008-02-21,6998,15000,10000,8000,6000
2008-02-22,7187,15000,10000,8000,6000
2008-02-23,7187,15000,10000,8000,6000
2008-02-24,7187,15000,10000,8000,6000
2008-02-25,7296,15000,10000,8000,6000
2008-02-26,7312,15000,10000,8000,6000
2008-02-27,7299,15000,10000,8000,6000
2008-02-28,7332,15000,10000,8000,6000
2008-02-29,7613,15000,10000,8000,6000
2008-03-01,7613,15000,10000,8000,6000
2008-03-02,7613,15000,10000,8000,6000
2008-03-03,7878,15000,10000,8000,6000
2008-03-04,7993,15000,10000,8000,6000
2008-03-05,8162,15000,10000,8000,6000
2008-03-06,8403,15000,10000,8000,6000
2008-03-07,8536,15000,10000,8000,6000
2008-03-08,8536,15000,10000,8000,6000
2008-03-09,8536,15000,10000,8000,6000
2008-03-10,8624,15000,10000,8000,6000
2008-03-11,8560,15000,10000,8000,6000
2008-03-12,8346,15000,10000,8000,6000
2008-03-13,8092,15000,10000,8000,6000
2008-03-14,7972,15000,10000,8000,6000
2008-03-15,7972,15000,10000,8000,6000
2008-03-16,7972,15000,10000,8000,6000
2008-03-17,7913,15000,10000,8000,6000
2008-03-18,7893,15000,10000,8000,6000
2008-03-19,7801,15000,10000,8000,6000
2008-03-20,7684,15000,10000,8000,6000
2008-03-21,7684,15000,10000,8000,6000
2008-03-22,7684,15000,10000,8000,6000
2008-03-23,7684,15000,10000,8000,6000
2008-03-24,7684,15000,10000,8000,6000
2008-03-25,7619,15000,10000,8000,6000
2008-03-26,7679,15000,10000,8000,6000
2008-03-27,7884,15000,10000,8000,6000
2008-03-28,8069,15000,10000,8000,6000
2008-03-29,8069,15000,10000,8000,6000
2008-03-30,8069,15000,10000,8000,6000
2008-03-31,8081,15000,10000,8000,6000
2008-04-01,7890,15000,10000,8000,6000
2008-04-02,7655,15000,10000,8000,6000
2008-04-03,7690,15000,10000,8000,6000
2008-04-04,7737,15000,10000,8000,6000
2008-04-05,7737,15000,10000,8000,6000
2008-04-06,7737,15000,10000,8000,6000
2008-04-07,7741,15000,10000,8000,6000
2008-04-08,7754,15000,10000,8000,6000
2008-04-09,7760,15000,10000,8000,6000
2008-04-10,7823,15000,10000,8000,6000
2008-04-11,7889,15000,10000,8000,6000
2008-04-12,7889,15000,10000,8000,6000
2008-04-13,7889,15000,10000,8000,6000
2008-04-14,7961,15000,10000,8000,6000
2008-04-15,7957,15000,10000,8000,6000
2008-04-16,7967,15000,10000,8000,6000
2008-04-17,8038,15000,10000,8000,6000
2008-04-18,8203,15000,10000,8000,6000
2008-04-19,8203,15000,10000,8000,6000
2008-04-20,8203,15000,10000,8000,6000
2008-04-21,8350,15000,10000,8000,6000
2008-04-22,8550,15000,10000,8000,6000
2008-04-23,8862,15000,10000,8000,6000
2008-04-24,9182,15000,10000,8000,6000
2008-04-25,9329,15000,10000,8000,6000
2008-04-26,9329,15000,10000,8000,6000
2008-04-27,9329,15000,10000,8000,6000
2008-04-28,9344,15000,10000,8000,6000
2008-04-29,9273,15000,10000,8000,6000
2008-04-30,9356,15000,10000,8000,6000
2008-05-01,9439,15000,10000,8000,6000
2008-05-02,9581,15000,10000,8000,6000
2008-05-03,9581,15000,10000,8000,6000
2008-05-04,9581,15000,10000,8000,6000
2008-05-05,9581,15000,10000,8000,6000
2008-05-06,9855,15000,10000,8000,6000
2008-05-07,10104,15000,10000,8000,6000
2008-05-08,10221,15000,10000,8000,6000
2008-05-09,10237,15000,10000,8000,6000
2008-05-10,10237,15000,10000,8000,6000
2008-05-11,10237,15000,10000,8000,6000
2008-05-12,10220,15000,10000,8000,6000
2008-05-13,10354,15000,10000,8000,6000
2008-05-14,10649,15000,10000,8000,6000
2008-05-15,11067,15000,10000,8000,6000
2008-05-16,11459,15000,10000,8000,6000
2008-05-17,11459,15000,10000,8000,6000
2008-05-18,11459,15000,10000,8000,6000
2008-05-19,11709,15000,10000,8000,6000
2008-05-20,11793,15000,10000,8000,6000
2008-05-21,11771,15000,10000,8000,6000
2008-05-22,11648,15000,10000,8000,6000
2008-05-23,11465,15000,10000,8000,6000
2008-05-24,11465,15000,10000,8000,6000
2008-05-25,11465,15000,10000,8000,6000
2008-05-26,11465,15000,10000,8000,6000
2008-05-27,11269,15000,10000,8000,6000
2008-05-28,11245,15000,10000,8000,6000
2008-05-29,11347,15000,10000,8000,6000
2008-05-30,11440,15000,10000,8000,6000
2008-05-31,11440,15000,10000,8000,6000
2008-06-01,11440,15000,10000,8000,6000
2008-06-02,11458,15000,10000,8000,6000
2008-06-03,11503,15000,10000,8000,6000
2008-06-04,11623,15000,10000,8000,6000
2008-06-05,11689,15000,10000,8000,6000
2008-06-06,11612,15000,10000,8000,6000
2008-06-07,11612,15000,10000,8000,6000
2008-06-08,11612,15000,10000,8000,6000
2008-06-09,11534,15000,10000,8000,6000
2008-06-10,11409,15000,10000,8000,6000
2008-06-11,11105,15000,10000,8000,6000
2008-06-12,10142,15000,10000,8000,6000
2008-06-13,9646,15000,10000,8000,6000
2008-06-14,9646,15000,10000,8000,6000
2008-06-15,9646,15000,10000,8000,6000
2008-06-16,9419,15000,10000,8000,6000
2008-06-17,9413,15000,10000,8000,6000
2008-06-18,9437,15000,10000,8000,6000
2008-06-19,9474,15000,10000,8000,6000
2008-06-20,9428,15000,10000,8000,6000
2008-06-21,9428,15000,10000,8000,6000
2008-06-22,9428,15000,10000,8000,6000
2008-06-23,9211,15000,10000,8000,6000
2008-06-24,9139,15000,10000,8000,6000
2008-06-25,9244,15000,10000,8000,6000
2008-06-26,9473,15000,10000,8000,6000
2008-06-27,9599,15000,10000,8000,6000
2008-06-28,9599,15000,10000,8000,6000
2008-06-29,9599,15000,10000,8000,6000
2008-06-30,9589,15000,10000,8000,6000
2008-07-01,9379,15000,10000,8000,6000
2008-07-02,9139,15000,10000,8000,6000
2008-07-03,8925,15000,10000,8000,6000
2008-07-04,8854,15000,10000,8000,6000
2008-07-05,8854,15000,10000,8000,6000
2008-07-06,8854,15000,10000,8000,6000
2008-07-07,8964,15000,10000,8000,6000
2008-07-08,9147,15000,10000,8000,6000
2008-07-09,9272,15000,10000,8000,6000
2008-07-10,9313,15000,10000,8000,6000
2008-07-11,9230,15000,10000,8000,6000
2008-07-12,9230,15000,10000,8000,6000
2008-07-13,9230,15000,10000,8000,6000
2008-07-14,9181,15000,10000,8000,6000
2008-07-15,9150,15000,10000,8000,6000
2008-07-16,9092,15000,10000,8000,6000
2008-07-17,9059,15000,10000,8000,6000
2008-07-18,9012,15000,10000,8000,6000
2008-07-19,9012,15000,10000,8000,6000
2008-07-20,9012,15000,10000,8000,6000
2008-07-21,8961,15000,10000,8000,6000
2008-07-22,8904,15000,10000,8000,6000
2008-07-23,8856,15000,10000,8000,6000
2008-07-24,8771,15000,10000,8000,6000
2008-07-25,8637,15000,10000,8000,6000
2008-07-26,8637,15000,10000,8000,6000
2008-07-27,8637,15000,10000,8000,6000
2008-07-28,8513,15000,10000,8000,6000
2008-07-29,8434,15000,10000,8000,6000
2008-07-30,8388,15000,10000,8000,6000
2008-07-31,8341,15000,10000,8000,6000
2008-08-01,8280,15000,10000,8000,6000
2008-08-02,8280,15000,10000,8000,6000
2008-08-03,8280,15000,10000,8000,6000
2008-08-04,8209,15000,10000,8000,6000
2008-08-05,8100,15000,10000,8000,6000
2008-08-06,7869,15000,10000,8000,6000
2008-08-07,7521,15000,10000,8000,6000
2008-08-08,7201,15000,10000,8000,6000
2008-08-09,7201,15000,10000,8000,6000
2008-08-10,7201,15000,10000,8000,6000
2008-08-11,7055,15000,10000,8000,6000
2008-08-12,6992,15000,10000,8000,6000
2008-08-13,7097,15000,10000,8000,6000
2008-08-14,7420,15000,10000,8000,6000
2008-08-15,7557,15000,10000,8000,6000
2008-08-16,7557,15000,10000,8000,6000
2008-08-17,7557,15000,10000,8000,6000
2008-08-18,7622,15000,10000,8000,6000
2008-08-19,7543,15000,10000,8000,6000
2008-08-20,7344,15000,10000,8000,6000
2008-08-21,7190,15000,10000,8000,6000
2008-08-22,7147,15000,10000,8000,6000
2008-08-23,7147,15000,10000,8000,6000
2008-08-24,7147,15000,10000,8000,6000
2008-08-25,7147,15000,10000,8000,6000
2008-08-26,7115,15000,10000,8000,6000
2008-08-27,7050,15000,10000,8000,6000
2008-08-28,6929,15000,10000,8000,6000
2008-08-29,6809,15000,10000,8000,6000
2008-08-30,6809,15000,10000,8000,6000
2008-08-31,6809,15000,10000,8000,6000
2008-09-01,6691,15000,10000,8000,6000
2008-09-02,6466,15000,10000,8000,6000
2008-09-03,6146,15000,10000,8000,6000
2008-09-04,5874,15000,10000,8000,6000
2008-09-05,5663,15000,10000,8000,6000
2008-09-06,5663,15000,10000,8000,6000
2008-09-07,5663,15000,10000,8000,6000
2008-09-08,5492,15000,10000,8000,6000
2008-09-09,5255,15000,10000,8000,6000
2008-09-10,5026,15000,10000,8000,6000
2008-09-11,4893,15000,10000,8000,6000
2008-09-12,4800,15000,10000,8000,6000
2008-09-13,4800,15000,10000,8000,6000
2008-09-14,4800,15000,10000,8000,6000
2008-09-15,4747,15000,10000,8000,6000
2008-09-16,4760,15000,10000,8000,6000
2008-09-17,4856,15000,10000,8000,6000
2008-09-18,4958,15000,10000,8000,6000
2008-09-19,4975,15000,10000,8000,6000
2008-09-20,4975,15000,10000,8000,6000
2008-09-21,4975,15000,10000,8000,6000
2008-09-22,4949,15000,10000,8000,6000
2008-09-23,4782,15000,10000,8000,6000
2008-09-24,4489,15000,10000,8000,6000
2008-09-25,4163,14613,10000,8000,6000
2008-09-26,3746,13062,10000,8000,6000
2008-09-27,3746,13077,10000,8000,6000
2008-09-28,3746,13130,10000,8000,6000
2008-09-29,3504,12304,9851,7718,5958
2008-09-30,3217,11316,9077,7061,5463
2008-10-01,3025,10666,8493,6715,5156
2008-10-02,2990,10462,8338,6538,5073
2008-10-03,3002,10567,8400,6639,5127
2008-10-04,3002,10490,8403,6554,5088
2008-10-05,3002,10552,8426,6658,5118
2008-10-06,2992,10482,8393,6548,5073
2008-10-07,2922,10249,8264,6434,4978
2008-10-08,2764,9695,7721,6032,4679
2008-10-09,2503,8680,7024,5466,4255
2008-10-10,2221,7717,6313,4913,3802
2008-10-11,2221,7779,6195,4917,3778
2008-10-12,2221,7689,6225,4893,3799
2008-10-13,1976,6958,5495,4369,3359
2008-10-14,1809,6375,5068,4011,3065
2008-10-15,1615,5669,4491,3532,2749
2008-10-16,1506,5215,4259,3271,2573
2008-10-17,1438,5102,4032,3163,2406
2008-10-18,1438,5135,3989,3146,2455
2008-10-19,1438,5040,4060,3175,2426
2008-10-20,1355,4768,3801,2997,2280
2008-10-21,1292,4532,3656,2822,2207
2008-10-22,1221,4300,3373,2707,2102
2008-10-23,1149,4016,3232,2547,1958
2008-10-24,1102,3855,3117,2446,1846
2008-10-25,1102,3902,3069,2412,1860
2008-10-26,1102,3974,3035,2448,1865
2008-10-27,1048,3598,2933,2321,1786
2008-10-28,982,3432,2799,2180,1668
2008-10-29,925,3178,2635,2085,1582
2008-10-30,885,3177,2461,1957,1524
2008-10-31,851,2949,2331,1854,1454
2008-11-01,851,2906,2366,1839,1465
2008-11-02,851,3010,2364,1906,1441
2008-11-03,827,2982,2333,1830,1472
2008-11-04,815,2886,2278,1843,1397
2008-11-05,826,2901,2283,1756,1418
2008-11-06,839,2957,2393,1873,1461
2008-11-07,829,2972,2327,1816,1411
2008-11-08,829,2858,2339,1813,1396
2008-11-09,829,2896,2252,1801,1435
2008-11-10,820,2847,2199,1831,1421
2008-11-11,818,2805,2233,1818,1394
2008-11-12,824,2868,2288,1779,1436
2008-11-13,838,2988,2369,1849,1423
2008-11-14,841,2972,2261,1871,1448
2008-11-15,841,2976,2419,1856,1460
2008-11-16,841,2951,2362,1883,1432
2008-11-17,856,3022,2451,1874,1464
2008-11-18,865,2987,2387,1835,1491
2008-11-19,859,2991,2425,1895,1453
2008-11-20,847,2974,2375,1869,1424
2008-11-21,836,2940,2374,1849,1448
2008-11-22,836,2942,2331,1872,1427
2008-11-23,836,2919,2360,1781,1411
2008-11-24,824,2865,2351,1806,1403
2008-11-25,804,2972,2225,1741,1377
2008-11-26,763,2716,2146,1642,1266
2008-11-27,733,2586,1977,1610,1260
2008-11-28,715,2491,2030,1594,1224
2008-11-29,715,2480,2080,1582,1249
2008-11-30,715,2496,1952,1552,1211
2008-12-01,700,2465,1956,1536,1218
2008-12-02,684,2300,1950,1533,1162
2008-12-03,672,2274,1883,1499,1145
2008-12-04,666,2299,1871,1449,1138
2008-12-05,663,2331,1841,1440,1169
2008-12-06,663,2309,1839,1407,1102
2008-12-07,663,2394,1853,1446,1137
2008-12-08,671,2274,1880,1424,1142
2008-12-09,679,2339,1854,1556,1154
2008-12-10,691,2495,1932,1495,1186
2008-12-11,711,2495,2054,1597,1231
2008-12-12,764,2718,2122,1735,1309
2008-12-13,764,2777,2090,1687,1324
2008-12-14,764,2639,2133,1678,1294
2008-12-15,803,2806,2220,1727,1364
2008-12-16,828,2884,2265,1806,1388
2008-12-17,836,2828,2346,1887,1461
2008-12-18,829,2886,2293,1834,1406
2008-12-19,818,2907,2265,1800,1385
2008-12-20,818,2890,2297,1839,1403
2008-12-21,818,2894,2229,1820,1413
2008-12-22,801,2785,2173,1758,1348
2008-12-23,784,2711,2222,1731,1357
2008-12-24,774,2772,2090,1680,1310
2008-12-25,774,2684,2128,1686,1344
2008-12-26,774,2724,2095,1697,1305
2008-12-27,774,2717,2148,1720,1331
2008-12-28,774,2782,2184,1665,1317
2008-12-29,774,2758,2172,1705,1293
2008-12-30,774,2644,2263,1691,1287
2008-12-31,774,2650,2211,1676,1301
2009-01-01,774,2738,2130,1691,1336
2009-01-02,773,2702,2117,1631,1275
2009-01-03,773,2683,2273,1678,1321
2009-01-04,773,2756,2207,1668,1319
2009-01-05,772,2711,2185,1690,1279
2009-01-06,775,2715,2173,1637,1302
2009-01-07,789,2800,2220,1742,1325
2009-01-08,821,2855,2240,1833,1397
2009-01-09,872,3130,2448,1915,1512
2009-01-10,872,3013,2444,1933,1504
2009-01-11,872,3085,2405,1903,1475
2009-01-12,889,3183,2468,1909,1495
2009-01-13,911,3120,2611,2004,1518
2009-01-14,920,3203,2571,2044,1556
2009-01-15,908,3235,2625,1958,1526
2009-01-16,881,3141,2397,1924,1497
2009-01-17,881,3075,2446,1931,1498
2009-01-18,881,3047,2405,2024,1488
2009-01-19,868,3086,2382,1916,1467
2009-01-20,872,3111,2408,1861,1469
2009-01-21,900,3092,2533,1915,1520
2009-01-22,945,3247,2657,2101,1635
2009-01-23,980,3441,2717,2231,1676
2009-01-24,980,3461,2655,2148,1677
2009-01-25,980,3415,2803,2146,1686
2009-01-26,995,3516,2775,2202,1710
2009-01-27,1004,3478,2767,2185,1735
2009-01-28,1014,3443,2850,2154,1736
2009-01-29,1036,3605,2909,2310,1765
2009-01-30,1070,3748,2983,2336,1807
2009-01-31,1070,3731,3002,2386,1803
2009-02-01,1070,3687,2950,2331,1837
2009-02-02,1099,3756,3108,2421,1866
2009-02-03,1148,3992,3175,2551,1924
2009-02-04,1316,4651,3661,2927,2195
2009-02-05,1498,5306,4220,3303,2590
2009-02-06,1642,5806,4646,3618,2772
2009-02-07,1642,5706,4661,3631,2778
2009-02-08,1642,5689,4640,3626,2816
2009-02-09,1815,6377,5069,3954,3061
2009-02-10,1974,6941,5466,4305,3366
2009-02-11,2055,7213,5810,4458,3530
2009-02-12,1989,6861,5624,4399,3424
2009-02-13,1908,6635,5316,4186,3235
2009-02-14,1908,6677,5379,4222,3243
2009-02-15,1908,6702,5329,4210,3236
2009-02-16,1846,6499,5229,4031,3138
2009-02-17,1895,6640,5285,4165,3247
2009-02-18,1986,6968,5640,4356,3348
2009-02-19,2057,7204,5791,4507,3510
2009-02-20,2099,7381,5949,4645,3564
2009-02-21,2099,7362,5859,4693,3596
2009-02-22,2099,7350,5893,4651,3595
2009-02-23,2084,7281,5796,4584,3535
2009-02-24,2010,7039,5662,4460,3415
2009-02-25,1960,6884,5524,4363,3350
2009-02-26,1950,6838,5556,4248,3335
2009-02-27,1986,6970,5580,4406,3327
2009-02-28,1986,7018,5590,4392,3394
2009-03-01,1986,6964,5542,4405,3409
2009-03-02,2014,7017,5661,4455,3429
2009-03-03,2034,7163,5680,4468,3477
2009-03-04,2084,7226,5840,4646,3568
2009-03-05,2167,7530,6075,4778,3688
2009-03-06,2225,7804,6216,4882,3799
2009-03-07,2225,7813,6233,4910,3783
2009-03-08,2225,7725,6215,4924,3781
2009-03-09,2262,7898,6318,4979,3832
2009-03-10,2298,8013,6477,5067,3910
2009-03-11,2271,7924,6366,4999,3898
2009-03-12,2201,7751,6177,4822,3724
2009-03-13,2122,7462,5883,4644,3620
2009-03-14,2122,7426,5959,4626,3614
2009-03-15,2122,7400,5963,4714,3637
2009-03-16,2058,7136,5746,4521,3532
2009-03-17,1974,6980,5611,4240,3337
2009-03-18,1861,6543,5119,4106,3152
2009-03-19,1795,6247,5057,3960,3041
2009-03-20,1782,6273,5018,3864,3020
2009-03-21,1782,6233,5011,3895,3021
2009-03-22,1782,6223,4997,3894,3036
2009-03-23,1773,6227,4986,3878,2997
2009-03-24,1758,6116,4957,3904,2974
2009-03-25,1740,6073,4843,3824,2942
2009-03-26,1714,6005,4811,3758,2924
2009-03-27,1678,5848,4691,3725,2851
2009-03-28,1678,5906,4655,3706,2848
2009-03-29,1678,5966,4727,3639,2836
2009-03-30,1646,5723,4586,3603,2766
2009-03-31,1615,5569,4462,3563,2778
2009-04-01,1574,5409,4386,3435,2670
2009-04-02,1538,5375,4274,3444,2669
2009-04-03,1506,5238,4258,3317,2576
2009-04-04,1506,5281,4223,3291,2597
2009-04-05,1506,5278,4272,3280,2580
2009-04-06,1486,5121,4134,3297,2529
2009-04-07,1466,5040,4140,3206,2480
2009-04-08,1463,5135,4210,3230,2468
2009-04-09,1478,5180,4153,3217,2535
2009-04-10,1478,5152,4173,3254,2518
2009-04-11,1478,5090,4166,3233,2525
2009-04-12,1478,5197,4082,3242,2529
2009-04-13,1478,5237,4162,3228,2520
2009-04-14,1492,5236,4190,3313,2527
2009-04-15,1534,5327,4285,3360,2628
2009-04-16,1604,5616,4456,3524,2723
2009-04-17,1682,5819,4737,3698,2861
2009-04-18,1682,5940,4671,3749,2874
2009-04-19,1682,5891,4795,3727,2858
2009-04-20,1737,5991,4868,3845,2917
2009-04-21,1797,6274,4983,3906,3076
2009-04-22,1869,6565,5213,4092,3202
2009-04-23,1897,6623,5300,4209,3188
2009-04-24,1873,6542,5341,4085,3163
2009-04-25,1873,6494,5209,4123,3225
2009-04-26,1873,6584,5240,4089,3189
2009-04-27,1839,6404,5128,4017,3126
2009-04-28,1790,6157,5032,3988,3034
2009-04-29,1772,6183,4941,3920,2992
2009-04-30,1786,6300,4955,3959,3032
2009-05-01,1806,6302,5049,3997,3090
2009-05-02,1806,6408,5045,3969,3070
2009-05-03,1806,6342,5033,3952,3082
2009-05-04,1806,6338,5035,3961,3106
2009-05-05,1897,6633,5359,4168,3213
2009-05-06,2065,7224,5769,4596,3517
2009-05-07,2194,7666,6098,4787,3750
2009-05-08,2214,7734,6181,4854,3745
2009-05-09,2214,7776,6201,4843,3767
2009-05-10,2214,7702,6146,4902,3801
2009-05-11,2215,7699,6267,4929,3759
2009-05-12,2253,7829,6343,4966,3851
2009-05-13,2332,8264,6587,5142,3962
2009-05-14,2432,8539,6825,5353,4170
2009-05-15,2544,8919,7039,5610,4292
2009-05-16,2544,8851,7185,5620,4326
2009-05-17,2544,8935,7089,5610,4295
2009-05-18,2605,9112,7263,5746,4414
2009-05-19,2644,9265,7409,5840,4481
2009-05-20,2665,9279,7517,5810,4525
2009-05-21,2707,9483,7622,5955,4578
2009-05-22,2786,9730,7837,6138,4735
2009-05-23,2786,9713,7788,6142,4745
2009-05-24,2786,9788,7788,6124,4706
2009-05-25,2786,9674,7815,6134,4724
2009-05-26,2942,10325,8232,6451,5052
2009-05-27,3164,11108,8895,6908,5385
2009-05-28,3298,11499,9268,7285,5570
2009-05-29,3494,12188,9807,7653,5912
2009-05-30,3494,12218,9682,7682,5944
2009-05-31,3494,12243,9788,7664,5942
2009-06-01,3681,12876,10000,8000,6000
2009-06-02,4106,14393,10000,8000,6000
2009-06-03,4291,15000,10000,8000,6000
2009-06-04,4093,14300,10000,8000,6000
2009-06-05,3809,13246,10000,8000,6000
2009-06-06,3809,13373,10000,8000,6000
2009-06-07,3809,13416,10000,8000,6000
2009-06-08,3646,12781,10000,8000,6000
2009-06-09,3518,12259,9907,7692,6000
2009-06-10,3452,12076,9706,7596,5867
2009-06-11,3483,12135,9764,7722,5930
2009-06-12,3583,12573,10000,7887,6000
2009-06-13,3583,12473,10000,7886,6000
2009-06-14,3583,12525,10000,7883,6000
2009-06-15,3763,13120,10000,8000,6000
2009-06-16,3951,13835,10000,8000,6000
2009-06-17,4026,14073,10000,8000,6000
2009-06-18,4073,14264,10000,8000,6000
2009-06-19,4070,14246,10000,8000,6000
2009-06-20,4070,14196,10000,8000,6000
2009-06-21,4070,14276,10000,8000,6000
2009-06-22,4029,14099,10000,8000,6000
2009-06-23,3874,13510,10000,8000,6000
2009-06-24,3751,13241,10000,8000,6000
2009-06-25,3703,12984,10000,8000,6000
2009-06-26,3703,12953,10000,8000,6000
2009-06-27,3703,13031,10000,8000,6000
2009-06-28,3703,13053,10000,8000,6000
2009-06-29,3734,13062,10000,8000,6000
2009-06-30,3757,13167,10000,8000,6000
2009-07-01,3742,13048,10000,8000,6000
2009-07-02,3672,12845,10000,8000,6000
2009-07-03,3520,12310,9936,7742,5994
2009-07-04,3520,12329,9817,7736,5946
2009-07-05,3520,12337,9877,7751,5963
2009-07-06,3375,11840,9424,7386,5751
2009-07-07,3216,11268,9050,7100,5470
2009-07-08,3107,10814,8680,6809,5288
2009-07-09,3018,10516,8462,6632,5131
2009-07-10,2985,10420,8332,6577,5074
2009-07-11,2985,10433,8395,6539,5077
2009-07-12,2985,10500,8332,6508,5053
2009-07-13,2975,10354,8397,6534,5053
2009-07-14,3097,10822,8632,6770,5240
2009-07-15,3324,11682,9253,7334,5638
2009-07-16,3501,12239,9841,7668,5976
2009-07-17,3542,12420,9894,7837,6000
2009-07-18,3542,12390,9917,7792,6000
2009-07-19,3542,12410,9905,7794,6000
2009-07-20,3511,12277,9778,7665,5961
2009-07-21,3455,12126,9671,7605,5853
2009-07-22,3407,11847,9590,7493,5784
2009-07-23,3355,11724,9434,7342,5707
2009-07-24,3345,11722,9375,7362,5698
2009-07-25,3345,11734,9410,7347,5689
2009-07-26,3345,11782,9324,7352,5699
2009-07-27,3407,11905,9527,7496,5761
2009-07-28,3475,12236,9746,7631,5925
2009-07-29,3499,12214,9792,7705,5926
2009-07-30,3445,12124,9636,7576,5876
2009-07-31,3350,11766,9332,7384,5705
2009-08-01,3350,11679,9297,7354,5658
2009-08-02,3350,11740,9413,7338,5710
2009-08-03,3251,11376,9113,7131,5547
2009-08-04,3159,11088,8881,6993,5395
2009-08-05,3051,10667,8525,6741,5171
2009-08-06,2907,10159,8111,6432,4945
2009-08-07,2772,9770,7762,6137,4726
2009-08-08,2772,9697,7796,6084,4727
2009-08-09,2772,9743,7752,6107,4721
2009-08-10,2689,9400,7561,5918,4563
2009-08-11,2623,9264,7304,5790,4479
2009-08-12,2612,9108,7307,5738,4460
2009-08-13,2685,9367,7515,5910,4561
2009-08-14,2752,9708,7755,6057,4663
2009-08-15,2752,9610,7714,6070,4664
2009-08-16,2752,9712,7775,6074,4706
2009-08-17,2774,9754,7713,6106,4735
2009-08-18,2704,9456,7576,5953,4596
2009-08-19,2614,9058,7326,5758,4440
2009-08-20,2534,8868,7120,5624,4272
2009-08-21,2468,8643,6878,5378,4194
2009-08-22,2468,8696,6978,5401,4172
2009-08-23,2468,8717,6911,5450,4199
2009-08-24,2437,8495,6780,5369,4167
2009-08-25,2388,8398,6686,5261,4040
2009-08-26,2427,8533,6783,5359,4131
2009-08-27,2425,8541,6901,5341,4142
2009-08-28,2421,8498,6821,5309,4120
2009-08-29,2421,8376,6781,5345,4105
2009-08-30,2421,8466,6774,5327,4116
2009-08-31,2421,8416,6817,5313,4135
2009-09-01,2423,8470,6824,5351,4124
2009-09-02,2413,8495,6640,5328,4102
2009-09-03,2414,8464,6785,5317,4127
2009-09-04,2415,8510,6763,5365,4116
2009-09-05,2415,8470,6710,5353,4081
2009-09-06,2415,8388,6797,5343,4118
2009-09-07,2429,8375,6891,5421,4148
2009-09-08,2462,8624,6916,5412,4161
2009-09-09,2491,8708,7019,5466,4189
2009-09-10,2492,8673,7050,5508,4216
2009-09-11,2468,8553,6877,5422,4194
2009-09-12,2468,8601,6836,5430,4216
2009-09-13,2468,8628,6937,5400,4178
2009-09-14,2450,8608,6850,5408,4176
2009-09-15,2431,8518,6752,5304,4075
2009-09-16,2415,8533,6759,5310,4109
2009-09-17,2390,8313,6721,5258,4055
2009-09-18,2356,8290,6591,5170,4047
2009-09-19,2356,8248,6565,5130,3967
2009-09-20,2356,8281,6588,5130,4005
2009-09-21,2318,8091,6490,5077,3903
2009-09-22,2246,7915,6212,4957,3807
2009-09-23,2175,7627,6084,4794,3663
2009-09-24,2163,7537,6003,4758,3723
2009-09-25,2183,7640,6139,4776,3704
2009-09-26,2183,7629,6050,4813,3707
2009-09-27,2183,7665,6153,4749,3710
2009-09-28,2192,7613,6121,4751,3704
2009-09-29,2185,7646,6096,4800,3736
2009-09-30,2220,7790,6228,4868,3787
2009-10-01,2284,7996,6361,5055,3901
2009-10-02,2357,8317,6611,5190,3983
2009-10-03,2357,8288,6570,5235,4030
2009-10-04,2357,8249,6577,5169,4027
2009-10-05,2362,8278,6630,5211,4011
2009-10-06,2441,8558,6789,5363,4168
2009-10-07,2546,8931,7078,5643,4334
2009-10-08,2647,9173,7422,5817,4468
2009-10-09,2695,9417,7545,5955,4578
2009-10-10,2695,9358,7553,5897,4572
2009-10-11,2695,9496,7559,5917,4583
2009-10-12,2696,9433,7551,5929,4604
2009-10-13,2646,9251,7433,5859,4465
2009-10-14,2597,9134,7275,5647,4406
2009-10-15,2688,9429,7446,5904,4553
2009-10-16,2728,9492,7568,5991,4622
2009-10-17,2728,9544,7716,5939,4621
2009-10-18,2728,9531,7638,5988,4639
2009-10-19,2766,9594,7783,6039,4713
2009-10-20,2832,9877,7916,6160,4821
2009-10-21,2917,10200,8165,6410,4963
2009-10-22,3001,10498,8385,6593,5114
2009-10-23,3043,10576,8619,6687,5221
2009-10-24,3043,10708,8531,6702,5176
2009-10-25,3043,10645,8499,6668,5194
2009-10-26,3044,10656,8457,6751,5194
2009-10-27,3013,10566,8515,6628,5158
2009-10-28,2986,10412,8354,6608,5087
2009-10-29,3013,10568,8466,6578,5105
2009-10-30,3103,10842,8723,6802,5281
2009-10-31,3103,10816,8670,6847,5280
2009-11-01,3103,10889,8715,6820,5291
2009-11-02,3185,11222,8894,6975,5397
2009-11-03,3247,11401,9052,7088,5545
2009-11-04,3295,11579,9273,7271,5602
2009-11-05,3335,11646,9332,7357,5686
2009-11-06,3393,11796,9521,7472,5774
2009-11-07,3393,11950,9517,7450,5771
2009-11-08,3393,11978,9526,7431,5773
2009-11-09,3480,12257,9682,7654,5929
2009-11-10,3615,12636,10000,7914,6000
2009-11-11,3748,13060,10000,8000,6000
2009-11-12,3954,13786,10000,8000,6000
2009-11-13,4111,14304,10000,8000,6000
2009-11-14,4111,14383,10000,8000,6000
2009-11-15,4111,14469,10000,8000,6000
2009-11-16,4220,14763,10000,8000,6000
2009-11-17,4381,15000,10000,8000,6000
2009-11-18,4643,15000,10000,8000,6000
2009-11-19,4661,15000,10000,8000,6000
2009-11-20,4507,15000,10000,8000,6000
2009-11-21,4507,15000,10000,8000,6000
2009-11-22,4507,15000,10000,8000,6000
2009-11-23,4423,15000,10000,8000,6000
2009-11-24,4340,15000,10000,8000,6000
2009-11-25,4234,14802,10000,8000,6000
2009-11-26,4119,14359,10000,8000,6000
2009-11-27,3974,13973,10000,8000,6000
2009-11-28,3974,13970,10000,8000,6000
2009-11-29,3974,13917,10000,8000,6000
2009-11-30,3887,13541,10000,8000,6000
2009-12-01,3836,13365,10000,8000,6000
2009-12-02,3918,13718,10000,8000,6000
2009-12-03,4062,14192,10000,8000,6000
2009-12-04,4107,14357,10000,8000,6000
2009-12-05,4107,14426,10000,8000,6000
2009-12-06,4107,14411,10000,8000,6000
2009-12-07,4036,14195,10000,8000,6000
2009-12-08,3902,13607,10000,8000,6000
2009-12-09,3791,13251,10000,8000,6000
2009-12-10,3671,12886,10000,8000,6000
2009-12-11,3579,12549,10000,7908,6000
2009-12-12,3579,12603,9997,7875,6000
2009-12-13,3579,12548,10000,7860,6000
2009-12-14,3530,12447,9841,7714,6000
2009-12-15,3518,12340,9850,7713,5948
2009-12-16,3474,12212,9844,7663,5910
2009-12-17,3376,11800,9527,7418,5750
2009-12-18,3258,11404,9125,7179,5557
2009-12-19,3258,11449,9129,7107,5509
2009-12-20,3258,11484,9083,7181,5506
2009-12-21,3154,11075,8799,6972,5392
2009-12-22,3063,10716,8591,6685,5191
2009-12-23,3023,10649,8443,6662,5129
2009-12-24,3005,10408,8450,6651,5121
2009-12-25,3005,10446,8477,6661,5085
2009-12-26,3005,10552,8427,6596,5103
2009-12-27,3005,10518,8418,6634,5126
2009-12-28,3005,10548,8347,6654,5080
2009-12-29,3005,10521,8444,6623,5098
2009-12-30,3005,10546,8368,6650,5086
2009-12-31,3005,10477,8397,6610,5093
2010-01-01,3005,10546,8452,6623,5132
2010-01-02,3005,10567,8455,6592,5137
2010-01-03,3005,10579,8395,6606,5114
2010-01-04,3140,11091,8776,6921,5349
2010-01-05,3270,11457,9128,7173,5569
2010-01-06,3259,11420,9077,7163,5527
2010-01-07,3149,10945,8792,6951,5358
2010-01-08,3140,10963,8727,6970,5312
2010-01-09,3140,10980,8819,6847,5319
2010-01-10,3140,11043,8808,6967,5336
2010-01-11,3148,10987,8837,6918,5330
2010-01-12,3160,11100,8810,6981,5347
2010-01-13,3175,11112,8842,7020,5383
2010-01-14,3235,11314,9060,7164,5522
2010-01-15,3299,11559,9240,7236,5639
2010-01-16,3299,11527,9231,7251,5608
2010-01-17,3299,11525,9226,7256,5620
2010-01-18,3295,11447,9294,7238,5590
2010-01-19,3208,11216,8999,7097,5412
2010-01-20,3158,11029,8921,6945,5351
2010-01-21,3170,11069,8927,6925,5383
2010-01-22,3204,11235,9039,7030,5450
2010-01-23,3204,11247,8928,7001,5445
2010-01-24,3204,11226,8995,7042,5441
2010-01-25,3223,11330,9007,7111,5468
2010-01-26,3205,11246,8907,7031,5455
2010-01-27,3118,10898,8790,6848,5273
2010-01-28,2963,10347,8285,6510,5053
2010-01-29,2848,9984,7932,6270,4830
2010-01-30,2848,9997,7958,6281,4883
2010-01-31,2848,10038,7943,6290,4835
2010-02-01,2745,9667,7658,6107,4657
2010-02-02,2691,9391,7526,5924,4563
2010-02-03,2673,9350,7554,5903,4535
2010-02-04,2685,9431,7491,5859,4577
2010-02-05,2715,9556,7668,5962,4615
2010-02-06,2715,9549,7636,5965,4635
2010-02-07,2715,9499,7618,5942,4625
2010-02-08,2722,9464,7652,5972,4628
2010-02-09,2706,9421,7577,5950,4608
2010-02-10,2630,9219,7415,5771,4495
2010-02-11,2575,9030,7233,5743,4391
2010-02-12,2571,8944,7132,5672,4376
2010-02-13,2571,9001,7211,5716,4379
2010-02-14,2571,9030,7230,5701,4348
2010-02-15,2566,8923,7173,5626,4414
2010-02-16,2598,9148,7279,5717,4427
2010-02-17,2661,9295,7426,5841,4536
2010-02-18,2704,9527,7516,5944,4596
2010-02-19,2714,9472,7537,5942,4568
2010-02-20,2714,9448,7538,5958,4608
2010-02-21,2714,9476,7626,5982,4615
2010-02-22,2721,9519,7519,5996,4609
2010-02-23,2724,9515,7601,6000,4614
2010-02-24,2707,9464,7549,5954,4595
2010-02-25,2711,9505,7580,5990,4624
2010-02-26,2738,9574,7592,6016,4680
2010-02-27,2738,9580,7683,6065,4658
2010-02-28,2738,9498,7615,5968,4643
2010-03-01,2760,9680,7773,6092,4685
2010-03-02,2792,9768,7793,6157,4748
2010-03-03,2911,10269,8147,6384,4953
2010-03-04,3121,10877,8739,6856,5314
2010-03-05,3242,11257,9087,7146,5503
2010-03-06,3242,11378,9079,7160,5522
2010-03-07,3242,11364,9061,7080,5520
2010-03-08,3259,11356,9139,7189,5532
2010-03-09,3210,11159,9007,7048,5423
2010-03-10,3230,11382,9013,7140,5473
2010-03-11,3316,11677,9302,7240,5669
2010-03-12,3506,12147,9864,7787,5926
2010-03-13,3506,12248,9845,7687,5987
2010-03-14,3506,12354,9854,7756,5926
2010-03-15,3574,12485,10000,7861,6000
2010-03-16,3498,12218,9757,7671,5939
2010-03-17,3427,11980,9563,7547,5862
2010-03-18,3396,11830,9522,7502,5774
2010-03-19,3379,11741,9499,7387,5740
2010-03-20,3379,11879,9573,7455,5726
2010-03-21,3379,11734,9500,7433,5755
2010-03-22,3337,11692,9297,7359,5663
2010-03-23,3280,11524,9153,7216,5571
2010-03-24,3243,11278,9172,7117,5506
2010-03-25,3177,11073,8887,6956,5415
2010-03-26,3098,10904,8676,6836,5282
2010-03-27,3098,10870,8636,6836,5249
2010-03-28,3098,10812,8737,6835,5254
2010-03-29,3021,10634,8479,6659,5121
2010-03-30,2982,10497,8319,6589,5073
2010-03-31,2998,10506,8355,6638,5115
2010-04-01,2991,10423,8387,6524,5089
2010-04-02,2991,10448,8377,6510,5041
2010-04-03,2991,10483,8408,6632,5100
2010-04-04,2991,10459,8397,6540,5058
2010-04-05,2991,10515,8364,6548,5070
2010-04-06,2981,10357,8325,6550,5072
2010-04-07,2947,10240,8245,6434,5008
2010-04-08,2922,10236,8160,6417,4985
2010-04-09,2913,10171,8151,6380,4940
2010-04-10,2913,10164,8157,6402,4933
2010-04-11,2913,10107,8120,6417,4946
2010-04-12,2911,10189,8176,6394,4968
2010-04-13,2928,10245,8184,6430,4990
2010-04-14,2966,10414,8271,6533,5044
2010-04-15,3001,10507,8389,6634,5128
2010-04-16,3009,10525,8435,6668,5138
2010-04-17,3009,10590,8429,6613,5131
2010-04-18,3009,10466,8442,6675,5092
2010-04-19,3002,10534,8442,6631,5119
2010-04-20,2998,10409,8447,6559,5093
2010-04-21,3009,10490,8437,6582,5107
2010-04-22,3006,10460,8374,6596,5097
2010-04-23,3013,10585,8426,6672,5119
2010-04-24,3013,10542,8396,6614,5110
2010-04-25,3013,10545,8504,6572,5125
2010-04-26,3020,10515,8535,6637,5131
2010-04-27,3203,11196,8994,6987,5450
2010-04-28,3329,11613,9356,7292,5670
2010-04-29,3359,11776,9415,7372,5704
2010-04-30,3354,11689,9406,7383,5687
2010-05-01,3354,11805,9327,7410,5662
2010-05-02,3354,11655,9388,7400,5717
2010-05-03,3354,11699,9356,7343,5703
2010-05-04,3352,11816,9397,7363,5695
2010-05-05,3379,11805,9459,7436,5768
2010-05-06,3468,12072,9788,7622,5870
2010-05-07,3608,12639,10000,7930,6000
2010-05-08,3608,12604,10000,7886,6000
2010-05-09,3608,12586,10000,7903,6000
2010-05-10,3707,12920,10000,8000,6000
2010-05-11,3822,13515,10000,8000,6000
2010-05-12,3888,13595,10000,8000,6000
2010-05-13,3914,13603,10000,8000,6000
2010-05-14,3929,13826,10000,8000,6000
2010-05-15,3929,13782,10000,8000,6000
2010-05-16,3929,13713,10000,8000,6000
2010-05-17,3922,13680,10000,8000,6000
2010-05-18,3882,13621,10000,8000,6000
2010-05-19,3832,13400,10000,8000,6000
2010-05-20,3803,13214,10000,8000,6000
2010-05-21,3844,13543,10000,8000,6000
2010-05-22,3844,13432,10000,8000,6000
2010-05-23,3844,13529,10000,8000,6000
2010-05-24,3943,13864,10000,8000,6000
2010-05-25,4187,14604,10000,8000,6000
2010-05-26,4209,14783,10000,8000,6000
2010-05-27,4156,14513,10000,8000,6000
2010-05-28,4078,14180,10000,8000,6000
2010-05-29,4078,14252,10000,8000,6000
2010-05-30,4078,14293,10000,8000,6000
2010-05-31,4078,14250,10000,8000,6000
2010-06-01,4074,14244,10000,8000,6000
2010-06-02,4041,14201,10000,8000,6000
2010-06-03,3933,13771,10000,8000,6000
2010-06-04,3844,13412,10000,8000,6000
2010-06-05,3844,13489,10000,8000,6000
2010-06-06,3844,13464,10000,8000,6000
2010-06-07,3733,12939,10000,8000,6000
2010-06-08,3579,12548,10000,7849,6000
2010-06-09,3514,12319,9834,7729,5995
2010-06-10,3423,11982,9647,7505,5844
2010-06-11,3288,11553,9167,7237,5568
2010-06-12,3288,11474,9176,7264,5618
2010-06-13,3288,11525,9173,7198,5629
2010-06-14,3115,10824,8663,6807,5316
2010-06-15,3020,10590,8419,6645,5167
2010-06-16,2893,10223,8105,6342,4934
2010-06-17,2784,9694,7767,6126,4716
2010-06-18,2694,9391,7389,5936,4590
2010-06-19,2694,9393,7586,5862,4559
2010-06-20,2694,9435,7476,5947,4568
2010-06-21,2601,9050,7306,5687,4428
2010-06-22,2547,8936,7133,5603,4334
2010-06-23,2515,8845,7127,5513,4285
2010-06-24,2502,8784,7045,5488,4218
2010-06-25,2501,8665,6983,5553,4249
2010-06-26,2501,8803,6975,5512,4263
2010-06-27,2501,8800,7063,5529,4267
2010-06-28,2482,8729,6891,5465,4236
2010-06-29,2447,8583,6859,5402,4165
2010-06-30,2406,8432,6732,5306,4083
2010-07-01,2351,8280,6569,5180,4007
2010-07-02,2280,8076,6398,5049,3870
2010-07-03,2280,7932,6392,5021,3894
2010-07-04,2280,8034,6402,5085,3885
2010-07-05,2216,7752,6210,4904,3766
2010-07-06,2127,7438,5972,4645,3601
2010-07-07,2018,6986,5654,4434,3453
2010-07-08,1940,6776,5406,4280,3309
2010-07-09,1902,6607,5326,4186,3275
2010-07-10,1902,6634,5297,4205,3244
2010-07-11,1902,6602,5294,4208,3246
2010-07-12,1840,6418,5139,4007,3099
2010-07-13,1790,6245,5007,3976,3049
2010-07-14,1709,5986,4787,3745,2899
2010-07-15,1700,5869,4797,3722,2907
2010-07-16,1720,5948,4796,3766,2931
2010-07-17,1720,6038,4824,3808,2944
2010-07-18,1720,5980,4821,3776,2967
2010-07-19,1732,6116,4825,3790,2928
2010-07-20,1761,6175,4934,3861,3013
2010-07-21,1781,6264,5027,3864,3041
2010-07-22,1801,6374,5050,3937,3101
2010-07-23,1826,6376,5122,3980,3118
2010-07-24,1826,6362,5085,4009,3116
2010-07-25,1826,6435,5192,4037,3121
2010-07-26,1841,6469,5129,4067,3148
2010-07-27,1869,6532,5166,4150,3206
2010-07-28,1901,6723,5357,4213,3215
2010-07-29,1942,6786,5433,4257,3294
2010-07-30,1967,6886,5495,4328,3379
2010-07-31,1967,6886,5486,4326,3305
2010-08-01,1967,6838,5582,4263,3342
2010-08-02,1977,6923,5550,4313,3364
2010-08-03,1964,6944,5521,4316,3335
2010-08-04,1957,6872,5486,4300,3359
2010-08-05,1978,6925,5549,4367,3372
2010-08-06,2030,7097,5740,4480,3443
2010-08-07,2030,7122,5674,4413,3438
2010-08-08,2030,7142,5626,4482,3457
2010-08-09,2114,7429,5954,4656,3617
2010-08-10,2212,7725,6213,4885,3763
2010-08-11,2378,8339,6663,5264,4040
2010-08-12,2437,8553,6842,5357,4129
2010-08-13,2468,8588,6896,5467,4203
2010-08-14,2468,8646,6911,5403,4202
2010-08-15,2468,8530,6905,5401,4181
2010-08-16,2488,8732,6943,5486,4250
2010-08-17,2515,8836,7090,5522,4310
2010-08-18,2558,8990,7106,5635,4350
2010-08-19,2644,9234,7498,5877,4501
2010-08-20,2756,9661,7752,6075,4663
2010-08-21,2756,9717,7646,6070,4700
2010-08-22,2756,9717,7708,6037,4694
2010-08-23,2841,9942,7948,6199,4823
2010-08-24,2861,10020,8026,6292,4849
2010-08-25,2773,9761,7725,6133,4751
2010-08-26,2703,9385,7570,5937,4603
2010-08-27,2712,9476,7589,5978,4592
2010-08-28,2712,9559,7564,6009,4628
2010-08-29,2712,9541,7559,6008,4615
2010-08-30,2712,9510,7630,5979,4612
2010-08-31,2713,9420,7529,5974,4632
2010-09-01,2741,9591,7694,5985,4607
2010-09-02,2835,9893,7970,6218,4783
2010-09-03,2876,10083,8044,6319,4917
2010-09-04,2876,10026,8055,6302,4887
2010-09-05,2876,10015,8099,6335,4881
2010-09-06,2876,9963,8025,6385,4862
2010-09-07,2918,10274,8146,6465,4964
2010-09-08,2975,10393,8310,6552,5064
2010-09-09,2988,10466,8413,6597,5108
2010-09-10,2995,10482,8438,6567,5099
2010-09-11,2995,10429,8330,6633,5085
2010-09-12,2995,10420,8426,6542,5100
2010-09-13,2976,10366,8366,6575,5081
2010-09-14,2940,10254,8294,6483,5016
2010-09-15,2840,9958,7967,6225,4840
2010-09-16,2737,9540,7662,6015,4658
2010-09-17,2676,9453,7539,5853,4538
2010-09-18,2676,9417,7521,5854,4529
2010-09-19,2676,9406,7583,5839,4525
2010-09-20,2628,9192,7397,5805,4475
2010-09-21,2562,9043,7180,5673,4365
2010-09-22,2486,8690,6914,5404,4248
2010-09-23,2461,8612,6868,5469,4195
2010-09-24,2444,8562,6786,5376,4176
2010-09-25,2444,8589,6835,5385,4152
2010-09-26,2444,8586,6880,5333,4170
2010-09-27,2451,8555,6863,5432,4147
2010-09-28,2504,8737,7052,5515,4256
2010-09-29,2468,8670,6924,5464,4159
2010-09-30,2446,8597,6833,5418,4159
2010-10-01,2452,8562,6869,5434,4193
2010-10-02,2452,8503,6884,5375,4170
2010-10-03,2452,8572,6871,5388,4183
2010-10-04,2478,8704,6944,5433,4218
2010-10-05,2569,9082,7162,5679,4356
2010-10-06,2639,9177,7372,5816,4483
2010-10-07,2662,9296,7544,5888,4549
2010-10-08,2696,9417,7598,5965,4598
2010-10-09,2696,9504,7490,5879,4571
2010-10-10,2696,9434,7454,5972,4555
2010-10-11,2695,9387,7549,5958,4586
2010-10-12,2719,9544,7649,5971,4611
2010-10-13,2748,9598,7674,6056,4668
2010-10-14,2769,9630,7794,6088,4678
2010-10-15,2762,9622,7736,6095,4716
2010-10-16,2762,9754,7727,6065,4693
2010-10-17,2762,9686,7764,6091,4696
2010-10-18,2756,9651,7696,6065,4669
2010-10-19,2744,9592,7672,6024,4659
2010-10-20,2729,9566,7668,6010,4642
2010-10-21,2720,9534,7615,6065,4612
2010-10-22,2727,9559,7712,5979,4632
2010-10-23,2727,9550,7663,5992,4664
2010-10-24,2727,9588,7661,5979,4601
2010-10-25,2748,9619,7692,6029,4675
2010-10-26,2778,9674,7813,6136,4707
2010-10-27,2784,9713,7782,6146,4760
2010-10-28,2707,9376,7591,5955,4598
2010-10-29,2678,9474,7462,5922,4532
2010-10-30,2678,9416,7540,5915,4548
2010-10-31,2678,9331,7510,5887,4560
2010-11-01,2648,9254,7494,5780,4557
2010-11-02,2600,9068,7376,5745,4378
2010-11-03,2542,8974,7148,5597,4297
2010-11-04,2510,8714,7031,5523,4293
2010-11-05,2495,8738,6948,5475,4211
2010-11-06,2495,8727,7022,5511,4242
2010-11-07,2495,8774,6994,5499,4232
2010-11-08,2482,8682,6971,5453,4207
2010-11-09,2467,8547,6977,5391,4190
2010-11-10,2454,8576,6838,5431,4165
2010-11-11,2366,8232,6588,5223,4043
2010-11-12,2313,8099,6467,5096,3959
2010-11-13,2313,8167,6509,5009,3941
2010-11-14,2313,8009,6499,5087,3927
2010-11-15,2261,7873,6295,4967,3849
2010-11-16,2219,7739,6243,4863,3788
2010-11-17,2188,7639,6078,4836,3740
2010-11-18,2164,7611,6026,4782,3686
2010-11-19,2164,7565,6055,4774,3709
2010-11-20,2164,7595,6037,4792,3666
2010-11-21,2164,7543,6095,4730,3702
2010-11-22,2179,7638,6113,4780,3718
2010-11-23,2199,7735,6228,4840,3726
2010-11-24,2213,7709,6187,4850,3767
2010-11-25,2200,7739,6155,4862,3746
2010-11-26,2170,7598,6124,4758,3686
2010-11-27,2170,7647,6072,4813,3686
2010-11-28,2170,7585,6136,4746,3659
2010-11-29,2145,7527,6028,4783,3633
2010-11-30,2099,7344,5783,4679,3564
2010-12-01,2096,7331,5916,4608,3552
2010-12-02,2133,7478,6009,4727,3609
2010-12-03,2168,7615,6108,4758,3707
2010-12-04,2168,7526,5994,4800,3684
2010-12-05,2168,7660,6044,4764,3729
2010-12-06,2179,7534,6078,4755,3709
2010-12-07,2173,7571,6051,4675,3715
2010-12-08,2144,7499,6073,4709,3641
2010-12-09,2111,7409,5910,4653,3575
2010-12-10,2095,7411,5865,4649,3567
2010-12-11,2095,7240,5888,4610,3587
2010-12-12,2095,7307,5889,4639,3560
2010-12-13,2076,7160,5679,4554,3538
2010-12-14,2069,7243,5767,4542,3522
2010-12-15,2047,7178,5675,4535,3478
2010-12-16,2028,7178,5694,4388,3447
2010-12-17,1999,7003,5586,4398,3378
2010-12-18,1999,7049,5598,4386,3398
2010-12-19,1999,7026,5514,4439,3411
2010-12-20,1955,6821,5462,4285,3329
2010-12-21,1886,6531,5325,4165,3210
2010-12-22,1373,4819,3901,3048,2349
2010-12-23,1373,4731,3873,2976,2338
2010-12-24,1773,6270,4911,3896,3014
2010-12-25,1773,6197,5015,3888,3029
2010-12-26,1773,6265,4993,3929,3017
2010-12-27,1773,6181,4960,3921,3009
2010-12-28,1773,6219,4883,3894,3023
2010-12-29,1773,6216,5003,3869,3013
2010-12-30,1773,6203,4941,3932,3008
2010-12-31,1773,6184,4978,3899,3017
2011-01-01,1773,6225,4967,3852,3017
2011-01-02,1773,6159,5026,3855,2992
2011-01-03,1773,6145,4959,3914,3021
2011-01-04,1693,5988,4740,3686,2915
2011-01-05,1621,5710,4602,3622,2736
2011-01-06,1544,5407,4297,3369,2615
2011-01-07,1519,5400,4286,3342,2638
2011-01-08,1519,5303,4245,3347,2566
2011-01-09,1519,5383,4213,3320,2608
2011-01-10,1495,5241,4186,3222,2537
2011-01-11,1480,5129,4172,3262,2517
2011-01-12,1453,5178,4123,3174,2467
2011-01-13,1438,5083,4085,3167,2453
2011-01-14,1439,5030,4017,3162,2415
2011-01-15,1439,5073,3990,3174,2450
2011-01-16,1439,5016,4016,3213,2438
2011-01-17,1439,5078,3982,3149,2409
2011-01-18,1432,4892,4001,3136,2457
2011-01-19,1411,4888,3937,3054,2357
2011-01-20,1393,4924,3929,3059,2411
2011-01-21,1370,4783,3748,3026,2341
2011-01-22,1370,4805,3807,2999,2302
2011-01-23,1370,4728,3807,3026,2356
2011-01-24,1345,4800,3813,2954,2271
2011-01-25,1292,4582,3573,2803,2182
2011-01-26,1234,4309,3464,2724,2062
2011-01-27,1186,4131,3316,2603,1999
2011-01-28,1137,4031,3225,2505,1918
2011-01-29,1137,4079,3207,2484,1949
2011-01-30,1137,4027,3188,2482,1956
2011-01-31,1107,3983,3077,2440,1857
2011-02-01,1084,3748,2961,2378,1848
2011-02-02,1064,3683,2989,2393,1772
2011-02-03,1045,3598,2947,2323,1782
2011-02-04,1043,3673,2857,2311,1816
2011-02-05,1043,3659,2871,2289,1738
2011-02-06,1043,3643,2930,2234,1753
2011-02-07,1045,3698,2940,2275,1791
2011-02-08,1064,3786,2940,2321,1826
2011-02-09,1092,3746,3035,2394,1838
2011-02-10,1136,3946,3107,2498,1961
2011-02-11,1178,4164,3353,2611,1986
2011-02-12,1178,4100,3246,2600,2036
2011-02-13,1178,4083,3320,2626,2012
2011-02-14,1206,4272,3375,2644,2076
2011-02-15,1236,4262,3512,2727,2109
2011-02-16,1271,4433,3527,2807,2174
2011-02-17,1292,4538,3620,2850,2211
2011-02-18,1301,4525,3575,2901,2235
2011-02-19,1301,4593,3565,2886,2211
2011-02-20,1301,4525,3667,2823,2194
2011-02-21,1301,4624,3571,2859,2210
2011-02-22,1279,4470,3572,2813,2161
2011-02-23,1253,4419,3549,2821,2118
2011-02-24,1242,4384,3507,2723,2144
2011-02-25,1245,4326,3459,2710,2129
2011-02-26,1245,4255,3422,2752,2128
2011-02-27,1245,4376,3506,2754,2138
2011-02-28,1251,4382,3556,2750,2139
2011-03-01,1262,4445,3507,2770,2183
2011-03-02,1281,4472,3555,2847,2136
2011-03-03,1317,4588,3667,2872,2219
2011-03-04,1346,4811,3792,2951,2274
2011-03-05,1346,4637,3818,2946,2261
2011-03-06,1346,4748,3719,2994,2290
2011-03-07,1382,4808,3810,3049,2353
2011-03-08,1424,4967,4081,3101,2460
2011-03-09,1472,5136,4115,3209,2520
2011-03-10,1538,5343,4317,3440,2604
2011-03-11,1562,5496,4346,3469,2665
2011-03-12,1562,5537,4393,3462,2619
2011-03-13,1562,5491,4412,3437,2658
2011-03-14,1559,5462,4377,3475,2652
2011-03-15,1548,5369,4404,3372,2614
2011-03-16,1538,5409,4293,3406,2611
2011-03-17,1533,5473,4282,3359,2592
2011-03-18,1531,5339,4296,3361,2584
2011-03-19,1531,5340,4305,3390,2616
2011-03-20,1531,5330,4296,3364,2623
2011-03-21,1531,5334,4235,3355,2613
2011-03-22,1543,5263,4333,3380,2614
2011-03-23,1565,5498,4367,3383,2647
2011-03-24,1583,5498,4409,3505,2683
2011-03-25,1585,5467,4439,3457,2690
2011-03-26,1585,5585,4400,3543,2677
2011-03-27,1585,5493,4393,3478,2716
2011-03-28,1585,5531,4333,3526,2690
2011-03-29,1585,5621,4508,3433,2710
2011-03-30,1545,5337,4348,3421,2599
2011-03-31,1530,5278,4279,3396,2587
2011-04-01,1520,5333,4229,3383,2601
2011-04-02,1520,5377,4141,3298,2601
2011-04-03,1520,5241,4227,3323,2560
2011-04-04,1498,5263,4223,3313,2553
2011-04-05,1462,5146,4131,3221,2492
2011-04-06,1430,4902,4030,3155,2417
2011-04-07,1401,4943,3929,3071,2389
2011-04-08,1376,4860,3905,3074,2308
2011-04-09,1376,4800,3840,3105,2321
2011-04-10,1376,4879,3896,3030,2351
2011-04-11,1359,4813,3790,3003,2311
2011-04-12,1342,4702,3722,2954,2283
2011-04-13,1324,4611,3667,2951,2247
2011-04-14,1309,4533,3623,2905,2236
2011-04-15,1296,4534,3655,2819,2215
2011-04-16,1296,4564,3599,2833,2219
2011-04-17,1296,4520,3587,2821,2206
2011-04-18,1284,4384,3624,2906,2175
2011-04-19,1271,4512,3572,2815,2150
2011-04-20,1262,4427,3572,2759,2124
2011-04-21,1254,4370,3532,2739,2124
2011-04-22,1254,4432,3481,2783,2120
2011-04-23,1254,4465,3514,2786,2164
2011-04-24,1254,4249,3516,2783,2111
2011-04-25,1254,4411,3474,2746,2153
2011-04-26,1250,4304,3456,2759,2120
2011-04-27,1259,4431,3498,2773,2136
2011-04-28,1269,4448,3635,2764,2165
2011-04-29,1269,4473,3537,2764,2129
2011-04-30,1269,4417,3603,2804,2141
2011-05-01,1269,4348,3534,2798,2132
2011-05-02,1269,4419,3589,2808,2150
2011-05-03,1292,4542,3654,2866,2178
2011-05-04,1302,4608,3684,2909,2240
2011-05-05,1314,4540,3695,2868,2222
2011-05-06,1340,4741,3807,2967,2230
2011-05-07,1340,4658,3767,2970,2271
2011-05-08,1340,4708,3821,2939,2294
2011-05-09,1348,4693,3710,2969,2324
2011-05-10,1344,4713,3777,2948,2280
2011-05-11,1334,4714,3747,2998,2257
2011-05-12,1320,4559,3659,2907,2244
2011-05-13,1306,4537,3680,2887,2229
2011-05-14,1306,4580,3597,2865,2198
2011-05-15,1306,4691,3631,2859,2215
2011-05-16,1291,4475,3535,2801,2194
2011-05-17,1274,4561,3630,2836,2167
2011-05-18,1271,4549,3550,2819,2158
2011-05-19,1329,4647,3808,2915,2241
2011-05-20,1349,4707,3809,2941,2300
2011-05-21,1349,4687,3795,2973,2292
2011-05-22,1349,4718,3754,2953,2292
2011-05-23,1369,4721,3791,3005,2306
2011-05-24,1398,4889,3935,3038,2389
2011-05-25,1446,5136,4046,3188,2439
2011-05-26,1467,5104,4054,3235,2526
2011-05-27,1474,5147,4067,3276,2482
2011-05-28,1474,5074,4089,3238,2521
2011-05-29,1474,5178,4200,3233,2468
2011-05-30,1474,5172,4216,3196,2461
2011-05-31,1480,5183,4152,3289,2505
2011-06-01,1485,5187,4164,3294,2479
2011-06-02,1489,5197,4156,3277,2546
2011-06-03,1489,5237,4132,3236,2531
2011-06-04,1489,5210,4224,3239,2559
2011-06-05,1489,5227,4244,3259,2528
2011-06-06,1484,5205,4119,3294,2528
2011-06-07,1456,5152,4073,3212,2470
2011-06-08,1434,5053,3997,3110,2420
2011-06-09,1428,5008,3982,3154,2419
2011-06-10,1418,5039,4018,3094,2387
2011-06-11,1418,4984,3918,3104,2418
2011-06-12,1418,5028,3989,3149,2404
2011-06-13,1412,4972,3983,3129,2398
2011-06-14,1400,4808,3914,3113,2436
2011-06-15,1405,4983,3970,3090,2380
2011-06-16,1424,4991,3993,3159,2427
2011-06-17,1423,4978,4033,3113,2418
2011-06-18,1423,4995,3924,3123,2442
2011-06-19,1423,4963,3970,3121,2424
2011-06-20,1418,4974,3968,3120,2405
2011-06-21,1409,4902,3838,3061,2441
2011-06-22,1406,4985,3893,3086,2373
2011-06-23,1414,4943,3927,3154,2400
2011-06-24,1424,4965,4025,3100,2439
2011-06-25,1424,4938,3959,3093,2404
2011-06-26,1424,4997,3954,3095,2436
2011-06-27,1442,5056,4070,3252,2442
2011-06-28,1438,5052,3962,3178,2465
2011-06-29,1420,4919,3893,3116,2434
2011-06-30,1413,4865,3942,3111,2400
2011-07-01,1422,5008,3924,3135,2397
2011-07-02,1422,5051,3925,3109,2410
2011-07-03,1422,4926,4005,3113,2417
2011-07-04,1419,5046,4008,3117,2430
2011-07-05,1428,5012,4030,3120,2434
2011-07-06,1443,5050,4085,3163,2464
2011-07-07,1453,5066,4118,3207,2477
2011-07-08,1449,5002,3972,3158,2480
2011-07-09,1449,5121,4075,3266,2459
2011-07-10,1449,5033,4036,3210,2467
2011-07-11,1437,4991,3994,3123,2443
2011-07-12,1411,4988,3973,3030,2390
2011-07-13,1383,4746,3803,3022,2371
2011-07-14,1367,4708,3758,3028,2344
2011-07-15,1353,4735,3814,2991,2324
2011-07-16,1353,4750,3808,2973,2285
2011-07-17,1353,4760,3794,2959,2307
2011-07-18,1340,4675,3717,2921,2300
2011-07-19,1330,4782,3754,2914,2291
2011-07-20,1328,4637,3746,2891,2227
2011-07-21,1325,4626,3713,2903,2252
2011-07-22,1323,4591,3657,2951,2245
2011-07-23,1323,4637,3687,2887,2281
2011-07-24,1323,4661,3738,2929,2205
2011-07-25,1317,4670,3741,2920,2218
2011-07-26,1310,4511,3655,2850,2256
2011-07-27,1296,4524,3619,2826,2194
2011-07-28,1278,4495,3572,2844,2147
2011-07-29,1264,4453,3550,2753,2179
2011-07-30,1264,4424,3516,2779,2120
2011-07-31,1264,4451,3423,2842,2169
2011-08-01,1256,4356,3565,2793,2104
2011-08-02,1253,4463,3580,2759,2101
2011-08-03,1260,4460,3504,2797,2146
2011-08-04,1268,4371,3508,2788,2139
2011-08-05,1268,4384,3545,2820,2161
2011-08-06,1268,4386,3543,2728,2192
2011-08-07,1268,4472,3590,2785,2152
2011-08-08,1264,4360,3541,2718,2181
2011-08-09,1257,4383,3488,2770,2143
2011-08-10,1265,4450,3489,2776,2170
2011-08-11,1277,4466,3610,2850,2124
2011-08-12,1287,4517,3628,2853,2201
2011-08-13,1287,4451,3646,2816,2198
2011-08-14,1287,4534,3565,2819,2181
2011-08-15,1306,4540,3730,2885,2258
2011-08-16,1344,4688,3693,2940,2275
2011-08-17,1371,4810,3867,3015,2299
2011-08-18,1462,5122,4017,3256,2501
2011-08-19,1462,5118,4062,3192,2457
2011-08-20,1462,5079,4156,3203,2487
2011-08-21,1462,5102,4127,3207,2512
2011-08-22,1515,5303,4220,3428,2585
2011-08-23,1565,5409,4361,3461,2656
2011-08-24,1602,5584,4490,3558,2716
2011-08-25,1582,5556,4450,3503,2715
2011-08-26,1541,5330,4365,3415,2595
2011-08-27,1541,5451,4297,3404,2635
2011-08-28,1541,5457,4250,3401,2664
2011-08-29,1541,5331,4321,3347,2631
2011-08-30,1537,5447,4285,3392,2608
2011-08-31,1619,5659,4481,3559,2749
2011-09-01,1682,5908,4722,3717,2850
2011-09-02,1740,6065,4863,3826,2945
2011-09-03,1740,6136,4884,3851,2960
2011-09-04,1740,6110,4836,3856,2972
2011-09-05,1750,6084,4919,3763,3007
2011-09-06,1767,6126,4895,3874,2965
2011-09-07,1744,6031,4850,3781,2916
2011-09-08,1838,6442,5137,4051,3157
2011-09-09,1838,6462,5216,4035,3126
2011-09-10,1838,6466,5178,4084,3127
2011-09-11,1838,6427,5189,4050,3135
2011-09-12,1876,6508,5309,4113,3185
2011-09-13,1901,6619,5467,4210,3271
2011-09-14,1927,6802,5397,4230,3286
2011-09-15,1907,6650,5396,4180,3233
2011-09-16,1814,6356,5120,4003,3077
2011-09-17,1814,6295,5119,4039,3081
2011-09-18,1814,6366,5150,4016,3068
2011-09-19,1764,6151,4922,3898,3033
2011-09-20,1795,6335,5006,4032,3054
2011-09-21,1811,6377,5084,3962,3055
2011-09-22,1884,6569,5268,4122,3211
2011-09-23,1920,6714,5389,4228,3293
2011-09-24,1920,6692,5439,4269,3285
2011-09-25,1920,6649,5357,4196,3249
2011-09-26,1928,6705,5386,4294,3255
2011-09-27,1927,6754,5403,4196,3304
2011-09-28,1920,6736,5367,4220,3232
2011-09-29,1913,6703,5280,4214,3260
2011-09-30,1899,6631,5294,4151,3217
2011-10-01,1899,6693,5345,4159,3255
2011-10-02,1899,6650,5375,4202,3207
2011-10-03,1886,6636,5235,4192,3190
2011-10-04,1885,6509,5232,4084,3217
2011-10-05,1908,6482,5344,4203,3260
2011-10-06,1967,6899,5425,4324,3371
2011-10-07,2000,6929,5582,4403,3409
2011-10-08,2000,6989,5531,4390,3407
2011-10-09,2000,6985,5655,4361,3421
2011-10-10,2032,7191,5659,4517,3427
2011-10-11,2106,7391,5963,4668,3563
2011-10-12,2106,7379,5941,4630,3554
2011-10-13,2155,7584,6008,4726,3610
2011-10-14,2173,7624,6042,4762,3711
2011-10-15,2173,7583,6077,4703,3723
2011-10-16,2173,7659,6080,4791,3705
2011-10-17,2160,7505,6062,4775,3680
2011-10-18,2136,7492,5950,4703,3633
2011-10-19,2140,7413,6022,4705,3639
2011-10-20,2161,7574,6061,4758,3708
2011-10-21,2153,7545,6015,4711,3691
2011-10-22,2153,7619,6000,4722,3648
2011-10-23,2153,7457,6021,4732,3682
2011-10-24,2153,7505,5996,4758,3685
2011-10-25,2161,7605,6053,4796,3687
2011-10-26,2145,7524,6009,4712,3654
2011-10-27,2091,7328,5865,4569,3562
2011-10-28,2018,7015,5721,4441,3401
2011-10-29,2018,7033,5645,4500,3399
2011-10-30,2018,7125,5691,4411,3446
2011-10-31,1965,6875,5511,4350,3318
2011-11-01,1912,6711,5344,4246,3223
2011-11-02,1859,6501,5200,4079,3119
2011-11-03,1817,6300,5085,3976,3079
2011-11-04,1784,6291,5006,3942,3040
2011-11-05,1784,6269,4957,3935,3042
2011-11-06,1784,6359,4937,3946,3050
2011-11-07,1766,6130,4971,3947,2994
2011-11-08,1759,6198,4961,3875,2992
2011-11-09,1802,6241,5075,3929,3080
2011-11-10,1840,6448,5158,4050,3137
2011-11-11,1835,6471,5169,4044,3108
2011-11-12,1835,6319,5167,4075,3125
2011-11-13,1835,6412,5170,4031,3080
2011-11-14,1818,6335,5056,3987,3091
2011-11-15,1846,6426,5125,4020,3126
2011-11-16,1884,6613,5260,4161,3233
2011-11-17,1898,6699,5314,4276,3207
2011-11-18,1895,6626,5296,4162,3224
2011-11-19,1895,6643,5231,4183,3213
2011-11-20,1895,6638,5375,4153,3210
2011-11-21,1874,6559,5236,4084,3193
2011-11-22,1854,6435,5198,4092,3143
2011-11-23,1830,6460,5174,4027,3148
2011-11-24,1814,6364,4985,3919,3044
2011-11-25,1807,6344,5039,4024,3085
2011-11-26,1807,6284,5044,3988,3070
2011-11-27,1807,6302,5046,3978,3071
2011-11-28,1809,6323,5058,3967,3081
2011-11-29,1828,6321,5176,4034,3128
2011-11-30,1846,6377,5196,4075,3144
2011-12-01,1862,6487,5252,4108,3185
2011-12-02,1866,6557,5227,4137,3173
2011-12-03,1866,6498,5169,4144,3152
2011-12-04,1866,6480,5142,4165,3170
2011-12-05,1856,6455,5136,4058,3178
2011-12-06,1848,6445,5189,4048,3133
2011-12-07,1849,6454,5178,4079,3122
2011-12-08,1882,6695,5261,4117,3212
2011-12-09,1922,6780,5367,4210,3274
2011-12-10,1922,6778,5462,4243,3252
2011-12-11,1922,6785,5349,4255,3263
2011-12-12,1930,6705,5441,4284,3277
2011-12-13,1922,6666,5382,4223,3268
2011-12-14,1912,6637,5351,4220,3263
2011-12-15,1899,6713,5364,4185,3220
2011-12-16,1888,6581,5345,4154,3224
2011-12-17,1888,6545,5277,4129,3199
2011-12-18,1888,6586,5318,4125,3243
2011-12-19,1885,6586,5293,4167,3238
2011-12-20,1878,6586,5259,4107,3175
2011-12-21,1856,6509,5205,4030,3131
2011-12-22,1787,6213,4976,3930,3057
2011-12-23,1738,6117,4854,3867,2960
2011-12-24,1738,6051,4843,3740,2966
2011-12-25,1738,6075,4902,3815,2942
2011-12-26,1738,6117,4863,3844,2952
2011-12-27,1738,6051,4814,3769,2948
2011-12-28,1738,6055,4837,3817,2961
2011-12-29,1738,6113,4738,3789,2930
2011-12-30,1738,6040,4847,3793,2953
2011-12-31,1738,6064,4868,3812,2929
2012-01-01,1738,6111,4861,3790,2944
2012-01-02,1738,6186,4946,3787,2953
2012-01-03,1624,5714,4570,3571,2771
2012-01-04,1552,5456,4367,3481,2650
2012-01-05,1426,5018,3927,3160,2439
2012-01-06,1347,4661,3757,2994,2260
2012-01-07,1347,4720,3752,2987,2315
2012-01-08,1347,4713,3740,2942,2277
2012-01-09,1308,4594,3630,2887,2212
2012-01-10,1258,4409,3450,2801,2144
2012-01-11,1193,4194,3289,2649,2021
2012-01-12,1105,3852,3129,2437,1886
2012-01-13,1053,3688,2943,2332,1801
2012-01-14,1053,3624,2928,2390,1775
2012-01-15,1053,3670,2948,2342,1786
2012-01-16,1013,3615,2883,2219,1719
2012-01-17,974,3425,2727,2141,1675
2012-01-18,926,3240,2614,2006,1565
2012-01-19,893,3220,2467,2035,1508
2012-01-20,862,2949,2389,1945,1445
2012-01-21,862,2962,2428,1899,1447
2012-01-22,862,3103,2489,1962,1438
2012-01-23,841,2946,2412,1869,1416
2012-01-24,807,2812,2283,1762,1404
2012-01-25,784,2684,2201,1752,1347
2012-01-26,784,2766,2251,1737,1358
2012-01-27,784,2771,2227,1750,1314
2012-01-28,784,2689,2103,1684,1294
2012-01-29,784,2737,2153,1700,1339
2012-01-30,784,2727,2209,1769,1370
2012-01-31,680,2393,1833,1547,1146
2012-02-01,662,2261,1818,1499,1127
2012-02-02,651,2341,1795,1499,1075
2012-02-03,651,2324,1813,1450,1107
2012-02-04,651,2260,1811,1447,1104
2012-02-05,651,2268,1811,1405,1065
2012-02-06,651,2272,1856,1415,1086
2012-02-07,660,2271,1837,1392,1100
2012-02-08,676,2344,1877,1478,1118
2012-02-09,695,2419,1892,1467,1167
2012-02-10,715,2583,2043,1605,1226
2012-02-11,715,2550,1975,1585,1203
2012-02-12,715,2549,1959,1512,1238
2012-02-13,729,2570,2050,1598,1232
2012-02-14,734,2513,2025,1674,1254
2012-02-15,731,2556,2026,1604,1253
2012-02-16,723,2579,2035,1561,1260
2012-02-17,717,2447,1995,1524,1205
2012-02-18,717,2541,2100,1525,1228
2012-02-19,717,2626,2005,1593,1200
2012-02-20,717,2563,2032,1564,1253
2012-02-21,706,2542,1899,1543,1179
2012-02-22,704,2475,1937,1536,1204
2012-02-23,706,2519,1933,1549,1231
2012-02-24,714,2463,1961,1534,1190
2012-02-25,714,2539,2016,1580,1226
2012-02-26,714,2532,2041,1528,1194
2012-02-27,714,2513,2013,1548,1260
2012-02-28,738,2649,2057,1654,1217
2012-02-29,738,2556,2041,1635,1224
2012-03-01,763,2661,2181,1699,1275
2012-03-02,771,2703,2242,1761,1289
2012-03-03,771,2647,2164,1694,1321
2012-03-04,771,2710,2196,1697,1347
2012-03-05,771,2613,2173,1688,1334
2012-03-06,771,2751,2189,1683,1315
2012-03-07,798,2795,2188,1725,1357
2012-03-08,812,2816,2254,1789,1368
2012-03-09,824,2842,2323,1823,1409
2012-03-10,824,2872,2356,1825,1397
2012-03-11,824,2918,2274,1815,1405
2012-03-12,837,2957,2262,1869,1408
2012-03-13,844,2919,2343,1858,1411
2012-03-14,855,2950,2434,1869,1454
2012-03-15,866,3064,2361,1877,1472
2012-03-16,874,3023,2400,1876,1474
2012-03-17,874,3062,2453,1967,1470
2012-03-18,874,3065,2443,1902,1497
2012-03-19,879,3092,2485,1906,1503
2012-03-20,879,3119,2412,1921,1532
2012-03-21,896,3073,2496,1963,1551
2012-03-22,902,3061,2573,2034,1510
2012-03-23,908,3150,2495,1988,1540
2012-03-24,908,3268,2601,2077,1516
2012-03-25,908,3279,2500,2000,1507
2012-03-26,912,3284,2588,2068,1594
2012-03-27,917,3200,2553,2044,1589
2012-03-28,922,3138,2536,2039,1555
2012-03-29,930,3138,2584,2093,1606
2012-03-30,934,3238,2637,2088,1616
2012-03-31,934,3259,2615,2074,1549
2012-04-01,934,3334,2660,2124,1605
2012-04-02,934,3312,2673,2040,1578
2012-04-03,931,3270,2559,2018,1590
2012-04-04,926,3197,2543,2017,1634
2012-04-05,928,3200,2546,2094,1609
2012-04-06,928,3261,2562,2085,1575
2012-04-07,928,3283,2643,2026,1606
2012-04-08,928,3268,2621,1971,1539
2012-04-09,928,3196,2577,2035,1588
2012-04-10,928,3281,2598,2011,1588
2012-04-11,944,3325,2699,2062,1619
2012-04-12,944,3250,2720,2045,1595
2012-04-13,972,3363,2732,2090,1660
2012-04-14,972,3436,2615,2195,1670
2012-04-15,972,3390,2733,2118,1606
2012-04-16,975,3492,2767,2187,1651
2012-04-17,989,3487,2778,2169,1663
2012-04-18,1006,3497,2846,2179,1723
2012-04-19,1028,3597,2893,2277,1775
2012-04-20,1067,3738,2938,2336,1802
2012-04-21,1067,3698,2952,2341,1792
2012-04-22,1067,3689,2975,2352,1816
2012-04-23,1090,3850,3095,2374,1830
2012-04-24,1116,3948,3094,2407,1893
2012-04-25,1137,4010,3202,2500,1926
2012-04-26,1148,4094,3227,2555,1963
2012-04-27,1156,4019,3300,2516,1972
2012-04-28,1156,4130,3235,2548,1968
2012-04-29,1156,4001,3167,2588,1998
2012-04-30,1155,3992,3260,2538,1969
2012-05-01,1152,3944,3311,2537,1950
2012-05-02,1149,3999,3246,2529,1947
2012-05-03,1157,4024,3208,2525,1952
2012-05-04,1157,4076,3196,2516,1947
2012-05-05,1157,4062,3201,2516,1939
2012-05-06,1157,3990,3320,2556,1990
2012-05-07,1157,4030,3227,2568,1953
2012-05-08,1165,4059,3235,2587,1987
2012-05-09,1156,3957,3230,2532,1959
2012-05-10,1146,3962,3196,2554,1948
2012-05-11,1138,3944,3249,2513,1958
2012-05-12,1138,4055,3146,2506,1938
2012-05-13,1138,3993,3234,2403,1916
2012-05-14,1132,3995,3174,2466,1913
2012-05-15,1130,3880,3212,2440,1938
2012-05-16,1137,4039,3247,2520,1943
2012-05-17,1137,4045,3187,2504,1951
2012-05-18,1141,3894,3182,2478,1935
2012-05-19,1141,3958,3197,2519,1912
2012-05-20,1141,4018,3191,2467,1950
2012-05-21,1141,4026,3129,2479,1945
2012-05-22,1127,3911,3218,2458,1921
2012-05-23,1100,3835,3090,2436,1842
2012-05-24,1100,3820,3033,2462,1857
2012-05-25,1034,3625,2812,2257,1739
2012-05-26,1034,3679,2802,2314,1766
2012-05-27,1034,3580,2926,2276,1766
2012-05-28,1012,3592,2809,2233,1720
2012-05-29,986,3412,2743,2167,1696
2012-05-30,950,3283,2680,2084,1645
2012-05-31,923,3271,2564,2044,1576
2012-06-01,904,3210,2553,2011,1550
2012-06-02,904,3207,2535,1962,1526
2012-06-03,904,3098,2528,1983,1522
2012-06-04,904,3141,2468,2039,1557
2012-06-05,904,3205,2498,1994,1519
2012-06-06,878,3075,2483,1940,1507
2012-06-07,872,2998,2414,1953,1517
2012-06-08,877,3092,2504,1914,1504
2012-06-09,877,3034,2549,1928,1489
2012-06-10,877,3159,2482,1954,1464
2012-06-11,884,3171,2535,1982,1506
2012-06-12,893,3156,2529,1894,1538
2012-06-13,902,3225,2504,1962,1530
2012-06-14,912,3195,2562,1976,1571
2012-06-15,924,3272,2668,2029,1578
2012-06-16,924,3308,2566,2005,1577
2012-06-17,924,3246,2546,2053,1564
2012-06-18,938,3270,2581,2069,1565
2012-06-19,954,3254,2662,2125,1613
2012-06-20,972,3398,2681,2167,1644
2012-06-21,978,3464,2805,2172,1674
2012-06-22,978,3470,2747,2142,1662
2012-06-23,978,3448,2777,2155,1684
2012-06-24,978,3396,2726,2138,1668
2012-06-25,978,3324,2693,2111,1653
2012-06-26,981,3409,2694,2187,1651
2012-06-27,988,3443,2730,2171,1668
2012-06-28,988,3442,2780,2129,1683
2012-06-29,1004,3545,2832,2225,1699
2012-06-30,1004,3613,2835,2202,1685
2012-07-01,1004,3520,2752,2147,1727
2012-07-02,1013,3535,2836,2187,1725
2012-07-03,1063,3708,2935,2318,1813
2012-07-04,1103,3867,3104,2433,1859
2012-07-05,1138,3942,3206,2527,1914
2012-07-06,1157,4056,3193,2568,1964
2012-07-07,1157,4072,3278,2563,1926
2012-07-08,1157,4060,3333,2544,1982
2012-07-09,1162,4090,3287,2608,1961
2012-07-10,1160,4082,3241,2573,1967
2012-07-11,1146,3922,3196,2528,1957
2012-07-12,1121,3955,3130,2483,1901
2012-07-13,1110,3851,3078,2430,1864
2012-07-14,1110,3830,3118,2440,1917
2012-07-15,1110,3830,3062,2380,1856
2012-07-16,1102,3879,3010,2413,1829
2012-07-17,1093,3814,3069,2457,1876
2012-07-18,1093,3741,3061,2409,1829
2012-07-19,1053,3709,2926,2320,1815
2012-07-20,1037,3558,2852,2311,1770
2012-07-21,1037,3636,2915,2292,1769
2012-07-22,1037,3641,2864,2258,1752
2012-07-23,1022,3621,2856,2249,1721
2012-07-24,1003,3600,2879,2173,1698
2012-07-25,982,3369,2776,2166,1652
2012-07-26,958,3350,2628,2082,1653
2012-07-27,933,3252,2561,2080,1571
2012-07-28,933,3287,2618,2037,1596
2012-07-29,933,3276,2557,2028,1606
2012-07-30,915,3185,2482,2010,1538
2012-07-31,897,3117,2533,1984,1532
2012-08-01,878,3017,2471,1895,1475
2012-08-02,861,3063,2429,1879,1460
2012-08-03,852,3005,2396,1878,1439
2012-08-04,852,3028,2383,1915,1434
2012-08-05,852,2966,2359,1799,1452
2012-08-06,843,2918,2381,1873,1409
2012-08-07,836,2872,2402,1828,1440
2012-08-08,812,2860,2254,1772,1359
2012-08-09,790,2713,2171,1718,1318
2012-08-10,774,2801,2122,1692,1311
2012-08-11,774,2644,2133,1721,1308
2012-08-12,774,2723,2175,1687,1323
2012-08-13,764,2752,2054,1731,1300
2012-08-14,750,2655,2118,1669,1242
2012-08-15,728,2557,2064,1608,1257
2012-08-16,720,2472,1944,1579,1218
2012-08-17,714,2430,1960,1606,1219
2012-08-18,714,2538,2002,1611,1258
2012-08-19,714,2574,1993,1536,1240
2012-08-20,711,2467,2012,1543,1213
2012-08-21,709,2425,1980,1579,1178
2012-08-22,712,2369,2044,1595,1183
2012-08-23,715,2453,1989,1564,1239
2012-08-24,717,2504,1968,1555,1211
2012-08-25,717,2589,1965,1580,1216
2012-08-26,717,2543,2037,1622,1196
2012-08-27,717,2525,2009,1579,1228
2012-08-28,724,2514,2053,1555,1254
2012-08-29,718,2484,2035,1583,1251
2012-08-30,707,2545,1899,1579,1193
2012-08-31,703,2471,1923,1544,1208
2012-09-01,703,2355,1928,1584,1193
2012-09-02,703,2427,1936,1573,1213
2012-09-03,698,2400,1938,1534,1187
2012-09-04,693,2398,1980,1526,1162
2012-09-05,684,2422,1963,1450,1189
2012-09-06,675,2357,1878,1521,1149
2012-09-07,669,2338,1863,1462,1130
2012-09-08,669,2407,1845,1460,1141
2012-09-09,669,2307,1877,1455,1123
2012-09-10,666,2424,1873,1479,1141
2012-09-11,662,2283,1886,1423,1121
2012-09-12,662,2321,1886,1427,1110
2012-09-13,662,2303,1762,1455,1173
2012-09-14,662,2323,1847,1438,1105
2012-09-15,662,2339,1909,1466,1132
2012-09-16,662,2339,1836,1439,1127
2012-09-17,663,2283,1902,1506,1107
2012-09-18,697,2383,1939,1554,1178
2012-09-19,722,2652,2029,1609,1201
2012-09-20,755,2618,2069,1643,1325
2012-09-21,774,2744,2123,1775,1310
2012-09-22,774,2629,2196,1690,1312
2012-09-23,774,2695,2202,1681,1355
2012-09-24,772,2696,2163,1720,1296
2012-09-25,763,2694,2087,1684,1323
2012-09-26,752,2496,2107,1630,1290
2012-09-27,744,2612,2133,1703,1225
2012-09-28,766,2624,2215,1714,1295
2012-09-29,766,2697,2132,1685,1311
2012-09-30,766,2629,2078,1757,1303
2012-10-01,777,2677,2209,1734,1322
2012-10-02,778,2709,2167,1711,1310
2012-10-03,798,2740,2272,1824,1342
2012-10-04,845,2934,2377,1879,1430
2012-10-05,875,3003,2415,1943,1527
2012-10-06,875,2971,2452,1913,1469
2012-10-07,875,3113,2502,1926,1478
2012-10-08,883,3026,2466,1930,1502
2012-10-09,875,3054,2409,1968,1458
2012-10-10,875,3100,2386,1877,1496
2012-10-11,903,3130,2498,2028,1509
2012-10-12,926,3200,2576,2011,1552
2012-10-13,926,3252,2626,2035,1551
2012-10-14,926,3297,2548,2028,1541
2012-10-15,941,3235,2697,2055,1625
2012-10-16,981,3426,2693,2179,1678
2012-10-17,999,3410,2890,2198,1717
2012-10-18,989,3442,2838,2156,1698
2012-10-19,1010,3537,2834,2227,1714
2012-10-20,1010,3492,2762,2201,1716
2012-10-21,1010,3512,2826,2206,1737
2012-10-22,1037,3559,2888,2236,1796
2012-10-23,1109,3885,3054,2426,1860
2012-10-24,1088,3861,3058,2408,1900
2012-10-25,1051,3624,2910,2313,1760
2012-10-26,1049,3640,2909,2362,1774
2012-10-27,1049,3697,2929,2386,1785
2012-10-28,1049,3732,2914,2294,1787
2012-10-29,1048,3593,3018,2281,1821
2012-10-30,1043,3642,2899,2328,1793
2012-10-31,1026,3605,2890,2267,1752
2012-11-01,1000,3495,2806,2234,1721
2012-11-02,986,3327,2775,2181,1683
2012-11-03,986,3476,2778,2163,1663
2012-11-04,986,3527,2796,2164,1686
2012-11-05,971,3404,2729,2149,1652
2012-11-06,947,3263,2661,2077,1593
2012-11-07,916,3180,2567,2052,1582
2012-11-08,916,3294,2559,1976,1556
2012-11-09,940,3335,2596,2104,1576
2012-11-10,940,3322,2630,2012,1579
2012-11-11,940,3308,2642,2072,1609
2012-11-12,965,3344,2718,2113,1661
2012-11-13,985,3437,2765,2122,1684
2012-11-14,1011,3535,2821,2162,1728
2012-11-15,1024,3611,2865,2220,1725
2012-11-16,1036,3701,2879,2281,1763
2012-11-17,1036,3682,2913,2261,1755
2012-11-18,1036,3555,2892,2248,1757
2012-11-19,1054,3700,2958,2359,1790
2012-11-20,1066,3768,3025,2308,1799
2012-11-21,1073,3786,2976,2381,1839
2012-11-22,1084,3763,3059,2358,1823
2012-11-23,1090,3961,3053,2364,1827
2012-11-24,1090,3751,3133,2380,1837
2012-11-25,1090,3761,3043,2417,1871
2012-11-26,1094,3841,3091,2366,1867
2012-11-27,1097,3945,3072,2422,1829
2012-11-28,1097,3798,3016,2385,1877
2012-11-29,1097,3826,3051,2390,1864
2012-11-30,1086,3855,3076,2401,1838
2012-12-01,1086,3800,3023,2454,1841
2012-12-02,1086,3784,2952,2362,1820
2012-12-03,1077,3798,3014,2391,1834
2012-12-04,1054,3703,2908,2309,1766
2012-12-05,1022,3629,2867,2234,1730
2012-12-06,990,3530,2834,2210,1676
2012-12-07,966,3396,2736,2100,1658
2012-12-08,966,3396,2766,2091,1643
2012-12-09,966,3392,2682,2139,1656
2012-12-10,937,3304,2618,2109,1569
2012-12-11,900,3153,2478,2002,1528
2012-12-12,826,2891,2285,1775,1415
2012-12-13,799,2856,2200,1739,1383
2012-12-14,799,2872,2185,1787,1336
2012-12-15,799,2721,2292,1805,1341
2012-12-16,799,2797,2154,1765,1368
2012-12-17,766,2647,2200,1668,1334
2012-12-18,743,2585,2130,1684,1269
2012-12-19,720,2540,2036,1582,1202
2012-12-20,708,2511,1938,1539,1182
2012-12-21,708,2472,1919,1534,1206
2012-12-22,708,2382,1960,1522,1211
2012-12-23,708,2430,2007,1643,1199
2012-12-24,699,2491,1957,1580,1167
2012-12-25,699,2309,1915,1518,1210
2012-12-26,699,2506,2003,1590,1181
2012-12-27,699,2473,2025,1554,1199
2012-12-28,699,2512,1948,1552,1153
2012-12-29,699,2437,1962,1516,1212
2012-12-30,699,2343,1897,1522,1175
2012-12-31,699,2468,1941,1537,1215
2013-01-01,699,2510,1978,1479,1201
2013-01-02,698,2489,1969,1521,1158
2013-01-03,700,2417,1940,1540,1195
2013-01-04,700,2454,1949,1579,1223
2013-01-05,700,2423,1942,1522,1178
2013-01-06,700,2409,1949,1564,1223
2013-01-07,712,2540,2011,1505,1218
2013-01-08,734,2509,1976,1650,1275
2013-01-09,743,2556,2077,1608,1266
2013-01-10,751,2573,2117,1656,1274
2013-01-11,760,2585,2105,1684,1329
2013-01-12,760,2667,2109,1678,1306
2013-01-13,760,2718,2110,1669,1287
2013-01-14,762,2658,2114,1639,1304
2013-01-15,765,2602,2142,1656,1289
2013-01-16,781,2775,2192,1748,1330
2013-01-17,820,2954,2212,1786,1418
2013-01-18,837,2897,2370,1838,1420
2013-01-19,837,2906,2332,1797,1405
2013-01-20,837,2955,2421,1867,1404
2013-01-21,838,3014,2299,1804,1426
2013-01-22,825,2862,2275,1842,1386
2013-01-23,817,2793,2279,1766,1360
2013-01-24,808,2860,2279,1808,1350
2013-01-25,798,2833,2156,1756,1380
2013-01-26,798,2793,2201,1739,1354
2013-01-27,798,2765,2258,1804,1358
2013-01-28,792,2822,2180,1740,1327
2013-01-29,779,2753,2236,1703,1313
2013-01-30,767,2646,2129,1715,1292
2013-01-31,760,2662,2092,1628,1286
2013-02-01,750,2557,2124,1574,1242
2013-02-02,750,2659,2164,1685,1297
2013-02-03,750,2612,2117,1625,1275
2013-02-04,745,2586,2136,1665,1271
2013-02-05,739,2585,2136,1627,1275
2013-02-06,740,2592,2035,1593,1275
2013-02-07,749,2666,2135,1666,1262
2013-02-08,748,2648,2033,1633,1284
2013-02-09,748,2610,2111,1613,1283
2013-02-10,748,2656,2092,1614,1278
2013-02-11,746,2631,2139,1589,1289
2013-02-12,747,2593,2138,1655,1286
2013-02-13,751,2622,2126,1624,1291
2013-02-14,748,2611,2106,1645,1299
2013-02-15,753,2661,2129,1651,1281
2013-02-16,753,2617,2111,1628,1281
2013-02-17,753,2616,2106,1611,1296
2013-02-18,747,2713,2149,1719,1266
2013-02-19,738,2630,2129,1622,1264
2013-02-20,735,2534,2052,1672,1238
2013-02-21,737,2608,2073,1656,1207
2013-02-22,740,2596,2075,1618,1270
2013-02-23,740,2610,2008,1633,1227
2013-02-24,740,2597,2059,1633,1244
2013-02-25,743,2660,2144,1690,1280
2013-02-26,741,2611,2045,1655,1276
2013-02-27,745,2604,2171,1615,1290
2013-02-28,757,2702,2166,1676,1247
2013-03-01,776,2728,2189,1731,1325
2013-03-02,776,2722,2195,1672,1314
2013-03-03,776,2732,2136,1722,1339
2013-03-04,789,2757,2199,1776,1371
2013-03-05,806,2821,2314,1747,1344
2013-03-06,820,2841,2271,1782,1394
2013-03-07,834,2881,2378,1870,1434
2013-03-08,843,2901,2305,1844,1426
2013-03-09,843,2881,2312,1825,1468
2013-03-10,843,2907,2436,1881,1425
2013-03-11,847,2956,2371,1881,1434
2013-03-12,865,3033,2400,1906,1449
2013-03-13,875,3049,2505,1959,1491
2013-03-14,880,2962,2514,1972,1436
2013-03-15,892,3201,2534,1960,1511
2013-03-16,892,3176,2475,2022,1542
2013-03-17,892,3144,2486,2010,1488
2013-03-18,899,3242,2530,1918,1496
2013-03-19,912,3143,2581,1975,1573
2013-03-20,923,3325,2564,1963,1594
2013-03-21,930,3207,2611,2036,1554
2013-03-22,933,3277,2623,2016,1621
2013-03-23,933,3202,2664,2028,1595
2013-03-24,933,3266,2643,2085,1607
2013-03-25,933,3285,2552,2000,1570
2013-03-26,931,3251,2598,2052,1612
2013-03-27,922,3263,2544,2032,1562
2013-03-28,910,3190,2571,2000,1541
2013-03-29,910,3159,2585,2006,1557
2013-03-30,910,3157,2552,1935,1539
2013-03-31,910,3226,2537,1978,1517
2013-04-01,910,3152,2551,2048,1550
2013-04-02,896,3182,2517,1935,1517
2013-04-03,877,3131,2430,1979,1476
2013-04-04,866,2948,2376,1863,1497
2013-04-05,861,3070,2329,1848,1512
2013-04-06,861,3117,2461,1866,1445
2013-04-07,861,3026,2431,1928,1468
2013-04-08,858,3033,2417,1871,1451
2013-04-09,856,3048,2447,1894,1501
2013-04-10,859,2993,2355,1892,1470
2013-04-11,865,3037,2353,1901,1489
2013-04-12,875,2997,2465,1963,1511
2013-04-13,875,3069,2462,1948,1490
2013-04-14,875,3087,2381,1891,1484
2013-04-15,876,3092,2467,1919,1520
2013-04-16,880,3133,2448,1988,1512
2013-04-17,885,3059,2446,1957,1488
2013-04-18,885,3071,2465,1902,1490
2013-04-19,888,3203,2389,1910,1502
2013-04-20,888,3100,2463,1980,1533
2013-04-21,888,3118,2458,1975,1539
2013-04-22,889,3108,2511,1928,1554
2013-04-23,885,3056,2472,1969,1490
2013-04-24,879,3158,2487,1982,1497
2013-04-25,872,3026,2340,1962,1474
2013-04-26,871,2992,2405,1964,1477
2013-04-27,871,3026,2461,1933,1499
2013-04-28,871,2948,2426,1911,1480
2013-04-29,868,3005,2464,1898,1502
2013-04-30,868,2990,2358,1909,1465
2013-05-01,862,3048,2443,1870,1480
2013-05-02,873,3022,2419,1910,1475
2013-05-03,878,3117,2429,1970,1456
2013-05-04,878,3143,2498,1883,1472
2013-05-05,878,3112,2505,1885,1495
2013-05-06,878,3062,2500,1957,1531
2013-05-07,889,3119,2571,1945,1502
2013-05-08,892,3046,2548,1905,1513
2013-05-09,889,3105,2457,1954,1521
2013-05-10,884,3051,2481,1939,1491
2013-05-11,884,3129,2461,1932,1493
2013-05-12,884,3223,2556,1965,1504
2013-05-13,879,3101,2505,1894,1486
2013-05-14,872,2952,2434,1919,1447
2013-05-15,861,2995,2446,1888,1451
2013-05-16,850,2981,2331,1871,1457
2013-05-17,841,2948,2365,1798,1443
2013-05-18,841,2907,2317,1835,1456
2013-05-19,841,2956,2287,1851,1455
2013-05-20,836,2864,2372,1855,1403
2013-05-21,830,2858,2360,1881,1396
2013-05-22,829,2934,2339,1848,1395
2013-05-23,828,2847,2311,1835,1405
2013-05-24,826,2918,2262,1855,1392
2013-05-25,826,2823,2266,1808,1401
2013-05-26,826,2979,2274,1864,1387
2013-05-27,826,2852,2303,1851,1420
2013-05-28,822,2866,2345,1795,1378
2013-05-29,818,2880,2333,1857,1371
2013-05-30,811,2810,2205,1798,1389
2013-05-31,809,2839,2237,1846,1390
2013-06-01,809,2860,2236,1789,1371
2013-06-02,809,2880,2164,1763,1393
2013-06-03,806,2861,2279,1750,1386
